#	start	end	image	text
1	0:00:00.0	0:00:01.5	intro-ship-lights-night	Close your eyes if you'd like.
2	0:00:02.9	0:00:05.4		Tonight, we are going to sea.
3	0:00:06.9	0:00:14.5		We are going back more than a hundred years, to the spring of 1912, and to the most famous ship that ever sailed.
4	0:00:17.0	0:00:18.4		She was called Titanic.
5	0:00:19.7	0:00:21.5		We know how her story ends.
6	0:00:22.9	0:00:26.3		But tonight, we are not here to be frightened.
7	0:00:27.8	0:00:36.5		We are here to walk slowly along her decks, to meet the people who travelled on her, and to listen quietly to the story of her only voyage.
8	0:00:39.1	0:00:41.1		You don't need to remember any of this.
9	0:00:42.5	0:00:45.7		You don't need to follow every name, or every date.
10	0:00:47.2	0:00:55.3		Just let the story move past you, the way a great ship moves past a quiet harbour at night, with all its lights glowing.
11	0:00:57.3	0:01:00.6		If you fall asleep before the end, that's alright.
12	0:01:02.2	0:01:05.1		The sea has kept this story for a very long time.
13	0:01:06.5	0:01:08.2		It can keep it a little longer.
14	0:01:10.1	0:01:14.0	belfast-shipyard-morning	Our story begins not at sea, but in a city by the water.
15	0:01:15.6	0:01:18.6		It begins in Belfast, in the north of Ireland.
16	0:01:20.1	0:01:29.7		In those years, Belfast was a busy, noisy, hard-working city, full of mills and factories and smoking chimneys.
17	0:01:31.9	0:01:36.3		It made linen, and rope, and tobacco.
18	0:01:37.9	0:01:40.8		And most of all, it made ships.
19	0:01:42.8	0:01:51.0		On the edge of the city, where the River Lagan flows out into a long, calm bay called Belfast Lough, there was a shipyard.
20	0:01:53.0	0:01:54.9		It was called Harland and Wolff.
21	0:01:56.3	0:02:02.6		It stood on a flat piece of land known as Queen's Island, and it was one of the largest shipyards in the world.
22	0:02:04.4	0:02:10.1		Every morning, long before sunrise, thousands of men walked through its gates.
23	0:02:11.9	0:02:18.2		They wore flat caps and heavy boots, and many carried a small tin box with their lunch inside.
24	0:02:20.0	0:02:23.9		The sound of their footsteps filled the dark streets like the sound of a river.
25	0:02:26.0	0:02:30.5		At the time of our story, around fifteen thousand people worked at the yard.
26	0:02:32.2	0:02:40.7		There were riveters and platers, carpenters and joiners, painters, electricians and boilermakers.
27	0:02:42.7	0:02:51.0		There were boys of fourteen, just starting out, who heated rivets in small glowing fires, and tossed them up to the men above.
28	0:02:53.1	0:03:00.3		And there were old men who had built ships all their lives, and who could tell a good piece of steel just by the sound it made.
29	0:03:02.7	0:03:04.4		The yard had its own rhythm.
30	0:03:05.8	0:03:11.3		In the morning, a loud horn sounded across the rooftops, calling everyone to work.
31	0:03:13.1	0:03:23.7		At midday, it sounded again, and the men sat down on piles of timber or in the shadow of the ships, to eat their bread and drink cold tea.
32	0:03:26.0	0:03:39.1		And in the evening, when the horn sounded for the last time, the great river of men flowed out through the gates again, and back into the narrow streets of red brick houses, where their families were waiting for them with supper.
33	0:03:41.6	0:03:44.4		On Sundays, the yard was silent.
34	0:03:45.9	0:03:49.5		The ships stood still in the grey light, waiting.
35	0:03:51.0	0:03:55.7		And the only sound was the wind, and the cry of the seagulls over the water.
36	0:03:57.9	0:04:03.6	white-star-offices-plans	In 1907, so the story goes, two men sat down to dinner together in London.
37	0:04:05.4	0:04:09.4		One was Lord Pirrie, the head of Harland and Wolff.
38	0:04:11.0	0:04:16.0		The other was Bruce Ismay, the head of a shipping company called the White Star Line.
39	0:04:17.7	0:04:23.2		White Star carried passengers across the Atlantic Ocean, between Britain and America.
40	0:04:24.9	0:04:30.8		Its great rival was another company, Cunard, which had just built two very fast ships.
41	0:04:32.6	0:04:35.0		Ismay did not want to build faster ships.
42	0:04:36.4	0:04:38.2		He wanted to build bigger ones.
43	0:04:39.6	0:04:43.7		Ships so large and so comfortable that people would choose them over any other.
44	0:04:45.8	0:04:49.0		And so, over dinner, a plan was made.
45	0:04:50.6	0:04:55.1		Harland and Wolff would build three enormous sister ships for the White Star Line.
46	0:04:56.7	0:04:58.7		The first would be called Olympic.
47	0:05:00.1	0:05:02.0		The second would be called Titanic.
48	0:05:03.4	0:05:07.6		And the third, which came later, would be called Britannic.
49	0:05:09.7	0:05:13.0		The man who helped to design them was called Thomas Andrews.
50	0:05:14.5	0:05:21.4		He was Lord Pirrie's nephew, and he had started at the yard as a young apprentice, at the age of sixteen.
51	0:05:23.3	0:05:28.2		He had worked in every part of it, from the joiners' shop to the drawing office.
52	0:05:29.9	0:05:31.0		The workers liked him.
53	0:05:32.3	0:05:42.1		He knew many of them by name, and he often walked around the yard in an old bowler hat, with plans rolled up under his arm, and his pockets full of notes.
54	0:05:44.3	0:05:47.2		People said that he knew every rivet in his ships.
55	0:05:49.2	0:05:53.4	arrol-gantry-hull	The ships were so large that no slipway in the world was big enough to build them.
56	0:05:55.0	0:05:56.5		So the yard made new ones.
57	0:05:57.9	0:06:03.2		Above them, it built a huge steel frame called the Arrol Gantry.
58	0:06:04.9	0:06:12.7		It stood more than sixty metres high, and from far across the bay it looked like a giant cage of iron lace against the sky.
59	0:06:14.7	0:06:19.6		Inside it, side by side, the two sisters began to grow.
60	0:06:21.8	0:06:25.4		The keel of Titanic was laid in the spring of 1909.
61	0:06:26.9	0:06:34.9		A keel is the long spine along the bottom of a ship, and everything else is built up from it, like the ribs of a great whale.
62	0:06:36.9	0:06:42.5		Slowly, month after month, the steel frames rose up from the keel.
63	0:06:44.3	0:06:48.2		Then came the steel plates, fixed to the frames with rivets.
64	0:06:49.8	0:06:52.4		There were around three million rivets in the ship.
65	0:06:53.8	0:07:01.5		Many of them were hammered in by hand, by teams of men working high up on wooden scaffolding, in wind and in rain.
66	0:07:04.0	0:07:06.7		The work was hard, and the days were long.
67	0:07:08.2	0:07:10.2		But there was pride in it, too.
68	0:07:11.6	0:07:15.1		The men knew they were building something that had never been built before.
69	0:07:16.6	0:07:21.4		When Titanic was finished, she would be almost two hundred and seventy metres long.
70	0:07:23.1	0:07:28.4		If you stood her on her end, she would be taller than any building in the world at that time.
71	0:07:30.6	0:07:35.6		Her older sister, Olympic, was always a few months ahead.
72	0:07:37.3	0:07:43.4		She was launched first, in the autumn of 1910, and then towed away to be finished.
73	0:07:45.2	0:07:52.9		For a while, Titanic stood alone under the great gantry, growing taller and more complete, week by week.
74	0:07:54.8	0:08:00.0		From the streets of Belfast, people could see her dark hull rising above the rooftops.
75	0:08:01.7	0:08:09.4		Children would stop on their way home from school, and point at her, and try to count the rows of portholes along her sides.
76	0:08:11.4	0:08:16.0		Families would walk down to the water on a Sunday afternoon, just to look at her.
77	0:08:17.7	0:08:20.1		Everyone in the city knew someone who worked on her.
78	0:08:21.5	0:08:26.5		A father, an uncle, a brother, a neighbour.
79	0:08:28.2	0:08:31.2		In a way, she belonged to all of them.
80	0:08:33.2	0:08:39.1	titanic-launch-crowd	On the last day of May, in 1911, the hull of Titanic was ready to be launched.
81	0:08:40.9	0:08:43.8		The engines and the rooms were not yet inside her.
82	0:08:45.3	0:08:51.8		She was only an empty shell of steel, painted in a pale grey, so that she would look good in the photographs.
83	0:08:53.6	0:08:55.8		But she was already enormous.
84	0:08:57.8	0:09:00.2		Around a hundred thousand people came to watch.
85	0:09:01.7	0:09:07.8		They stood along the riverbanks and on the rooftops, and they sat in small boats out on the water.
86	0:09:09.6	0:09:13.0		Some had paid for a ticket to stand in a special place near the ship.
87	0:09:14.5	0:09:16.2		It was a warm and sunny day.
88	0:09:18.1	0:09:25.0		To help her slide into the water, the slipway had been covered with more than twenty tons of tallow and soap.
89	0:09:26.9	0:09:31.3		A little after midday, a rocket went up into the sky as a warning.
90	0:09:33.0	0:09:33.6		Then another.
91	0:09:34.9	0:09:37.0		The last supports were knocked away.
92	0:09:38.4	0:09:44.0		And slowly, very slowly, the great hull began to move.
93	0:09:46.3	0:09:49.7		It took just over one minute for her to slide down into the river.
94	0:09:51.2	0:09:54.9		The crowd cheered, and the ships in the harbour sounded their horns.
95	0:09:56.5	0:10:04.3		Then the water settled again, and Titanic floated there, quiet and grey, in the calm water of the Lagan.
96	0:10:06.3	0:10:08.1		Her life on the sea had begun.
97	0:10:10.0	0:10:14.6		After the launch, the important guests sat down to a celebration lunch.
98	0:10:16.2	0:10:21.9		On that same day, Olympic was finished, and handed over to the White Star Line.
99	0:10:23.7	0:10:32.9		That afternoon, she sailed away from Belfast for England, with many of the guests on board, to begin her life at sea.
100	0:10:35.0	0:10:41.7		And the workers went home through the warm streets, tired and proud, to tell their families all about it.
101	0:10:43.6	0:10:47.6		The next morning, the horn sounded again, and they went back to work.
102	0:10:49.2	0:10:51.0		Because there was still so much to do.
103	0:10:52.9	0:10:59.2	fitting-out-quay	After the launch, Titanic was towed to a deep dock nearby, called the fitting-out wharf.
104	0:11:01.0	0:11:07.5		There, for almost ten more months, the yard filled her with everything a ship needs to cross an ocean.
105	0:11:09.3	0:11:13.6		A huge floating crane lifted her boilers and her engines down into her hull.
106	0:11:15.3	0:11:19.8		There were twenty-nine boilers, each one as big as a small house.
107	0:11:21.4	0:11:28.6		Then came the four great funnels, painted buff yellow with black tops, the colours of the White Star Line.
108	0:11:31.0	0:11:33.7		Only three of the funnels were really needed for the smoke.
109	0:11:35.2	0:11:41.2		The fourth one, at the back, was mostly for fresh air, and for the kitchens.
110	0:11:43.0	0:11:49.5		But the designers kept it, because four funnels looked grand, and strong, and fast.
111	0:11:51.4	0:11:57.3		In those days, people believed that the more funnels a ship had, the better she must be.
112	0:11:59.5	0:12:07.1		Deep inside her, the ship was divided into sixteen compartments, with strong steel walls between them.
113	0:12:09.1	0:12:15.7		If one or two of them filled with water, the doors could be closed, and the ship would still float.
114	0:12:17.6	0:12:21.6		Even four could be flooded, and she would stay above the waves.
115	0:12:23.2	0:12:30.5		It was a careful and clever design, and people who read about it in the newspapers began to call her practically unsinkable.
116	0:12:32.9	0:12:36.1		Inside, hundreds of craftsmen were at work.
117	0:12:37.6	0:12:44.2		Joiners fitted the oak panels in the lounges, and carved flowers and leaves into the wood by hand.
118	0:12:46.1	0:12:49.3		Upholsterers stitched the soft chairs and sofas.
119	0:12:50.8	0:12:55.8		Painters worked in the cabins, with small brushes and pots of white and cream.
120	0:12:57.5	0:13:04.7		Electricians pulled hundreds of miles of wire through the ship, for the lamps, and the heaters, and the lifts.
121	0:13:06.6	0:13:13.9		There were even three electric lifts in the first class, and one in the second, which was very modern in those days.
122	0:13:15.9	0:13:20.5		Carpets were rolled out along the corridors, and curtains were hung at the windows.
123	0:13:22.1	0:13:27.2		Slowly, the cold steel shell became a warm and beautiful place to live.
124	0:13:29.4	0:13:32.7	grand-staircase-dome	Now let's step inside, and look around slowly.
125	0:13:34.8	0:13:39.2		The most beautiful part of the ship was the grand staircase, in the first class.
126	0:13:40.9	0:13:45.7		It was made of polished oak, and it curved gently down through several decks.
127	0:13:47.4	0:13:51.2		Its railings were decorated with delicate patterns of iron and gold.
128	0:13:52.8	0:14:00.8		And above it, there was a great dome of white and golden glass, that let the daylight fall softly down the stairs.
129	0:14:02.8	0:14:06.7		At night, a large chandelier glowed beneath the dome.
130	0:14:08.8	0:14:13.4		On the landing, there was a carved wooden panel with a clock in the middle.
131	0:14:15.0	0:14:18.3		On either side of the clock stood two carved figures.
132	0:14:19.8	0:14:23.3		They were called Honour and Glory, crowning Time.
133	0:14:24.9	0:14:34.4		Passengers would meet there before dinner, dressed in their finest clothes, and walk down the stairs together, while music drifted up from below.
134	0:14:37.0	0:14:40.2	first-class-dining-saloon	At the foot of the stairs was the first-class dining saloon.
135	0:14:41.8	0:14:44.5		It was the largest room on any ship in the world.
136	0:14:45.9	0:14:52.3		It could seat more than five hundred people at once, at small tables with white cloths and silver cutlery.
137	0:14:54.2	0:15:04.8		The walls were painted a soft white, and the windows were made of leaded glass, so that even deep inside the ship, it felt as if you were in a grand hotel on land.
138	0:15:07.5	0:15:16.3		Nearby, there was a reception room with wicker chairs and a thick carpet, where people could drink coffee and listen to the ship's musicians.
139	0:15:18.4	0:15:23.2		There was a restaurant for those who wanted to dine later, or more privately.
140	0:15:24.9	0:15:31.6		And there was a small café with climbing plants and wicker furniture, called the Café Parisien.
141	0:15:33.5	0:15:40.4		It was meant to feel like a sunny pavement café in Paris, with the sea sparkling just outside the windows.
142	0:15:42.8	0:15:50.2		For quieter moments, there was a reading and writing room, painted white, with tall windows and soft armchairs.
143	0:15:52.2	0:15:57.7		It was meant mostly for the ladies, who would sit there and write letters to friends and family at home.
144	0:15:59.5	0:16:04.2		Each letter would be carried across the ocean, and posted when the ship arrived.
145	0:16:06.3	0:16:14.2		For the gentlemen, there was a smoking room, panelled in dark mahogany, with coloured glass windows lit from behind.
146	0:16:16.2	0:16:19.8		There was a fireplace, and above it hung a painting of a harbour.
147	0:16:21.4	0:16:24.0		It was the only real coal fire on the whole ship.
148	0:16:25.9	0:16:29.5		And for those who liked to keep busy, there was even more.
149	0:16:31.1	0:16:39.2		There was a gymnasium, with rowing machines, and a mechanical horse, and even a mechanical camel that you could ride.
150	0:16:41.2	0:16:44.6		There was a squash court, deep down in the ship.
151	0:16:46.1	0:16:52.1		There was a heated swimming pool, filled with sea water, one of the very first on any ship.
152	0:16:53.9	0:17:04.8		And there was a Turkish bath, decorated with blue and green tiles, bronze lamps, and carved wood, where passengers could rest in the warm air, and drift off to sleep.
153	0:17:07.6	0:17:11.5		The second class was simpler, but still very comfortable.
154	0:17:13.1	0:17:19.7		It had a library panelled in pale sycamore wood, a smoking room, and a large dining room.
155	0:17:21.6	0:17:26.6		Many people said that the second class on Titanic was as good as the first class on other ships.
156	0:17:28.8	0:17:35.4	third-class-cabin	And then there was the third class, at the lower decks, at the very front and very back of the ship.
157	0:17:37.2	0:17:44.2		Most people who travelled in third class were emigrants, leaving their homes to start a new life in America.
158	0:17:46.1	0:17:53.7		On many older ships, they had slept in large crowded rooms, with dozens of bunks side by side.
159	0:17:55.7	0:18:05.1		But on Titanic, most of them had small cabins, with white painted walls, and bunks for two, or four, or six people.
160	0:18:07.2	0:18:16.9		There was a dining room with long tables, a smoking room, and a general room with benches and a piano, where people could sit together in the evenings.
161	0:18:19.6	0:18:24.1		It was plain, but it was clean, and warm, and bright.
162	0:18:25.8	0:18:30.2		For many of the passengers, it was the best place they had ever slept.
163	0:18:32.3	0:18:35.7		Everywhere on the ship, there were small comforts.
164	0:18:37.2	0:18:42.4		Every cabin in first class had its own electric heater, and a bell to call a steward.
165	0:18:44.2	0:18:52.3		Some of the finest rooms had their own private deck, where passengers could sit in the fresh air, hidden from everyone else.
166	0:18:54.3	0:18:59.0		There were barbers, and a small shop that sold postcards and souvenirs.
167	0:19:00.6	0:19:06.9		There was a hospital, with a doctor, and a small dark room where photographs could be developed.
168	0:19:08.8	0:19:20.4		And the ship had her own printing press, which printed the menus for every meal, fresh each day, on thick white card, with the flag of the White Star Line at the top.
169	0:19:23.2	0:19:28.6	sea-trials-belfast-lough	At the beginning of April, in 1912, Titanic was finally ready.
170	0:19:30.4	0:19:38.0		On a cold and clear morning, small tugboats pulled her gently away from the quay, and out into Belfast Lough.
171	0:19:39.9	0:19:41.8		It was time for her sea trials.
172	0:19:43.7	0:19:47.9		For most of that day, she sailed up and down the calm water of the bay.
173	0:19:49.5	0:19:52.1		She went faster, and slower.
174	0:19:53.6	0:19:55.4		She turned in wide circles.
175	0:19:56.8	0:19:59.3		She stopped, and started again.
176	0:20:00.7	0:20:06.1		Men with notebooks stood on the bridge and in the engine rooms, and wrote down everything.
177	0:20:08.4	0:20:15.0		Thomas Andrews was on board, of course, walking from room to room, and looking at every detail.
178	0:20:16.8	0:20:19.6		He noticed small things that he wanted to improve.
179	0:20:21.1	0:20:22.7		A hook in the wrong place.
180	0:20:24.1	0:20:25.7		Too many screws in a coat rack.
181	0:20:27.0	0:20:29.6		Even the colour of the paint in some of the cabins.
182	0:20:31.1	0:20:33.8		He wrote them all down, in his little notebook.
183	0:20:35.8	0:20:38.3		By evening, the trials were done.
184	0:20:39.7	0:20:41.0		Titanic had passed.
185	0:20:42.3	0:20:49.7		That same night, she left Belfast behind, and sailed south through the dark, towards the south coast of England.
186	0:20:51.7	0:20:53.7		She would never see Belfast again.
187	0:20:55.6	0:21:00.8	southampton-dock-dawn	Titanic arrived in Southampton just after midnight, a few days before Easter.
188	0:21:02.5	0:21:10.5		Southampton was a busy port on the south coast of England, full of cranes and warehouses and railway lines that ran right up to the water.
189	0:21:12.5	0:21:17.5		From there, the great liners of the White Star Line crossed the ocean to New York.
190	0:21:19.7	0:21:23.7		For a week, the ship was loaded with everything she would need.
191	0:21:25.3	0:21:30.9		Coal, first of all, thousands of tons of it, poured into her bunkers deep below.
192	0:21:32.7	0:21:33.6		Then food.
193	0:21:34.8	0:21:43.2		There were tens of thousands of eggs, and tons of meat and fish, and potatoes, and oranges, and flour.
194	0:21:45.3	0:21:51.7		There were crates of tea and coffee, and barrels of beer, and thousands of bottles of wine.
195	0:21:53.5	0:22:02.2		There were plates and cups and glasses, tablecloths and napkins, and around forty thousand pieces of linen for the beds and the tables.
196	0:22:04.8	0:22:06.3		The crew came on board too.
197	0:22:07.7	0:22:13.1		Most of them lived in Southampton, in small brick houses in the streets close to the docks.
198	0:22:14.8	0:22:21.7		Many had been out of work for weeks, because of a long strike in the coal mines, which had kept many ships in port.
199	0:22:23.6	0:22:26.6		So a job on the new Titanic was very welcome.
200	0:22:28.6	0:22:30.7		There were almost nine hundred of them.
201	0:22:32.1	0:22:41.3		Sailors and firemen, cooks and bakers, waiters and stewards, and even a few young boys who worked as bellboys and lift operators.
202	0:22:43.4	0:22:49.6		They said goodbye to their families at their front doors, and walked down to the docks together in the early morning light.
203	0:22:51.9	0:22:58.0		On the morning of departure, the crew were checked, and counted, and signed on for the voyage.
204	0:22:59.8	0:23:05.5		They lined up in the big hall by the docks, gave their names, and received their pay book.
205	0:23:07.3	0:23:09.5		Then they went on board to find their places.
206	0:23:10.9	0:23:13.5		The sailors went to their quarters at the front of the ship.
207	0:23:15.0	0:23:19.3		The firemen went down to the boiler rooms, to start raising steam.
208	0:23:20.9	0:23:27.6		The stewards put on their white jackets, and went to wait at the doors, ready to welcome the passengers.
209	0:23:29.5	0:23:34.3		A few men arrived a little too late, and found the gangway already closed.
210	0:23:36.0	0:23:41.4		They stood on the quay, disappointed, and watched the ship leave without them.
211	0:23:43.1	0:23:46.8		At the time, they must have thought that they were very unlucky.
212	0:23:48.9	0:23:54.9	boarding-passengers-gangway	The day of departure was Wednesday, the tenth of April, in 1912.
213	0:23:56.7	0:23:60.0		It was a fresh spring morning, cool and bright.
214	0:24:02.0	0:24:04.8		The passengers began to arrive in the middle of the morning.
215	0:24:06.3	0:24:11.1		Many came by special trains from London, which stopped right beside the ship.
216	0:24:12.8	0:24:16.2		There were families with children, holding their parents' hands.
217	0:24:17.7	0:24:24.7		There were young men with a single suitcase, and older couples with trunks that needed several porters to carry them.
218	0:24:26.6	0:24:32.2		They walked up the gangways, one by one, and were shown to their cabins by the stewards.
219	0:24:34.5	0:24:38.4		Some wandered around the decks, looking at everything with wide eyes.
220	0:24:40.0	0:24:42.3		Some went straight to their cabins to rest.
221	0:24:43.7	0:24:48.8		And some stood at the railings, waving to friends and family down on the quay.
222	0:24:51.0	0:24:54.9		Exactly at noon, the great whistles on the funnels sounded.
223	0:24:56.5	0:25:01.1		The deep sound rolled across the port, and could be heard for miles.
224	0:25:02.8	0:25:08.8		The ropes were cast off, and small tugboats began to pull Titanic slowly away from the quay.
225	0:25:11.0	0:25:15.0	near-miss-ss-new-york	As she moved out along the channel, something unexpected happened.
226	0:25:16.6	0:25:19.9		Two other ships were tied up side by side along the quay.
227	0:25:21.5	0:25:23.4		One of them was called the New York.
228	0:25:24.8	0:25:39.4		As Titanic passed, the huge ship pushed so much water around her that the New York was pulled towards her, and her thick mooring ropes snapped, one after another, with a sound like pistol shots.
229	0:25:42.5	0:25:47.2		Slowly, the smaller ship swung out towards Titanic.
230	0:25:48.9	0:25:52.1		For a moment, it seemed they might touch.
231	0:25:53.6	0:25:57.8		But a quick-thinking tugboat captain caught the New York with a rope and pulled her back.
232	0:25:59.4	0:26:03.5		And on the bridge of Titanic, the captain stopped the engines.
233	0:26:05.1	0:26:08.5		The two ships passed each other with only a few feet to spare.
234	0:26:10.6	0:26:17.1		For about an hour, everything waited, while the New York was tied up safely again.
235	0:26:18.9	0:26:25.4		Then Titanic continued on her way, slowly and carefully, out into the open water.
236	0:26:27.3	0:26:38.6		She sailed down the long, calm waterway called Southampton Water, past green fields and small villages, and past the Isle of Wight, lying low and green in the sunshine.
237	0:26:40.9	0:26:43.3		People came out of their houses to watch her pass.
238	0:26:44.8	0:26:56.0		On board, passengers explored the decks, and found their way around the long corridors, and got lost, and laughed, and asked the stewards for directions.
239	0:26:58.3	0:27:01.2		Some of the people watching thought it might be a bad sign.
240	0:27:02.7	0:27:05.0		But most of them soon forgot all about it.
241	0:27:06.9	0:27:11.4	cherbourg-tender-evening	That afternoon, Titanic crossed the English Channel to France.
242	0:27:13.0	0:27:17.0		In the early evening, she stopped outside the harbour of Cherbourg.
243	0:27:18.5	0:27:26.8		The harbour there was too small for such a large ship, so the passengers came out to her in two small ferry boats, called tenders.
244	0:27:28.9	0:27:31.0		One of them was called Nomadic.
245	0:27:32.4	0:27:39.2		She was built in Belfast too, and she is still there today, the last White Star ship left in the world.
246	0:27:41.6	0:27:46.7		Among the people who came aboard at Cherbourg were some of the richest travellers of the voyage.
247	0:27:48.4	0:27:55.7		There were American businessmen coming home from holidays in Europe, with their wives, their servants and their luggage.
248	0:27:57.6	0:28:07.6		And there were families from much further away, from Lebanon and Syria and Croatia, who had travelled for weeks across land to begin their journey to America.
249	0:28:10.3	0:28:19.2		The tenders came slowly out across the harbour, in the golden light of the evening, carrying passengers, luggage and sacks of mail.
250	0:28:21.3	0:28:26.9		Waiting passengers stood on their decks, looking up in wonder as they came closer to the great ship.
251	0:28:28.6	0:28:36.4		From the water, she seemed impossibly tall, like a long black cliff with rows and rows of little round windows.
252	0:28:38.4	0:28:46.4		They climbed through a door in her side, and stepped into a warm, bright hall, where the stewards were waiting to welcome them.
253	0:28:48.9	0:28:52.0		By the time the tenders pulled away, it was dark.
254	0:28:53.5	0:28:55.7		Titanic switched on all her lights.
255	0:28:57.2	0:29:04.6		People on the shore saw her there, blazing in the night like a floating city, before she turned, and sailed away to the west.
256	0:29:07.0	0:29:10.0	queenstown-green-hills	The next morning, she reached her last stop.
257	0:29:11.5	0:29:15.5		It was a little town on the south coast of Ireland, called Queenstown.
258	0:29:17.1	0:29:18.9		Today it is called Cobh.
259	0:29:20.3	0:29:26.5		Once again, the passengers came out on small tenders, and so did the mail.
260	0:29:28.3	0:29:36.4		Most of the people who came aboard there were young Irish men and women, travelling in third class, on their way to new lives in America.
261	0:29:38.9	0:29:41.0		A few people left the ship at Queenstown.
262	0:29:42.4	0:29:47.7		One of them was a young teacher named Francis Browne, who was studying to become a priest.
263	0:29:49.4	0:29:54.8		His uncle had given him a ticket for the first part of the voyage, from Southampton to Ireland.
264	0:29:56.6	0:30:01.7		He loved photography, and in those two days he took many pictures of life on board.
265	0:30:03.4	0:30:05.0		Children playing on the deck.
266	0:30:06.4	0:30:08.4		Passengers walking in the sunshine.
267	0:30:09.8	0:30:13.7		The gymnasium, the dining room, his own cabin.
268	0:30:15.2	0:30:21.2		Some rich passengers liked him so much that they offered to pay for him to stay on board all the way to New York.
269	0:30:22.9	0:30:28.8		But he sent a telegram to his superior, and the answer came back: get off that ship.
270	0:30:30.6	0:30:31.3		So he did.
271	0:30:32.6	0:30:36.6		His photographs are some of the only pictures we have of life on board Titanic.
272	0:30:38.7	0:30:42.4		In the early afternoon, the anchor was raised once more.
273	0:30:44.0	0:30:54.9		As the ship moved slowly past the green hills of Ireland, a young man in third class played a sad, gentle tune on his pipes, called Erin's Lament.
274	0:30:57.2	0:31:04.0		The people from Ireland stood at the railings, and watched the coast of their homeland grow smaller and smaller behind them.
275	0:31:05.8	0:31:07.3		Then Ireland was gone.
276	0:31:08.7	0:31:14.3		And ahead of Titanic, there was nothing but the wide, grey Atlantic Ocean.
277	0:31:16.5	0:31:18.8	open-atlantic-calm-day	Now Titanic was out on the open ocean.
278	0:31:20.2	0:31:26.4		Ahead of her lay almost three thousand miles of water, and about a week of sailing.
279	0:31:28.2	0:31:29.8		The weather was calm and cool.
280	0:31:31.1	0:31:37.4		The sea was a deep, dark blue, with small white waves that sparkled in the sunlight.
281	0:31:39.3	0:31:49.0		And the great ship moved through it smoothly and steadily, with a soft vibration from her engines that you could feel in the floor, if you stood still and paid attention.
282	0:31:51.6	0:31:55.1		On board, there were more than two thousand people.
283	0:31:56.7	0:32:01.1		Around thirteen hundred passengers, and almost nine hundred crew.
284	0:32:02.7	0:32:07.2		They came from dozens of different countries, and they spoke many different languages.
285	0:32:08.9	0:32:15.0		For a few days, they were all living together in this great floating town, far from any land.
286	0:32:17.3	0:32:21.2		Let's begin our walk at the top of the ship, in the first class.
287	0:32:23.3	0:32:26.0	promenade-deck-morning	The mornings in first class started slowly.
288	0:32:27.5	0:32:34.3		Stewards knocked softly on the doors, bringing tea, or coffee, or hot water for shaving.
289	0:32:36.1	0:32:38.5		Some passengers had breakfast in their cabins.
290	0:32:40.0	0:32:53.5		Others walked down the grand staircase to the dining saloon, where there were baked apples and fresh fruit, porridge and grilled fish, eggs, ham, and warm rolls with butter and marmalade.
291	0:32:56.5	0:33:01.2		After breakfast, many passengers went out for a walk along the promenade deck.
292	0:33:02.9	0:33:09.8		They wrapped themselves in warm coats and scarves, because the wind at sea was cold, even in spring.
293	0:33:11.7	0:33:20.0		They walked slowly up and down, sometimes arm in arm, talking quietly, or simply looking out at the sea.
294	0:33:22.0	0:33:32.1		Some sat in deck chairs, with thick woollen blankets over their knees, reading books, and drinking cups of hot beef tea brought round by the stewards.
295	0:33:34.8	0:33:38.6	astor-couple-deck	Among the first-class passengers were some very famous names.
296	0:33:40.7	0:33:43.6		The richest man on board was John Jacob Astor.
297	0:33:45.1	0:33:52.4		He was an American businessman who owned many buildings in New York, and he had even written a novel about the future.
298	0:33:54.3	0:33:59.1		He was travelling with his young wife Madeleine, who was expecting their first child.
299	0:34:00.8	0:34:06.3		They had been on a long honeymoon in Egypt and in Europe, and now they were going home.
300	0:34:08.1	0:34:12.0		They had brought their dog with them, an Airedale terrier called Kitty.
301	0:34:14.0	0:34:17.8		In fact, there were around a dozen dogs on board.
302	0:34:19.4	0:34:25.3		Most of them lived in kennels on one of the lower decks, and a crew member took them out for walks every day.
303	0:34:27.1	0:34:34.8		There were small Pomeranians, a Pekingese, a French bulldog, and a large Newfoundland.
304	0:34:36.8	0:34:43.0		The owners would go and visit them, and sometimes a little dog show was even planned for later in the voyage.
305	0:34:45.3	0:34:48.7	straus-couple-reading	Another well-known couple were Isidor and Ida Straus.
306	0:34:50.2	0:34:55.7		Isidor was one of the owners of Macy's, a very large department store in New York.
307	0:34:57.4	0:35:01.4		He was sixty-seven years old, and Ida was sixty-three.
308	0:35:03.0	0:35:07.5		They had been married for more than forty years, and they were almost never apart.
309	0:35:09.1	0:35:13.4		When they were, they wrote letters to each other every single day.
310	0:35:15.1	0:35:23.6		People on board often saw them walking slowly together along the deck, or sitting side by side in their deck chairs, holding hands.
311	0:35:26.1	0:35:27.7		And then there was Margaret Brown.
312	0:35:29.1	0:35:35.0		She had grown up in a small town in the American Midwest, in a family that had very little money.
313	0:35:36.8	0:35:42.4		Her husband had found gold in the mountains of Colorado, and suddenly they had become rich.
314	0:35:44.1	0:35:46.5		But Margaret never forgot where she came from.
315	0:35:48.0	0:35:53.8		She was warm and lively, and she loved to talk, and she spoke several languages.
316	0:35:55.6	0:36:00.6		She had been travelling in Europe, and she was going home because her grandson was ill.
317	0:36:02.2	0:36:05.8		She would later become one of the best-known people of the whole voyage.
318	0:36:07.9	0:36:09.6		There were many others, too.
319	0:36:11.0	0:36:13.9		Writers and artists, actors and bankers.
320	0:36:15.4	0:36:17.8		A young film actress named Dorothy Gibson.
321	0:36:19.2	0:36:21.7		A businessman named Benjamin Guggenheim.
322	0:36:23.2	0:36:28.8		A young British countess named Noël, who was travelling to join her husband in California.
323	0:36:30.5	0:36:37.9		And of course, Bruce Ismay, the head of the White Star Line, who wanted to see how his beautiful new ship performed.
324	0:36:39.9	0:36:49.9		And Thomas Andrews, who spent his days walking all over the ship, from the top decks to the engine rooms, still writing down small things to improve in his notebook.
325	0:36:52.6	0:36:57.9	first-class-dinner-evening	In the afternoons, some passengers swam in the pool, or went to the Turkish bath.
326	0:36:59.6	0:37:04.0		Some played cards, or squash, or wrote letters.
327	0:37:05.6	0:37:12.2		And some rode the mechanical horse in the gymnasium, laughing, while the instructor showed them what to do.
328	0:37:14.6	0:37:17.7		At four o'clock, there was afternoon tea.
329	0:37:19.2	0:37:30.3		In the lounge, with its tall windows and its soft green chairs, the stewards brought round silver pots of tea, and small plates of sandwiches, cakes and biscuits.
330	0:37:32.6	0:37:34.9		The orchestra played quietly in the corner.
331	0:37:36.3	0:37:42.3		Outside the windows, the sea rolled slowly past, grey and blue and silver.
332	0:37:44.1	0:37:51.5		Ladies talked about the people they had met, and the clothes they had seen, and the plans they had for when they arrived in New York.
333	0:37:53.5	0:37:59.8		Gentlemen talked about business, and about the ship, and about how fast she was going.
334	0:38:01.6	0:38:10.2		Every day at noon, the distance the ship had travelled in the last day was posted up on a board, and some passengers even made small bets on it.
335	0:38:12.8	0:38:19.6		Then, as the light began to fade, everyone went back to their cabins to dress for dinner.
336	0:38:21.4	0:38:23.9		The men wore black suits and white shirts.
337	0:38:25.4	0:38:31.0		The women wore long silk dresses, gloves, and jewels that glittered in the lamplight.
338	0:38:32.8	0:38:38.5		Then they walked down the grand staircase, under the glass dome, to the dining saloon.
339	0:38:40.7	0:38:45.0		Dinner in first class was long, and slow, and rich.
340	0:38:46.7	0:38:49.8		On one evening, there were ten courses.
341	0:38:51.3	0:38:57.0		There were oysters, and a clear soup, and poached salmon with a creamy sauce.
342	0:38:58.7	0:39:05.3		There was roast beef, and lamb with mint sauce, and roast duckling with apple sauce.
343	0:39:07.2	0:39:11.8		Then peaches in jelly, chocolate éclairs, and French ice cream.
344	0:39:13.5	0:39:15.1		The meal could last for hours.
345	0:39:16.9	0:39:23.4		Afterwards, some people went to the reception room, where the small orchestra played soft music.
346	0:39:25.3	0:39:31.2		Waltzes, and light tunes from the theatre, and popular songs of the day.
347	0:39:33.0	0:39:36.9		People sipped coffee, and talked, and laughed quietly.
348	0:39:38.4	0:39:41.7		Some went out for one last walk on the deck before bed.
349	0:39:43.2	0:39:47.0		The night air was cold and fresh, and smelled of salt.
350	0:39:48.5	0:39:53.1		Above them, the smoke from the funnels drifted away across the stars.
351	0:39:54.8	0:39:59.7		Below them, they could hear the soft rush of the sea along the sides of the ship.
352	0:40:01.4	0:40:09.5		And far away, in every direction, there was nothing but the dark ocean, stretching away to the edge of the world.
353	0:40:12.0	0:40:23.1		And one by one, they went to bed, in cabins with soft beds, electric heaters and warm lights, while the great ship moved on through the dark.
354	0:40:25.9	0:40:31.3	second-class-library	Let's walk a little further now, down a few steps, to the second class.
355	0:40:33.6	0:40:38.9		The people who travelled in second class were not rich, but most of them were comfortable.
356	0:40:40.6	0:40:46.9		There were teachers and clergymen, shopkeepers and engineers, young couples and families with children.
357	0:40:48.7	0:40:55.2		Some were going to America for work, some to visit family, and some just for the adventure.
358	0:40:57.6	0:41:02.7		One of them was a young science teacher from London, named Lawrence Beesley.
359	0:41:04.4	0:41:11.8		He had recently lost his wife, and he had decided to take a holiday, and to visit his brother in America.
360	0:41:13.7	0:41:18.2		He was a quiet, careful man, who liked to observe things.
361	0:41:19.9	0:41:26.0		He noticed how smoothly the ship moved, and how steady she was, even when the sea was rough.
362	0:41:27.8	0:41:33.1		He liked to stand at the stern and watch the long white trail that the ship left behind her on the water.
363	0:41:34.8	0:41:42.1		And he spent many hours in the second-class library, reading, and writing, and talking with the other passengers.
364	0:41:44.0	0:41:48.3		Later, he would write a book about everything he saw on the voyage.
365	0:41:50.0	0:41:53.8		Much of what we know about life on board comes from his careful notes.
366	0:41:55.8	0:42:00.2	second-class-deck-children	Life in second class was quieter than in first, but it was pleasant.
367	0:42:01.8	0:42:07.3		There were three good meals a day in the dining room, with its long tables and polished chairs.
368	0:42:09.0	0:42:12.7		There was a promenade deck where people could walk and sit in the sun.
369	0:42:14.3	0:42:18.3		The children played games on the deck, and ran up and down the stairs.
370	0:42:20.4	0:42:25.1		Among them were two little boys from France, three and two years old.
371	0:42:26.8	0:42:32.7		Their names were Michel and Edmond, but their father called them Lolo and Momon.
372	0:42:34.5	0:42:40.0		They were travelling with their father, and they spent their days playing happily on the deck.
373	0:42:41.7	0:42:44.6		We will meet them again, later in the story.
374	0:42:46.6	0:42:53.8		In the evenings, the passengers in second class would gather in their dining room, or on deck if it was not too cold.
375	0:42:55.7	0:42:57.1		Some played cards.
376	0:42:58.5	0:42:59.4		Some read.
377	0:43:00.6	0:43:06.8		And sometimes, someone would sit down at the piano, and the others would gather around to sing.
378	0:43:09.2	0:43:11.6		There were many different people in second class.
379	0:43:13.0	0:43:17.2		There were young couples, just married, going to start a new life together.
380	0:43:18.8	0:43:24.8		There were families with small children, going to join relatives in cities like Detroit and Chicago.
381	0:43:26.6	0:43:33.7		There were miners from Cornwall, and dressmakers, and young men who were going to work in offices and factories.
382	0:43:35.6	0:43:42.2		And there were several clergymen, of different churches, travelling to new homes and new work in America.
383	0:43:44.1	0:43:52.8		They sat together at dinner, and talked about their homes, and their plans, and the wonderful ship that was carrying them.
384	0:43:54.9	0:44:04.1		And the ship's musicians came to play for them too, in the evenings, so that the music drifted along the corridors, and out onto the decks.
385	0:44:06.7	0:44:10.6	third-class-general-room	Now let's go further down still, to the third class.
386	0:44:12.7	0:44:16.1		Around seven hundred passengers travelled in third class.
387	0:44:17.6	0:44:19.4		They came from all over the world.
388	0:44:20.8	0:44:31.7		From Ireland and England, from Sweden, Finland and Norway, from Belgium and Italy, from Lebanon and Syria, and from many other countries.
389	0:44:34.0	0:44:35.3		Most of them were young.
390	0:44:36.6	0:44:39.4		Many of them were leaving home for the very first time.
391	0:44:41.4	0:44:47.0		Some were travelling with their whole families, with parents and grandparents, and many children.
392	0:44:48.8	0:44:58.6		Some were young men and women travelling alone, with a letter in their pocket from a brother, or a cousin, or a friend who was already waiting for them in America.
393	0:45:00.7	0:45:05.2		They were going to work on farms, in factories, or in shops.
394	0:45:06.9	0:45:08.2		Some were going to be married.
395	0:45:09.5	0:45:11.7		And all of them were hoping for a better life.
396	0:45:13.6	0:45:17.8		They had packed their whole lives into a few small bags and wooden boxes.
397	0:45:19.5	0:45:23.5		Warm clothes, and a good pair of shoes for Sundays.
398	0:45:25.1	0:45:28.9		A family Bible, or a small photograph of their parents.
399	0:45:30.4	0:45:33.9		A knitted blanket, made by a grandmother.
400	0:45:35.5	0:45:37.6		A few tools, for work.
401	0:45:39.0	0:45:48.7		And, sewn carefully into the lining of a coat, a little money, saved up over many years, to help them begin again.
402	0:45:51.4	0:45:57.6		Many of the Irish passengers came from small villages in the west of Ireland, where there was very little work.
403	0:45:59.4	0:46:04.7		Some of them travelled together in groups, with friends and neighbours from the same village.
404	0:46:06.4	0:46:11.3		From one small village in County Mayo, fourteen people were travelling together.
405	0:46:13.0	0:46:24.8		And from Lebanon, there were families who had walked and ridden for days, over the mountains and down to the sea, before taking a ship to France, and then a train to Cherbourg.
406	0:46:27.2	0:46:31.7		For all of them, this great ship was the last step of a very long journey.
407	0:46:33.8	0:46:37.3	third-class-dining-tables	For these passengers, Titanic was a wonder.
408	0:46:38.9	0:46:42.7		The food was simple, but good, and there was plenty of it.
409	0:46:44.3	0:46:53.7		For breakfast, there was porridge with milk, smoked herrings and jacket potatoes, bread and butter, and marmalade.
410	0:46:55.8	0:47:03.6		For lunch, there might be soup, and roast beef, and boiled potatoes, and plum pudding.
411	0:47:05.6	0:47:12.8		And for tea in the evening, there was bread and cheese, and pickles, and tea with sugar.
412	0:47:14.7	0:47:18.1		Some of the passengers had never eaten so well in their lives.
413	0:47:20.1	0:47:24.7		Many of the passengers wrote letters home, to be posted when they reached New York.
414	0:47:26.4	0:47:33.7		They wrote about the size of the ship, and the white walls of their cabins, and the good food, and the kind stewards.
415	0:47:35.6	0:47:39.1		One young man wrote to his family that the ship was like a palace.
416	0:47:41.2	0:47:47.9		During the day, the third class passengers had their own open decks, at the front and at the back of the ship.
417	0:47:49.8	0:47:57.7		On sunny mornings, they sat there on wooden benches, wrapped in shawls and coats, and watched the sea go by.
418	0:47:59.6	0:48:01.3		Young mothers rocked their babies.
419	0:48:02.7	0:48:08.1		Old men smoked their pipes, and talked about the farms and the villages they had left behind.
420	0:48:09.9	0:48:23.3		And the children, who had quickly made friends with each other, even without speaking the same language, played chasing games around the steel deck fittings, and climbed on the cranes, until a sailor gently sent them down again.
421	0:48:26.3	0:48:30.8	third-class-music-dancing	In the evenings, the third class was the liveliest place on the whole ship.
422	0:48:32.4	0:48:37.8		In the general room at the back of the ship, people gathered on the long wooden benches.
423	0:48:39.5	0:48:41.0		Someone would play the piano.
424	0:48:42.3	0:48:47.8		Someone else would bring out a fiddle, or a set of pipes, or a small accordion.
425	0:48:49.6	0:48:55.7		And soon, people were singing songs from their homelands, and dancing between the tables.
426	0:48:58.0	0:49:00.2		The songs were in many different languages.
427	0:49:01.6	0:49:07.6		Irish songs, and Swedish songs, and songs in Arabic and Italian.
428	0:49:09.4	0:49:12.8		Most people did not understand the words of each other's songs.
429	0:49:14.3	0:49:20.6		But they understood the music, and they clapped along, and laughed together, and made new friends.
430	0:49:23.0	0:49:30.5		Out on the open deck at the back of the ship, some of the young people played games, or just sat and talked in the fresh cold air.
431	0:49:32.4	0:49:36.9		Children chased each other between the benches, until their mothers called them in for bed.
432	0:49:38.6	0:49:49.7		And later, when the music had stopped, people went back to their small cabins, and climbed into their narrow bunks, and fell asleep to the gentle hum of the engines.
433	0:49:52.0	0:50:00.4		Dreaming, perhaps, of the new country that was waiting for them, somewhere far away, beyond the edge of the sea.
434	0:50:02.9	0:50:05.4	captain-smith-bridge	Now let's meet some of the people who worked on board.
435	0:50:07.4	0:50:11.4		At the top of it all was the captain, Edward Smith.
436	0:50:13.0	0:50:18.5		He was sixty-two years old, with a white beard and a calm, kind face.
437	0:50:20.2	0:50:26.8		He had been at sea for more than forty years, and he had sailed many of the White Star Line's largest ships.
438	0:50:28.7	0:50:30.8		The passengers liked him very much.
439	0:50:32.2	0:50:36.6		Some wealthy travellers would only cross the ocean on a ship that he commanded.
440	0:50:38.2	0:50:44.5		Some people said that this was to be his last voyage before he retired, although nobody knows for certain.
441	0:50:46.9	0:50:48.8		Below the captain were his officers.
442	0:50:50.2	0:50:55.7		There was the chief officer, Henry Wilde, who had joined the ship at the last moment.
443	0:50:57.4	0:51:03.7		There was the first officer, William Murdoch, a careful and experienced sailor from Scotland.
444	0:51:05.5	0:51:19.6		And there was the second officer, Charles Lightoller, a tall, strong man who had been at sea since he was thirteen, and had already survived a shipwreck, and a fire, and even a spell as a gold miner in Canada.
445	0:51:22.7	0:51:24.4		Then there were the younger officers.
446	0:51:25.8	0:51:29.8		Herbert Pitman, from a farming family in the west of England.
447	0:51:31.4	0:51:35.5		Joseph Boxhall, who was very good with maps and charts.
448	0:51:37.1	0:51:41.8		Harold Lowe, a young Welshman who had run away to sea as a boy.
449	0:51:43.5	0:51:48.6		And James Moody, the youngest of them all, only twenty-four years old.
450	0:51:50.3	0:51:59.8		They took turns on the bridge, day and night, four hours on and eight hours off, watching the sea and guiding the great ship across it.
451	0:52:02.5	0:52:09.4		The bridge itself was a wide, open place at the front of the upper deck, with large windows looking out over the bow.
452	0:52:11.2	0:52:15.5		In the middle stood the wheel, made of polished wood and brass.
453	0:52:17.2	0:52:24.8		Beside it were the compasses, and the telegraphs, which sent orders down to the engine room with the ring of a bell.
454	0:52:26.7	0:52:34.4		Behind the bridge was the chart room, where the officers worked out the ship's position with pencils, rulers and maps.
455	0:52:36.4	0:52:46.0		At noon each day, they measured the height of the sun with an instrument called a sextant, and at night, they did the same with the stars.
456	0:52:48.2	0:52:50.7		It was quiet up there, most of the time.
457	0:52:52.1	0:52:57.1		Only the soft sound of the wind, and the low voices of the men on watch.
458	0:52:59.3	0:53:06.1	boiler-room-stokers	Deep below the waterline, in a completely different world, were the engine rooms and the boiler rooms.
459	0:53:08.0	0:53:17.0		Here, it was hot, and loud, and dark, lit only by electric lamps and the glow of the fires.
460	0:53:19.1	0:53:27.0		The firemen, who were also called stokers, shovelled coal into the furnaces beneath the boilers, hour after hour.
461	0:53:29.0	0:53:32.2		There were more than a hundred and fifty furnaces to feed.
462	0:53:33.7	0:53:39.7		The trimmers brought the coal to them in heavy iron wheelbarrows, from the bunkers along the sides of the ship.
463	0:53:42.0	0:53:43.5		It was very hard work.
464	0:53:44.9	0:53:54.1		The men worked in shifts of four hours, and when they came off duty, their faces were black with coal dust, and their shirts were wet with sweat.
465	0:53:56.2	0:54:04.9		They would climb up a long steel stairway to their own quarters, wash, eat, and sleep, before going down again.
466	0:54:06.9	0:54:10.3		But they were proud of their work, and proud of their ship.
467	0:54:11.9	0:54:15.5		And without them, Titanic could not have moved at all.
468	0:54:17.5	0:54:20.9		Their leader was the chief engineer, Joseph Bell.
469	0:54:22.5	0:54:31.2		He and his team of engineers looked after the enormous engines, the pumps, and the electric generators that gave the ship her light and her heat.
470	0:54:33.3	0:54:38.0		They worked almost without rest, and they knew every sound that the machines made.
471	0:54:40.1	0:54:43.3	stewardess-corridor	Most of the crew did not work with engines or with ropes.
472	0:54:44.8	0:54:46.3		They worked with the passengers.
473	0:54:47.7	0:54:54.5		There were hundreds of stewards, who cleaned the cabins, made the beds, carried the luggage, and served the meals.
474	0:54:56.4	0:55:03.9		There were cooks and bakers, who worked through the night in the ship's great kitchens, making fresh bread and rolls for the morning.
475	0:55:05.8	0:55:13.3		There were barbers, and a man who ran the ship's post office, and a man who looked after the swimming pool and the Turkish bath.
476	0:55:15.8	0:55:18.0		And there were around twenty women on the crew.
477	0:55:19.4	0:55:24.5		Most of them were stewardesses, who looked after the female passengers in first and second class.
478	0:55:26.2	0:55:32.3		One of them was a young woman from Argentina, with Irish parents, named Violet Jessop.
479	0:55:34.1	0:55:36.8		She had already been working on ships for several years.
480	0:55:38.3	0:55:47.0		She was patient and cheerful, and she worked long hours, bringing tea, running baths, and helping the ladies with their dresses.
481	0:55:49.1	0:55:52.1		Her story, too, will come back later.
482	0:55:54.1	0:55:56.1		The kitchens were a world of their own.
483	0:55:57.5	0:56:05.9		There were chefs from France and from England, and pastry cooks, and butchers, and a man whose only job was to make the soup.
484	0:56:07.9	0:56:14.6		Every day, they baked thousands of loaves and rolls, and cooked meals for more than two thousand people.
485	0:56:16.5	0:56:20.6		One of the chief bakers was a cheerful man named Charles Joughin.
486	0:56:22.2	0:56:29.3		He had a team of bakers working under him, and they worked through the night, so that there would always be fresh bread in the morning.
487	0:56:31.2	0:56:38.2		The smell of warm bread drifted up through the ship in the early hours, and reached the cabins of the passengers as they woke.
488	0:56:40.6	0:56:47.2	marconi-radio-room	Up near the top of the ship, just behind the bridge, there was a small room with a very important job.
489	0:56:49.0	0:56:57.1		This was the radio room, which people in those days called the Marconi room, after the inventor of the wireless telegraph.
490	0:56:59.7	0:57:01.2		Two young men worked there.
491	0:57:02.5	0:57:08.4		Jack Phillips, who had just turned twenty-five, and Harold Bride, who was twenty-two.
492	0:57:10.2	0:57:20.6		They wore headphones, and they tapped out messages in Morse code, in long and short beeps, that travelled through the air to other ships and to stations on land.
493	0:57:22.8	0:57:26.3		The radio was still quite new, and passengers loved it.
494	0:57:27.9	0:57:37.4		Only a few years before, a ship in the middle of the ocean had been completely alone, with no way to speak to anyone, for days at a time.
495	0:57:39.5	0:57:43.5		Now, messages could fly across the sea in a few moments.
496	0:57:45.1	0:57:49.1		People on land could even read news from the ships in their morning newspapers.
497	0:57:50.7	0:57:57.2		They could send short messages, called Marconigrams, to friends at home, or on other ships.
498	0:57:59.1	0:58:04.5		Happy birthday, see you soon, a wonderful ship, the weather is fine.
499	0:58:06.2	0:58:11.2		The two young men were very busy, and worked in turns, day and night.
500	0:58:13.4	0:58:16.7	ship-orchestra-playing	And finally, there were the musicians.
501	0:58:18.3	0:58:24.4		There were eight of them, led by a young violinist from the north of England, named Wallace Hartley.
502	0:58:26.2	0:58:34.0		They were not really part of the crew, because they were employed by an agency, and travelled as second-class passengers.
503	0:58:35.9	0:58:41.3		But they played every day, in the reception room, in the restaurant, and on the stairs.
504	0:58:43.1	0:58:50.3		Five of them played together as one group, with piano, violins, cello and bass.
505	0:58:52.2	0:58:57.4		The other three played as a small trio, near the restaurant and the little café.
506	0:58:59.6	0:59:04.8		Each of them had a book with more than three hundred tunes in it, and they knew them all by heart.
507	0:59:06.5	0:59:11.2		Passengers could ask for their favourite, just by calling out its number.
508	0:59:12.9	0:59:28.3		And so, all day, and late into the evening, music drifted softly through the first- and second-class rooms of the ship, mixing with the sound of voices, and the clinking of glasses, and the gentle hum of the engines far below.
509	0:59:31.5	0:59:36.3	sunday-morning-service	The fourteenth of April, in 1912, was a Sunday.
510	0:59:38.0	0:59:40.0		It was the fifth day of the voyage.
511	0:59:41.4	0:59:44.9		The morning was bright and sunny, and quite cold.
512	0:59:46.9	0:59:52.0		At half past ten, a church service was held in the first-class dining saloon.
513	0:59:53.8	0:59:58.8		Captain Smith led it himself, reading from the White Star Line's own prayer book.
514	1:00:00.5	1:00:04.8		The passengers sang hymns together, while the ship's musicians played.
515	1:00:06.4	1:00:13.5		In the second and third classes, there were services too, in English, and some in other languages.
516	1:00:15.4	1:00:19.9		And afterwards, everyone went back to their usual Sunday pleasures.
517	1:00:21.5	1:00:27.8		Long walks on deck, long lunches, and long, lazy afternoons.
518	1:00:30.2	1:00:35.5		Lawrence Beesley spent part of that Sunday afternoon in the library, writing letters.
519	1:00:37.2	1:00:40.4		Outside the windows, the sunshine sparkled on the water.
520	1:00:41.9	1:00:49.1		In the lounge, people read newspapers that had been printed before they left, and talked about when they would arrive.
521	1:00:51.0	1:00:55.5		If all went well, they would see the coast of America on Wednesday morning.
522	1:00:57.2	1:01:04.1		Children ran along the decks, and some of the young people in third class played games on the open deck at the back.
523	1:01:06.0	1:01:10.5		It was, by every account, a quiet and happy day.
524	1:01:12.6	1:01:17.4		There had been a plan for a lifeboat drill that morning, so that the crew could practise.
525	1:01:19.1	1:01:24.1		But for reasons that nobody is quite sure of, it did not take place.
526	1:01:26.3	1:01:29.9	radio-ice-warning	Up in the radio room, messages were coming in from other ships.
527	1:01:31.5	1:01:33.0		Some of them were warnings.
528	1:01:34.8	1:01:45.0		In those days, sailors knew that in spring, large pieces of ice would break away from the glaciers of Greenland, and drift south into the Atlantic Ocean.
529	1:01:47.2	1:01:50.8		That year, there seemed to be more ice than usual.
530	1:01:52.4	1:02:01.3		Ships that were crossing the ocean further west had seen icebergs, and large fields of flat ice, drifting in the sea.
531	1:02:03.9	1:02:07.0		A ship called the Caronia sent a warning that morning.
532	1:02:08.5	1:02:10.0		Then a ship called the Baltic.
533	1:02:11.4	1:02:15.3		Then the Amerika, and later a ship called the Mesaba.
534	1:02:16.8	1:02:18.8		Some of these messages reached the bridge.
535	1:02:20.2	1:02:25.8		Captain Smith showed one of them to Bruce Ismay, who put it in his pocket for a few hours.
536	1:02:27.6	1:02:35.5		Some of the messages were never delivered to the bridge at all, because the radio operators were so busy sending passengers' messages to land.
537	1:02:38.0	1:02:40.7		The officers on the bridge knew there was ice ahead.
538	1:02:42.2	1:02:45.6		They changed course a little, further to the south.
539	1:02:47.1	1:02:51.6		But the ship kept moving at her full speed, which was normal in those days.
540	1:02:53.3	1:02:55.2		Almost every captain did the same.
541	1:02:56.5	1:03:02.0		Sailors believed that in clear weather, they would see an iceberg in plenty of time.
542	1:03:04.3	1:03:07.3	cold-sunset-sea	In the afternoon, the temperature began to fall.
543	1:03:08.8	1:03:11.7		By the evening, it was bitterly cold.
544	1:03:13.2	1:03:19.0		Passengers who went for a walk on the deck came back inside very quickly, rubbing their hands.
545	1:03:20.8	1:03:27.9		The sun set in a clear sky, turning the sea from blue to gold, and then to a deep, dark grey.
546	1:03:30.3	1:03:38.5		That evening, in the second-class dining room, a clergyman named Reverend Carter invited everyone to sing hymns together.
547	1:03:40.5	1:03:41.9		Around a hundred people came.
548	1:03:43.2	1:03:49.5		A young man played the piano, and they sang one hymn after another, until late in the evening.
549	1:03:51.4	1:03:53.9		The last hymn they sang was a sailors' hymn.
550	1:03:55.3	1:03:57.9		It was a prayer for those in peril on the sea.
551	1:03:59.4	1:04:05.8		Then Reverend Carter thanked everyone, and there was coffee and biscuits, and people said goodnight.
552	1:04:08.1	1:04:12.8		In first class, there was a dinner party that evening, in honour of Captain Smith.
553	1:04:14.5	1:04:21.6		He left early, a little before nine o'clock, and went up to the bridge, to speak with Second Officer Lightoller.
554	1:04:23.5	1:04:28.0		They talked about the cold, and the calm water, and about the ice.
555	1:04:29.6	1:04:34.7		Then the captain said that if anything became doubtful, he should be called at once.
556	1:04:36.5	1:04:39.0		And he went to his cabin, to rest.
557	1:04:40.9	1:04:47.0		At ten o'clock, Lightoller's watch came to an end, and William Murdoch took over on the bridge.
558	1:04:48.8	1:04:55.2		Lightoller made his last round of the decks, as he always did, checking that everything was in order.
559	1:04:57.1	1:05:02.9		Then he went to his cabin, climbed into his bunk, and pulled the blankets up against the cold.
560	1:05:04.6	1:05:07.7		All over the ship, lights were going out in the cabins.
561	1:05:09.2	1:05:10.7		The corridors grew quiet.
562	1:05:12.1	1:05:15.6		The stewards finished their work and went to their own small bunks.
563	1:05:17.1	1:05:24.1		And the great ship moved on through the night, steady and calm, with only the soft hum of her engines far below.
564	1:05:26.5	1:05:28.2	starry-night-flat-sea	It was a very beautiful night.
565	1:05:29.6	1:05:30.6		There was no moon.
566	1:05:31.9	1:05:39.1		But the sky was so clear, and the stars were so bright, that they seemed to go all the way down to the horizon.
567	1:05:41.0	1:05:44.2		People who were there said they had never seen so many stars.
568	1:05:46.3	1:05:48.3		And the sea was completely calm.
569	1:05:49.7	1:05:52.6		There was no wind at all, and no waves.
570	1:05:54.0	1:06:02.5		The water was as flat as a mirror, and the stars were reflected in it, so that it seemed as if the ship was sailing through the sky itself.
571	1:06:05.1	1:06:07.7		Normally, this would have been a perfect night.
572	1:06:09.2	1:06:11.7		But for spotting ice, it was not.
573	1:06:13.1	1:06:21.6		When the sea is rough, waves break around the bottom of an iceberg, and make a white line of foam, that can be seen from far away.
574	1:06:23.7	1:06:26.7		On that night, there were no waves at all.
575	1:06:28.2	1:06:31.8		And without the moon, there was very little light.
576	1:06:33.8	1:06:40.7	crows-nest-lookouts	High up on the front mast, in a small round platform called the crow's nest, two men were keeping watch.
577	1:06:42.6	1:06:45.7		Their names were Frederick Fleet and Reginald Lee.
578	1:06:47.2	1:06:52.0		They had come on duty at ten o'clock, and they would stay there until midnight.
579	1:06:53.7	1:06:59.8		They stood side by side, wrapped in their thick coats, looking out into the darkness ahead.
580	1:07:02.1	1:07:05.7		Normally, the lookouts had binoculars to help them.
581	1:07:07.3	1:07:09.7		But on this voyage, they did not.
582	1:07:11.1	1:07:18.4		In all the changes at Southampton, the key to the cupboard where the binoculars were kept had gone with an officer who left the ship.
583	1:07:20.3	1:07:23.9		And so, Fleet and Lee had only their eyes.
584	1:07:26.0	1:07:27.9		The cold air stung their faces.
585	1:07:29.3	1:07:36.4		Below them, the great ship moved almost silently through the flat black water, at over twenty knots.
586	1:07:38.3	1:07:46.1		Behind them, the lights of the ship were glowing in hundreds of windows, and most of the passengers were getting ready for bed.
587	1:07:48.1	1:07:49.5		Some were already asleep.
588	1:07:50.8	1:07:51.7		Some were reading.
589	1:07:53.0	1:07:59.0		And a few were still sitting in the smoking room, playing cards, and talking quietly over a last drink.
590	1:08:00.8	1:08:02.6		It was nearly twenty to twelve.
591	1:08:04.5	1:08:08.6	iceberg-dark-silhouette	At about twenty to twelve, Frederick Fleet saw something.
592	1:08:10.2	1:08:14.5		Far ahead, low on the water, there was a dark shape.
593	1:08:16.1	1:08:19.9		At first it was small, and hard to see against the stars.
594	1:08:21.5	1:08:22.9		But it was growing quickly.
595	1:08:24.7	1:08:28.2		Fleet reached up and rang the bell in the crow's nest three times.
596	1:08:29.8	1:08:32.6		Three rings meant: something directly ahead.
597	1:08:34.1	1:08:37.7		Then he picked up the telephone that connected the crow's nest to the bridge.
598	1:08:39.2	1:08:40.3		A voice answered.
599	1:08:41.6	1:08:44.5		It was the young officer, James Moody.
600	1:08:46.0	1:08:47.6		Fleet said three words.
601	1:08:49.0	1:08:50.7		Iceberg, right ahead.
602	1:08:52.1	1:08:54.5		Moody said, thank you.
603	1:08:55.9	1:09:00.2		And he turned to tell the officer in charge, William Murdoch.
604	1:09:02.3	1:09:03.8	bridge-wheel-turn	Murdoch had already seen it.
605	1:09:05.2	1:09:07.4		He called out an order to turn the ship.
606	1:09:08.8	1:09:11.4		The man at the wheel turned it as far as it would go.
607	1:09:12.9	1:09:20.7		At the same time, Murdoch rang the signal to the engine room, to stop the engines, and then to reverse them.
608	1:09:22.6	1:09:27.9		And he pressed the switch that closed the heavy watertight doors, deep down in the ship.
609	1:09:30.2	1:09:33.7		For a few long seconds, nothing seemed to happen.
610	1:09:35.2	1:09:41.1		Titanic was so large, and so heavy, that she needed time to answer.
611	1:09:42.9	1:09:47.9		Then, slowly, her bow began to swing to the left.
612	1:09:49.6	1:09:52.0		The iceberg came closer and closer.
613	1:09:53.5	1:09:58.4		Up in the crow's nest, Fleet and Lee held on to the railing, and waited.
614	1:10:00.5	1:10:04.9		Very slowly, the bow moved away from the iceberg.
615	1:10:06.6	1:10:10.4		For a moment, it seemed that the ship might pass it by.
616	1:10:12.0	1:10:17.0		But under the water, the iceberg was much larger than it looked from above.
617	1:10:18.7	1:10:24.3		And as the ship passed, a long part of the ice below the surface scraped along her side.
618	1:10:26.5	1:10:29.2	ice-on-well-deck	Many people on board did not notice anything at all.
619	1:10:31.2	1:10:37.7		Some felt a gentle bump, or a small shudder, as if the ship had rolled over a large wave.
620	1:10:39.5	1:10:43.5		Some heard a low grinding sound, like a long scratch.
621	1:10:45.1	1:10:49.8		One passenger said it felt as if someone had run a giant finger along the side of the ship.
622	1:10:51.5	1:10:55.6		A lady in first class said it was like the tearing of a long piece of cloth.
623	1:10:57.2	1:11:00.8		Others felt nothing, and slept on peacefully in their cabins.
624	1:11:02.9	1:11:12.0		In the smoking room, some of the men playing cards stood up, and went to the windows, just in time to see a tall white shape gliding past in the dark.
625	1:11:14.1	1:11:15.1		Then it was gone.
626	1:11:16.4	1:11:17.7		They went back to their game.
627	1:11:19.5	1:11:22.8		Lawrence Beesley was reading in his bunk in second class.
628	1:11:24.4	1:11:30.6		He felt what he later described as a little more movement than usual, and noticed that the engines had stopped.
629	1:11:32.4	1:11:36.4		The soft hum that had been there all voyage was suddenly gone.
630	1:11:38.0	1:11:44.1		In the silence, he put on his dressing gown and went up to the deck to see what had happened.
631	1:11:45.9	1:11:48.8		It was bitterly cold, and very quiet.
632	1:11:50.3	1:11:55.1		He could see nothing unusual, only the stars, and the calm black sea.
633	1:11:56.8	1:12:00.4		So he went back down to his cabin, and picked up his book again.
634	1:12:02.4	1:12:08.0		In first class, some people rang for the steward, and asked why the ship had stopped.
635	1:12:09.8	1:12:11.2		The stewards did not know.
636	1:12:12.5	1:12:16.1		Perhaps she has lost a propeller blade, some people said.
637	1:12:17.7	1:12:19.4		We will be going again soon.
638	1:12:21.2	1:12:26.6		Out on the open deck at the front of the ship, pieces of ice had fallen down from the iceberg.
639	1:12:28.4	1:12:31.6		Some of the young passengers from third class came out to look.
640	1:12:33.1	1:12:40.0		They picked up the pieces of ice, and laughed, and threw them to each other, as if they were snowballs.
641	1:12:41.9	1:12:44.8		One man joked that he would put a piece in his drink.
642	1:12:46.8	1:12:50.6	captain-andrews-plans	Up on the bridge, Captain Smith had come out of his cabin.
643	1:12:52.2	1:12:54.1		Murdoch told him what had happened.
644	1:12:55.5	1:13:00.9		The captain sent Fourth Officer Boxhall down into the ship, to look for any damage.
645	1:13:02.6	1:13:04.6		And he called for Thomas Andrews.
646	1:13:06.5	1:13:10.7		Andrews had been working in his cabin that evening, as he did every night.
647	1:13:12.3	1:13:18.6		His desk was covered with papers and drawings, and notes about the small things that he still wanted to improve.
648	1:13:20.4	1:13:28.3		When the message came, he put down his pen, put on his coat, and went quickly up to the bridge.
649	1:13:30.8	1:13:40.4		Together, the captain and Andrews went down, deep into the ship, through the corridors and down the stairways, to see for themselves.
650	1:13:42.6	1:13:47.8		In some places, everything was dry and quiet, and people were asleep.
651	1:13:49.5	1:13:52.7		In other places, the sea had already begun to come in.
652	1:13:54.2	1:14:01.5		In the mail room, the postal clerks were carrying heavy bags of letters up the stairs, to keep them dry.
653	1:14:03.5	1:14:10.3		In one of the boiler rooms, the men had been told to keep the fires going, and to keep the pumps running.
654	1:14:12.6	1:14:14.6		Andrews looked at everything carefully.
655	1:14:16.0	1:14:17.7		He knew his ship better than anyone.
656	1:14:19.1	1:14:21.0		And he knew what the damage meant.
657	1:14:22.9	1:14:26.9		Titanic had been built to float with four of her compartments full of water.
658	1:14:28.5	1:14:29.8		Perhaps even a little more.
659	1:14:31.1	1:14:35.4		But the ice had opened her side along a length of around ninety metres.
660	1:14:37.1	1:14:41.8		And now, five of her compartments at the front of the ship were letting in the sea.
661	1:14:43.9	1:14:47.4	quiet-corridor-night	Andrews went back up to the bridge, with the captain.
662	1:14:49.0	1:14:54.9		He spread his plans out on a table, and explained what would happen, calmly and clearly.
663	1:14:56.7	1:15:01.1		As the front of the ship filled with water, she would sink lower at the bow.
664	1:15:02.7	1:15:10.6		The water would then flow over the top of each wall, into the next compartment, and then the next, one after another.
665	1:15:12.6	1:15:13.8		Nothing could stop it.
666	1:15:15.1	1:15:19.2		The ship would stay afloat for perhaps an hour, or an hour and a half.
667	1:15:20.8	1:15:22.1		Perhaps a little longer.
668	1:15:23.5	1:15:24.5		But not more than that.
669	1:15:26.3	1:15:27.9		The captain listened quietly.
670	1:15:29.2	1:15:31.3		Then he asked, how long?
671	1:15:32.7	1:15:34.1		And Andrews told him.
672	1:15:36.0	1:15:45.5		For a moment, the two men stood there together, on the bridge of the finest ship in the world, in the silence of that cold and starlit night.
673	1:15:47.6	1:15:51.2		Outside, the sea was still as flat as glass.
674	1:15:52.8	1:15:57.2		Inside, most of the passengers had no idea that anything was wrong.
675	1:15:58.8	1:16:04.8		In the warm cabins, people were reading, or sleeping, or winding their watches.
676	1:16:06.6	1:16:11.7		In the dining saloon, a few stewards were quietly laying the tables for breakfast.
677	1:16:13.9	1:16:15.2		It was just after midnight.
678	1:16:16.6	1:16:19.1		The fourteenth of April had become the fifteenth.
679	1:16:20.5	1:16:23.5		And Captain Smith gave the order to prepare the lifeboats.
680	1:16:25.5	1:16:31.3	radio-operators-cqd	In the radio room, Harold Bride had just woken up, to take over from Jack Phillips.
681	1:16:33.1	1:16:34.2		Phillips was tired.
682	1:16:35.5	1:16:42.7		He had spent the whole evening sending messages for passengers to a radio station in Newfoundland, on the coast of Canada.
683	1:16:45.1	1:16:49.6		The radio room was a small space, with three rooms side by side.
684	1:16:51.3	1:16:53.3		In one, the two men slept.
685	1:16:54.7	1:17:01.4		In the next, there was the machinery that made the signals, humming and buzzing behind a wall.
686	1:17:03.2	1:17:12.6		And in the third, there was a desk, with a telegraph key, a pair of headphones, and a pile of paper and pencils.
687	1:17:14.8	1:17:23.6		From here, their signals could reach ships hundreds of miles away, and at night, when the air was clear, even further.
688	1:17:26.2	1:17:30.0		Then the door opened, and Captain Smith came in.
689	1:17:31.5	1:17:32.7		He spoke calmly.
690	1:17:34.1	1:17:39.4		He told them that the ship had struck an iceberg, and that they should be ready to send a call for help.
691	1:17:41.1	1:17:46.1		A few minutes later, he came back, with a small piece of paper.
692	1:17:47.8	1:17:52.5		On it was the ship's position, worked out by Fourth Officer Boxhall.
693	1:17:54.2	1:17:57.2		Send the call for assistance, the captain said.
694	1:17:59.2	1:18:03.2		So Phillips put on his headphones, and began to tap out a message.
695	1:18:04.8	1:18:10.4		In those days, the signal for a ship in danger was three letters: CQD.
696	1:18:12.1	1:18:23.3		He sent it again and again, followed by the letters MGY, which were the call letters of Titanic, and then the ship's position.
697	1:18:26.1	1:18:29.2		After a while, Bride had an idea.
698	1:18:30.8	1:18:35.6		There was a new signal, he said, that some ships had begun to use.
699	1:18:37.2	1:18:39.7		It was simpler, and easier to hear.
700	1:18:41.2	1:18:45.3		Three short, three long, three short.
701	1:18:46.9	1:18:47.7		SOS.
702	1:18:49.0	1:18:52.2		Phillips laughed a little, and began to send it too.
703	1:18:53.7	1:18:57.2		It was one of the first times that signal was ever used at sea.
704	1:18:59.2	1:19:06.1	carpathia-turning-night	Many miles away, on another ship, a young radio operator named Harold Cottam was getting ready for bed.
705	1:19:08.0	1:19:10.1		His ship was called the Carpathia.
706	1:19:11.5	1:19:17.4		She was a smaller, older ship, carrying passengers from New York to the Mediterranean.
707	1:19:19.2	1:19:28.9		Cottam still had his headphones on, and he sent a friendly message to Titanic, to say that there were some messages waiting for her at the station in Cape Cod.
708	1:19:31.6	1:19:33.2		The answer came back at once.
709	1:19:34.6	1:19:35.4		Come at once.
710	1:19:36.6	1:19:38.0		We have struck a berg.
711	1:19:39.4	1:19:42.1		It is CQD, old man.
712	1:19:44.1	1:19:45.5		Cottam could hardly believe it.
713	1:19:46.8	1:19:51.8		He ran up to the bridge, and then down to the captain's cabin, and woke him up.
714	1:19:53.5	1:19:55.7		The captain's name was Arthur Rostron.
715	1:19:57.1	1:20:02.9		He was a serious and gentle man, very religious, and very good at his work.
716	1:20:04.7	1:20:08.4		When he heard the news, he did not hesitate for a moment.
717	1:20:10.0	1:20:15.1		He gave the order to turn the ship around, and to head for Titanic at full speed.
718	1:20:17.3	1:20:20.0	carpathia-preparing-blankets	The Carpathia was about fifty-eight miles away.
719	1:20:21.4	1:20:24.8		At her normal speed, it would take her many hours to arrive.
720	1:20:26.4	1:20:29.6		So Rostron did everything he could to make her go faster.
721	1:20:31.1	1:20:38.5		He ordered the heating and the hot water to be turned off across the whole ship, so that every bit of steam could go to the engines.
722	1:20:40.4	1:20:43.6		Extra stokers went down to shovel coal into the furnaces.
723	1:20:45.2	1:20:50.5		And the old ship began to race through the night, faster than she had ever gone before.
724	1:20:52.7	1:20:56.6		At the same time, Rostron quietly prepared his ship to help.
725	1:20:58.2	1:21:02.8		He ordered blankets to be brought out, and hot drinks and soup to be made.
726	1:21:04.4	1:21:06.3		The doctors got their rooms ready.
727	1:21:07.7	1:21:12.0		The dining rooms were turned into places where people could rest and be cared for.
728	1:21:13.7	1:21:21.6		Ropes, ladders and slings were prepared along the sides of the ship, so that people could be lifted on board.
729	1:21:23.6	1:21:28.0		Extra lookouts were posted all around the decks, watching for ice.
730	1:21:30.1	1:21:34.6		Rostron himself stood on the bridge the whole time, looking out into the darkness.
731	1:21:36.2	1:21:40.9		And some of his crew saw him lift his cap, and pray quietly.
732	1:21:43.1	1:21:46.9		Most of the Carpathia's passengers were asleep when she turned around.
733	1:21:48.5	1:21:57.9		Some woke up, and felt that the ship was moving faster than usual, and shaking a little, and that it had grown cold in their cabins.
734	1:22:00.0	1:22:05.0		A few of them looked out of their windows, and saw the sea rushing past in the dark.
735	1:22:06.7	1:22:14.4		When they asked the stewards what was happening, they were told politely to stay in their cabins, and that everything would be explained in the morning.
736	1:22:16.4	1:22:20.8		Out on the decks, the crew worked quietly, getting everything ready.
737	1:22:22.4	1:22:26.7		And the old ship raced on, through the cold and starlit night.
738	1:22:28.9	1:22:31.1	californian-distant-lights	There was another ship, much closer.
739	1:22:32.5	1:22:34.1		She was called the Californian.
740	1:22:35.5	1:22:43.9		Earlier that evening, she had come across a large field of ice, and her captain had decided to stop for the night, and wait for daylight.
741	1:22:45.9	1:22:49.7		Her radio operator had even sent a warning to Titanic about the ice.
742	1:22:51.3	1:22:56.9		But Titanic's operator, busy with passengers' messages, had told him to be quiet.
743	1:22:59.1	1:23:08.0		So at half past eleven, the operator on the Californian took off his headphones, turned off his radio, and went to bed.
744	1:23:10.1	1:23:17.4		In those days, many ships had only one radio operator, and nobody listened to the radio at night.
745	1:23:19.9	1:23:27.3		On the deck of the Californian, the officers on watch could see the lights of a large ship, some miles away.
746	1:23:29.2	1:23:31.1		They did not know which ship it was.
747	1:23:33.0	1:23:36.4	white-rockets-over-ship	On Titanic, the officers could see those lights too.
748	1:23:37.9	1:23:43.3		Far away on the horizon, there was a small glow, perhaps the lights of a ship.
749	1:23:45.1	1:23:51.0		Fourth Officer Boxhall tried to signal to it with a lamp, flashing messages in Morse code.
750	1:23:52.8	1:23:54.0		But there was no answer.
751	1:23:55.8	1:24:00.5		So, a little before one o'clock, the crew began to fire rockets.
752	1:24:02.1	1:24:07.9		They were white rockets, which rose high into the night sky, and burst into bright white stars.
753	1:24:09.7	1:24:13.5		Then they drifted slowly down, and faded away.
754	1:24:15.1	1:24:20.9		One after another, about every five minutes, they went up into the sky.
755	1:24:22.7	1:24:24.1		Eight rockets in all.
756	1:24:25.9	1:24:29.8		On the Californian, the officers on watch saw them.
757	1:24:31.4	1:24:32.8		They thought it was strange.
758	1:24:34.2	1:24:37.5		They told their captain, who was resting in his cabin.
759	1:24:39.0	1:24:41.1		But nobody woke the radio operator.
760	1:24:42.5	1:24:44.9		And nobody understood what the rockets meant.
761	1:24:46.3	1:24:52.3		The Californian stayed where she was, all through the night, silent and still among the ice.
762	1:24:54.6	1:25:02.5		Meanwhile, in the radio room of Titanic, Phillips and Bride kept sending their calls, calmly and steadily.
763	1:25:04.5	1:25:05.8		Other ships answered.
764	1:25:07.2	1:25:13.9		The Olympic, her own sister, was far away, more than five hundred miles.
765	1:25:15.7	1:25:18.8		Other ships were also too far away to arrive in time.
766	1:25:20.3	1:25:22.1		But the Carpathia was coming.
767	1:25:23.5	1:25:27.7		She was racing towards them through the dark, as fast as she could.
768	1:25:29.8	1:25:33.1	stewards-knocking-lifejackets	Throughout the ship, the stewards were knocking on doors.
769	1:25:34.7	1:25:40.8		Put on warm clothes, they said, and your lifebelts, and come up to the deck.
770	1:25:42.6	1:25:44.2		It is just a precaution.
771	1:25:45.5	1:25:48.8		Many passengers did not want to leave their warm cabins.
772	1:25:50.4	1:25:53.5		The ship felt so solid, and so still.
773	1:25:55.0	1:25:57.9		Some thought it was a drill, or a joke.
774	1:25:59.4	1:26:00.7		Some went back to bed.
775	1:26:02.5	1:26:11.8		But slowly, people began to gather on the boat deck, wrapped in coats and scarves and blankets, with their white lifebelts over the top.
776	1:26:13.9	1:26:16.3		Some were still wearing their evening clothes.
777	1:26:17.8	1:26:21.0		Some wore pyjamas, with a fur coat over them.
778	1:26:22.5	1:26:25.2		It was very cold, and very quiet.
779	1:26:26.7	1:26:33.7		The only loud sound was the roar of steam escaping from the funnels, where the engineers were letting off the pressure from the boilers.
780	1:26:35.6	1:26:38.8		It was so loud that people could hardly hear each other speak.
781	1:26:40.3	1:26:43.3		Then, after a while, it stopped.
782	1:26:44.8	1:26:46.4		And the night was silent again.
783	1:26:48.2	1:26:50.2	lifeboats-lowered-deck	Titanic carried twenty lifeboats.
784	1:26:51.6	1:26:59.8		There were sixteen wooden boats, hanging along the sides of the upper deck, and four smaller folding boats with canvas sides.
785	1:27:01.9	1:27:06.2		All together, they had room for less than half of the people on board.
786	1:27:07.8	1:27:09.7		It seems unbelievable today.
787	1:27:11.1	1:27:17.7		But at that time, the rules had been written for much smaller ships, and nobody had changed them.
788	1:27:19.5	1:27:23.8		Most people believed that a ship like Titanic was a lifeboat herself.
789	1:27:26.0	1:27:30.9		The crew began to uncover the boats, and swing them out over the side.
790	1:27:32.6	1:27:37.3		On the left side of the ship, Second Officer Lightoller was in charge.
791	1:27:38.9	1:27:42.2		On the right side, First Officer Murdoch.
792	1:27:43.8	1:27:46.9		And the order was given: women and children first.
793	1:27:48.9	1:27:53.1		At first, it was hard to get anyone into the boats.
794	1:27:54.7	1:27:60.0		The lifeboats hung high above the dark water, and the ship still seemed so safe.
795	1:28:01.7	1:28:07.6		Why leave a warm, bright ship, for a small wooden boat on the cold open sea?
796	1:28:09.4	1:28:11.6		So the first boats went down half empty.
797	1:28:13.0	1:28:18.8		The very first lifeboat, which could hold sixty-five people, left with only twenty-eight.
798	1:28:21.1	1:28:26.6		Slowly, as the minutes passed, people began to understand.
799	1:28:28.4	1:28:34.6		The deck under their feet was beginning to tilt, very gently, towards the front of the ship.
800	1:28:36.4	1:28:39.7		The lights along the bow were now closer to the water than before.
801	1:28:41.2	1:28:46.3		And more and more people came up from below, and waited quietly by the boats.
802	1:28:48.5	1:28:51.4		Many families had to say goodbye to each other on the deck.
803	1:28:52.9	1:29:00.0		Husbands helped their wives and children into the boats, and wrapped blankets around them, and told them not to worry.
804	1:29:01.9	1:29:04.7		I will follow you in another boat, they said.
805	1:29:06.2	1:29:11.1		Some of them kissed, and held hands for a last moment, and then stepped back.
806	1:29:12.8	1:29:14.9		Many of the women did not want to go.
807	1:29:16.3	1:29:24.1		But the crew gently helped them in, and the boats were lowered slowly down the tall black side of the ship, to the water below.
808	1:29:26.6	1:29:30.5	ship-band-on-deck	While the boats were being loaded, the musicians gathered together.
809	1:29:32.1	1:29:37.3		First they played in the lounge, and then they went out on deck, close to the lifeboats.
810	1:29:39.0	1:29:40.7		They played cheerful tunes.
811	1:29:42.1	1:29:46.3		Ragtime, and waltzes, and popular songs.
812	1:29:47.9	1:29:51.3		They wanted to keep people calm, and to lift their spirits.
813	1:29:52.8	1:29:55.9		And they kept on playing, for a very long time.
814	1:29:57.9	1:30:00.2		Many people later remembered that music.
815	1:30:01.7	1:30:08.6		It floated out across the deck, and over the water, soft and steady in the cold night air.
816	1:30:10.4	1:30:13.1		Nobody knows for certain what the last tune was.
817	1:30:14.6	1:30:16.8		Some said it was a waltz called Autumn.
818	1:30:18.2	1:30:22.4		Others said it was a hymn called Nearer, My God, to Thee.
819	1:30:24.1	1:30:29.0		But everyone agreed that the musicians played bravely, until almost the very end.
820	1:30:31.1	1:30:34.0	straus-couple-deck-chairs	There were many moments of quiet courage that night.
821	1:30:36.0	1:30:41.4		John Jacob Astor helped his young wife into a lifeboat, and wrapped her in warm clothes.
822	1:30:43.2	1:30:46.5		He asked if he could join her, because of her condition.
823	1:30:48.0	1:30:51.4		The officer said no, only women and children.
824	1:30:52.9	1:30:57.6		So Astor stepped back, and waved to her as the boat went down.
825	1:30:59.8	1:31:02.8		Isidor and Ida Straus came to the deck together.
826	1:31:04.3	1:31:12.0		An officer offered Ida a seat in a lifeboat, and said that her husband could come too, because of his age.
827	1:31:14.0	1:31:17.6		But Isidor said he would not go while other men were still on board.
828	1:31:19.1	1:31:21.0		And Ida would not go without him.
829	1:31:22.4	1:31:26.3		She said, we have lived together for many years.
830	1:31:27.9	1:31:29.9		Where you go, I go.
831	1:31:31.3	1:31:36.1		She gave her warm fur coat to her maid, Ellen, and helped her into the boat.
832	1:31:37.8	1:31:48.7		And then Ida and Isidor sat down together, side by side, in two deck chairs on the deck, and held each other's hand, as they had done for so many years.
833	1:31:51.5	1:31:57.2		Benjamin Guggenheim went back to his cabin, and changed into his finest evening clothes.
834	1:31:59.0	1:32:03.9		We are dressed in our best, he said, and we are prepared to go down like gentlemen.
835	1:32:06.1	1:32:13.3		The father of the two little French boys, Lolo and Momon, carried them to one of the last boats.
836	1:32:15.2	1:32:19.4		He dressed them warmly, and passed them into the arms of the women on board.
837	1:32:21.0	1:32:23.4		Both boys arrived safely in New York.
838	1:32:25.3	1:32:30.7	lifeboats-rowing-away	Some people helped others in small, quiet ways that were only remembered later.
839	1:32:32.5	1:32:35.9		A steward gave his own lifebelt to a passenger who had none.
840	1:32:37.4	1:32:43.6		A young woman calmed a frightened child who was not her own, and held her on her lap all night.
841	1:32:45.4	1:32:50.8		Sailors carried small children down the ladders, and passed them gently into the boats.
842	1:32:52.6	1:32:59.7		And on the deck, people helped strangers to tie their lifebelts, and wrapped scarves around their necks against the cold.
843	1:33:02.1	1:33:06.1		Down in the lifeboats, some of the women took the oars themselves.
844	1:33:07.7	1:33:13.8		The young countess, Noël, took the tiller of her boat, and steered it for hours through the dark.
845	1:33:15.6	1:33:22.5		Margaret Brown, in another boat, encouraged everyone to row, to keep warm and to keep busy.
846	1:33:24.4	1:33:29.9		She talked, and joked, and gave away her warm clothes to others.
847	1:33:32.1	1:33:42.5		Below decks, the engineers stayed at their posts, working the pumps, and keeping the generators going, so that the ship would have light and power until the end.
848	1:33:44.8	1:33:48.8		In the radio room, Phillips and Bride kept sending their calls.
849	1:33:50.4	1:33:58.0		Thomas Andrews walked around the ship, helping people to put on their lifebelts, and telling them to hurry to the boats.
850	1:33:59.9	1:34:05.5		And Captain Smith moved among his crew, calm and quiet, giving orders.
851	1:34:07.8	1:34:16.8		One by one, the lifeboats were lowered down the side of the ship, and rowed slowly away across the calm black water.
852	1:34:18.9	1:34:21.4		Their small lamps bobbed on the waves.
853	1:34:22.8	1:34:35.2		And from the boats, people looked back at the great ship, still glowing with light from end to end, but now sitting lower and lower at the front, against the stars.
854	1:34:38.2	1:34:40.7	last-boats-leaving	It was now almost two o'clock in the morning.
855	1:34:42.1	1:34:44.5		Nearly all of the wooden lifeboats had gone.
856	1:34:46.0	1:34:49.5		The crew were working to free the last of the small folding boats.
857	1:34:51.5	1:34:56.5		In the radio room, Captain Smith came to see Phillips and Bride one last time.
858	1:34:58.2	1:35:00.0		He told them that they had done their duty.
859	1:35:01.4	1:35:03.5		You can do no more, he said.
860	1:35:04.9	1:35:06.9		Now it is every man for himself.
861	1:35:08.3	1:35:13.9		But Phillips kept on sending for a few more minutes, calmly tapping out his calls into the night.
862	1:35:15.7	1:35:19.9		Then the two young men left the little room, and went out onto the deck.
863	1:35:22.0	1:35:25.5		The last lifeboat left the ship a few minutes after two o'clock.
864	1:35:27.0	1:35:32.1		And then, for those still on board, there was nothing more to do but wait.
865	1:35:33.9	1:35:39.5		Many of them gathered at the back of the ship, which was now rising slowly higher above the water.
866	1:35:41.2	1:35:43.0		Some stood quietly together.
867	1:35:44.4	1:35:45.4		Some prayed.
868	1:35:46.7	1:35:57.4		A priest named Father Byles, who had been travelling in second class, moved among them, listening, comforting, and praying with those who wanted it.
869	1:36:00.2	1:36:04.4	ship-lights-from-lifeboat	Let's move away from the ship now, and go down into one of the lifeboats.
870	1:36:06.0	1:36:12.7		Let's sit quietly at the back of the little boat, wrapped in a blanket, and look back across the water.
871	1:36:15.1	1:36:17.2		The sea is still completely calm.
872	1:36:18.6	1:36:21.9		The air is very cold, and very clear.
873	1:36:23.4	1:36:31.5		Above us, the stars are shining brightly, thousands and thousands of them, from one edge of the sky to the other.
874	1:36:33.5	1:36:37.9		And in front of us, perhaps half a mile away, is Titanic.
875	1:36:40.0	1:36:45.1		Around us, there are other lifeboats, scattered across the dark water.
876	1:36:46.9	1:36:50.7		We can see their small lamps, bobbing gently up and down.
877	1:36:52.2	1:36:59.2		We can hear the soft splash of oars, and now and then a voice calling from one boat to another across the water.
878	1:37:01.1	1:37:02.8		Nobody knows exactly what to do.
879	1:37:04.2	1:37:12.6		The sailors in our boat row slowly, just enough to keep us away from the ship, and then they rest on their oars, and wait.
880	1:37:14.6	1:37:16.0		Nobody speaks very much.
881	1:37:17.4	1:37:19.3		Everyone is looking in the same direction.
882	1:37:21.2	1:37:23.9		From here, she still looks beautiful.
883	1:37:25.3	1:37:26.5		All her lights are shining.
884	1:37:27.9	1:37:34.5		Row after row of golden windows, glowing in the dark, from one end of the ship to the other.
885	1:37:36.3	1:37:39.4		Her four great funnels stand tall against the stars.
886	1:37:40.9	1:37:48.5		But her bow is now deep in the water, and her stern is rising, slowly and steadily, into the air.
887	1:37:51.0	1:37:55.3	lights-flicker-silhouette	Lawrence Beesley, the science teacher, was in one of the lifeboats.
888	1:37:56.9	1:38:03.2		He watched the ship very carefully, as he always did, and later he described what he saw.
889	1:38:05.6	1:38:09.4		As the ship tilted more and more, the lights began to flicker.
890	1:38:10.9	1:38:14.2		They went out for a moment, and then came on again.
891	1:38:15.8	1:38:17.4		Then they flickered once more.
892	1:38:18.7	1:38:24.6		And then they went out altogether, and the great ship was only a dark shape against the stars.
893	1:38:26.9	1:38:34.8		For a few moments, the stern stood up high above the sea, black and still, like a tall building in the night.
894	1:38:36.8	1:38:43.6		And then, slowly, and quietly, it began to slide down, into the water.
895	1:38:45.5	1:38:49.7		Lower, and lower, and then it was gone.
896	1:38:51.8	1:38:54.2		It was twenty minutes past two in the morning.
897	1:38:55.6	1:38:59.5		The date was the fifteenth of April, 1912.
898	1:39:01.1	1:39:04.1		Titanic had been at sea for less than five days.
899	1:39:06.1	1:39:12.6	calm-sea-under-stars	Where the great ship had been, there was only the flat black sea, and the stars shining down on it.
900	1:39:15.0	1:39:17.6		More than fifteen hundred people were lost that night.
901	1:39:19.0	1:39:23.8		Among them were Thomas Andrews, and Captain Smith, and William Murdoch.
902	1:39:25.5	1:39:29.4		Isidor and Ida Straus, and John Jacob Astor.
903	1:39:31.0	1:39:35.1		The engineers who kept the lights burning, and the musicians who kept playing.
904	1:39:36.7	1:39:40.2		The young radio operator, Jack Phillips.
905	1:39:41.8	1:39:43.8		The father of the two little French boys.
906	1:39:45.2	1:39:51.9		And hundreds of the young emigrants from the third class, who had danced and sung together only a few nights before.
907	1:39:53.7	1:39:57.2		We remember them quietly, and with kindness.
908	1:39:59.3	1:40:01.9		In the lifeboats, it was very quiet.
909	1:40:03.4	1:40:04.9		Nobody spoke very much.
910	1:40:06.2	1:40:16.8		In one boat, Fifth Officer Harold Lowe gathered several of the lifeboats together, and tied them to each other with ropes, so that they would not drift apart in the dark.
911	1:40:19.1	1:40:26.0		Then he moved some of the people into the other boats, and took his own boat back, to search for anyone he could help.
912	1:40:27.9	1:40:33.1		He found a few people, and brought them into his boat, and wrapped them up warmly.
913	1:40:35.3	1:40:38.3	lifeboats-waiting-horizon	And then, there was nothing to do but wait.
914	1:40:40.3	1:40:43.5		In the lifeboats, people huddled together for warmth.
915	1:40:45.0	1:40:47.4		They shared coats and blankets and scarves.
916	1:40:48.8	1:40:52.6		Mothers held their children close, and sang to them softly.
917	1:40:54.2	1:40:57.0		Some of the women rowed, to keep warm.
918	1:40:58.5	1:41:03.7		Some of the sailors told stories, or sang old songs, to help the time pass.
919	1:41:05.4	1:41:09.6		And in some of the boats, people said prayers together, very quietly.
920	1:41:11.7	1:41:15.4		It was bitterly cold, and the night seemed very long.
921	1:41:17.0	1:41:20.8		But the sea stayed calm, and the stars stayed bright.
922	1:41:22.4	1:41:28.1		Now and then, someone saw a light on the horizon, and hope rose in the boats.
923	1:41:29.9	1:41:33.1		Sometimes it was only a star, low in the sky.
924	1:41:34.6	1:41:36.5		Sometimes it was a lifeboat's lamp.
925	1:41:38.4	1:41:46.1		In one boat, a sailor lit a small green flare, and held it up high, so that it could be seen from far away.
926	1:41:48.0	1:41:56.9		Its soft green light glowed over the water, over the tired faces of the people in the boats, and far out across the dark and silent sea.
927	1:41:59.5	1:42:05.8	carpathia-lights-dawn	At a little after half past three in the morning, the people in the lifeboats saw something on the horizon.
928	1:42:07.7	1:42:10.5		At first, it was just a small light.
929	1:42:11.9	1:42:13.9		Then another light, above it.
930	1:42:15.3	1:42:17.5		Then a rocket, rising into the sky.
931	1:42:19.0	1:42:20.2		It was the Carpathia.
932	1:42:22.0	1:42:28.2		She had raced through the night for more than three hours, weaving her way carefully between the icebergs.
933	1:42:30.0	1:42:31.0		Now she was here.
934	1:42:32.3	1:42:39.1		On her bridge, Captain Rostron could see the small green flare glowing over the water, and he steered towards it.
935	1:42:41.5	1:42:47.8		Around four o'clock, the Carpathia stopped her engines, and drifted slowly towards the first lifeboat.
936	1:42:49.6	1:42:55.4		It was the boat of Fourth Officer Boxhall, the young officer who had worked out the ship's position.
937	1:42:57.2	1:43:03.6		One by one, the people in the boat were helped up the ladders and ropes, onto the deck of the Carpathia.
938	1:43:05.4	1:43:10.8		Some were too cold and tired to climb, and were lifted up gently in canvas slings.
939	1:43:12.6	1:43:15.4		The children were pulled up in bags and baskets.
940	1:43:17.3	1:43:20.4	pink-icebergs-sunrise	Slowly, the sky began to grow lighter.
941	1:43:22.0	1:43:27.4		And as the sun came up, the people in the lifeboats looked around them for the first time.
942	1:43:29.6	1:43:31.3		What they saw took their breath away.
943	1:43:32.7	1:43:37.3		All around them, as far as they could see, the sea was full of ice.
944	1:43:38.9	1:43:44.7		There were icebergs everywhere, dozens of them, some small, some as tall as church towers.
945	1:43:46.5	1:43:50.4		And there were long fields of flat ice, stretching away to the horizon.
946	1:43:52.0	1:43:56.7		In the light of the rising sun, the ice glowed in beautiful soft colours.
947	1:43:58.4	1:44:03.9		Pink, and gold, and pale blue, and white.
948	1:44:05.6	1:44:10.6		Some of the survivors said it was the most beautiful and the strangest sight they had ever seen.
949	1:44:12.3	1:44:17.2		The sun rose higher, and slowly warmed the cold faces in the boats.
950	1:44:18.9	1:44:23.3		After the long dark night, the daylight felt like a gift.
951	1:44:25.4	1:44:27.5		The sea was no longer quite so calm.
952	1:44:29.0	1:44:33.8		A light wind had started, and small waves began to rock the lifeboats.
953	1:44:35.4	1:44:41.8		But one by one, the boats rowed across to the Carpathia, and were brought alongside.
954	1:44:43.7	1:44:45.2		Margaret Brown's boat.
955	1:44:46.5	1:44:47.7		The countess's boat.
956	1:44:49.0	1:44:51.2		The boat that carried Lolo and Momon.
957	1:44:52.7	1:44:57.5		The very last boat to reach the ship was the one with Second Officer Lightoller.
958	1:44:59.1	1:45:01.8		It arrived at about half past eight in the morning.
959	1:45:03.8	1:45:08.8	carpathia-deck-blankets	On board the Carpathia, the passengers and crew did everything they could to help.
960	1:45:10.5	1:45:15.0		They gave the survivors blankets, and hot drinks, and warm soup.
961	1:45:16.7	1:45:20.5		They gave up their own cabins, and their own clothes.
962	1:45:22.0	1:45:24.8		The ship's doctors looked after anyone who needed care.
963	1:45:26.3	1:45:35.4		In the dining rooms, people rested on the sofas and on the floor, wrapped in blankets, and slept, and slowly grew warm again.
964	1:45:38.0	1:45:42.0		In the end, around seven hundred and five people were rescued.
965	1:45:43.6	1:45:45.4		Many of them were looking for someone.
966	1:45:46.8	1:45:51.8		A husband, a father, a brother, a friend.
967	1:45:53.5	1:45:59.6		They walked up and down the decks, looking at the faces of the others, and asking the crew for news.
968	1:46:01.4	1:46:03.4		Some found the person they were looking for.
969	1:46:04.8	1:46:05.7		Many did not.
970	1:46:07.5	1:46:14.8		Captain Rostron held a short service on board, to give thanks for those who were saved, and to remember those who were lost.
971	1:46:16.7	1:46:24.7		Then the Carpathia sailed slowly around the place where Titanic had gone down, one last time, looking for anyone else.
972	1:46:26.7	1:46:28.0		But there was no one.
973	1:46:29.4	1:46:35.6		There was only a few scattered pieces of wood, some deck chairs, and the calm grey sea.
974	1:46:37.4	1:46:42.1		So Rostron turned his ship around, and set a course for New York.
975	1:46:44.3	1:46:47.7		Not far away, the Californian had now woken up.
976	1:46:49.2	1:46:55.3		In the early morning, her radio operator had turned on his radio again, and heard the news.
977	1:46:57.1	1:47:02.1		She came slowly through the ice, and reached the Carpathia later that morning.
978	1:47:03.8	1:47:07.8		But by then, everyone who could be saved was already on board.
979	1:47:09.4	1:47:15.0		The two ships stayed together for a little while, and the Californian searched the area once more.
980	1:47:16.8	1:47:21.4		Then they sailed away in different directions, and the sea was empty again.
981	1:47:23.5	1:47:25.9	margaret-brown-helping	The journey to New York took almost four days.
982	1:47:27.4	1:47:29.4		It was a quiet and sad voyage.
983	1:47:30.8	1:47:36.2		The weather turned grey, and cold, with fog and rain, and a rough sea.
984	1:47:38.4	1:47:41.6		But on board, people helped each other.
985	1:47:43.1	1:47:51.1		Margaret Brown spoke with the survivors in their own languages, and made lists of who needed clothes, and food, and help.
986	1:47:53.1	1:47:58.0		She collected money from the richer passengers, to help those who had lost everything.
987	1:47:59.7	1:48:05.2		Before the Carpathia reached New York, she had already raised thousands of dollars.
988	1:48:07.0	1:48:12.0		Other passengers knitted clothes for the children, and sewed dresses from blankets.
989	1:48:14.2	1:48:19.5		The people of the Carpathia had been on their way to a holiday in the sunshine of Italy and the Mediterranean.
990	1:48:21.2	1:48:28.7		Now, suddenly, they found themselves sailing back to New York, with more than seven hundred strangers on board.
991	1:48:30.7	1:48:31.9		But nobody complained.
992	1:48:33.2	1:48:40.2		They shared their cabins and their meals, and they sat with the survivors, and listened to them, and held their hands.
993	1:48:42.1	1:48:44.1		Many of them became friends for life.
994	1:48:45.5	1:48:52.2		Years later, some of the survivors still wrote letters every Christmas to the people who had cared for them on board.
995	1:48:54.5	1:48:59.9		Harold Bride, the young radio operator, had hurt his feet in the cold.
996	1:49:01.7	1:49:11.2		But he sat in the Carpathia's radio room anyway, helping her operator, Harold Cottam, to send the names of the survivors to the waiting world.
997	1:49:13.8	1:49:18.4	new-york-pier-rain	On the evening of the eighteenth of April, the Carpathia arrived in New York.
998	1:49:20.1	1:49:22.7		It was dark, and it was raining.
999	1:49:24.7	1:49:28.8		The news had already reached the city, and the whole world was waiting.
1000	1:49:30.4	1:49:39.5		Tens of thousands of people had gathered along the harbour and on the quay, standing silently in the rain, under a great sea of black umbrellas.
1001	1:49:41.6	1:49:44.2		They were waiting for news of their families and friends.
1002	1:49:45.6	1:49:47.6		Reporters with cameras stood among them.
1003	1:49:49.5	1:49:59.7		First, the Carpathia sailed to the White Star pier, and left the lifeboats of Titanic there, the only parts of the ship that had come home.
1004	1:50:02.0	1:50:04.3		Then she sailed on to her own pier.
1005	1:50:05.7	1:50:14.6		At about half past nine in the evening, the gangways were lowered, and the survivors began to walk slowly down onto the land.
1006	1:50:16.7	1:50:20.5		Some were met by their families, with tears and long embraces.
1007	1:50:22.1	1:50:28.1		Some were taken to hospitals, or to hotels, or to the homes of kind strangers.
1008	1:50:29.9	1:50:40.7		And many of the young emigrants from the third class simply walked out into the great city, with nothing but the clothes they were wearing, to begin their new lives in America after all.
1009	1:50:43.4	1:50:48.7	inquiry-hearing-room	In the weeks after Titanic was lost, people everywhere wanted to understand what had happened.
1010	1:50:50.5	1:50:55.9		How could the largest and finest ship in the world be lost on her very first voyage?
1011	1:50:57.6	1:51:01.2		And what could be done, to make sure that it never happened again?
1012	1:51:03.3	1:51:08.6		In America, a senator named William Alden Smith led an inquiry.
1013	1:51:10.3	1:51:18.1		It began the day after the Carpathia arrived, in a grand hotel in New York, and later continued in Washington.
1014	1:51:20.1	1:51:25.0		Survivors, officers and crew members came one by one to tell their stories.
1015	1:51:26.7	1:51:29.2		Frederick Fleet, the lookout.
1016	1:51:30.6	1:51:34.2		Charles Lightoller, the second officer.
1017	1:51:35.8	1:51:38.7		Harold Bride, the radio operator.
1018	1:51:40.2	1:51:42.4		Captain Rostron of the Carpathia.
1019	1:51:43.8	1:51:47.2		And Bruce Ismay, the head of the White Star Line.
1020	1:51:49.2	1:51:54.5		In Britain, there was another inquiry, led by a judge named Lord Mersey.
1021	1:51:56.3	1:52:00.8		It took place in a large hall in London, and it lasted for many weeks.
1022	1:52:02.4	1:52:08.8		A huge model of the ship stood at the front of the room, and a large map of the ocean hung on the wall.
1023	1:52:10.6	1:52:17.8		Once again, the survivors and the crew told their stories, carefully, one detail at a time.
1024	1:52:20.3	1:52:24.1		In Southampton, the news was felt most of all.
1025	1:52:25.6	1:52:33.2		So many of the crew had come from the same streets, close to the docks, that almost every family knew someone who had been on board.
1026	1:52:35.2	1:52:41.9		For days, people gathered outside the offices of the White Star Line, waiting for the lists of names.
1027	1:52:43.8	1:52:45.1		Neighbours helped each other.
1028	1:52:46.4	1:52:50.1		Churches and towns all over Britain collected money for the families.
1029	1:52:51.7	1:53:01.4		And in Belfast, too, the shipyard fell silent, as the workers remembered Thomas Andrews, and the men from the yard who had sailed with him.
1030	1:53:04.0	1:53:07.7		In the years that followed, memorials were built in many places.
1031	1:53:09.3	1:53:15.3		In Southampton, there is a memorial to the engineers, and another to the musicians.
1032	1:53:17.1	1:53:21.5		In Belfast, there is a white stone memorial beside the City Hall.
1033	1:53:23.2	1:53:34.2		And in many small towns and villages, from Ireland to Lebanon to Sweden, there are quiet stones and plaques with the names of the people who once set out on that voyage.
1034	1:53:37.0	1:53:43.3	lifeboats-for-all-ship	From these inquiries, and from the stories of the survivors, many important lessons were learned.
1035	1:53:45.1	1:53:47.3		And they changed life at sea for ever.
1036	1:53:49.2	1:53:52.3		The first and simplest lesson was about lifeboats.
1037	1:53:53.8	1:53:59.2		From now on, every ship would have to carry enough lifeboats for every single person on board.
1038	1:54:01.0	1:54:07.5		And there would have to be lifeboat drills, so that passengers and crew knew exactly where to go and what to do.
1039	1:54:09.8	1:54:11.7		The second lesson was about the radio.
1040	1:54:13.1	1:54:21.5		From now on, the radio on a passenger ship would have to be listened to all day and all night, every hour of every day.
1041	1:54:23.5	1:54:29.7		No ship would ever again sail past a call for help, simply because its radio operator had gone to sleep.
1042	1:54:32.1	1:54:34.4		And the third lesson was about the ice.
1043	1:54:35.8	1:54:43.8		In 1914, the countries of the world agreed to create a special service, called the International Ice Patrol.
1044	1:54:45.8	1:54:53.9		Its ships would sail the cold waters of the North Atlantic every spring, watching for icebergs, and warning other ships where they were.
1045	1:54:55.9	1:55:01.3		Today, the Ice Patrol still exists, using aeroplanes and satellites.
1046	1:55:03.0	1:55:11.4		And every year, on the fifteenth of April, they drop a wreath of flowers onto the sea, near the place where Titanic was lost.
1047	1:55:14.0	1:55:17.3	carpathia-captain-medal	Captain Rostron of the Carpathia became a hero.
1048	1:55:18.8	1:55:24.0		He was given medals and awards, and a special gold medal by the American Congress.
1049	1:55:25.7	1:55:29.4		But he always said that he had simply done what any captain would do.
1050	1:55:31.0	1:55:36.2		Later in his life, he became the commander of some of the largest ships on the Atlantic.
1051	1:55:37.9	1:55:44.9		And his crew never forgot that cold night, when their old ship had raced faster through the ice than she had ever gone before.
1052	1:55:47.3	1:55:52.2		The Olympic, Titanic's older sister, was changed to make her safer.
1053	1:55:53.9	1:55:58.8		She was given more lifeboats, and an extra inner wall along her sides.
1054	1:56:00.5	1:56:08.6		She went on sailing across the Atlantic for more than twenty years, carrying hundreds of thousands of passengers safely across the ocean.
1055	1:56:10.6	1:56:12.6		Sailors gave her a friendly nickname.
1056	1:56:14.0	1:56:15.7		They called her Old Reliable.
1057	1:56:17.6	1:56:24.4	survivors-later-life	Charles Lightoller, the second officer, went back to sea, and served in the navy during the First World War.
1058	1:56:26.3	1:56:36.5		Many years later, when he was an old man, he sailed his own small motor boat across the English Channel, to help bring soldiers home from the beaches of Dunkirk.
1059	1:56:38.7	1:56:48.6		Harold Bride, the young radio operator, recovered from the cold, and went back to work at sea for a while, before settling down in Scotland.
1060	1:56:50.8	1:56:60.0		And Frederick Fleet, the lookout, worked on ships for many more years, and later sold newspapers on a street corner in Southampton.
1061	1:57:02.6	1:57:04.2		And what happened to the passengers?
1062	1:57:06.0	1:57:09.4		Many of them went on to live long, full lives.
1063	1:57:11.0	1:57:19.7		Lawrence Beesley, the science teacher, wrote his book about the voyage, only a few weeks after he arrived in New York.
1064	1:57:21.8	1:57:25.7		He later married again, and lived until he was almost ninety.
1065	1:57:27.7	1:57:29.7		Margaret Brown became famous.
1066	1:57:31.1	1:57:37.3		Newspapers called her the unsinkable Molly Brown, although nobody who knew her ever called her Molly.
1067	1:57:39.2	1:57:46.1		She spent the rest of her life working to help others, especially women, children and working people.
1068	1:57:48.0	1:57:53.9		She was even given one of France's highest honours, for her work helping people during the First World War.
1069	1:57:56.1	1:57:59.9		Violet Jessop, the stewardess, kept working at sea.
1070	1:58:01.5	1:58:10.1		A few years later, she was on board the third sister, the Britannic, when it too was lost, during the First World War.
1071	1:58:12.2	1:58:15.4		And once again, she was safely rescued.
1072	1:58:16.9	1:58:27.1		She worked on ships for many more years, and later retired to a small cottage in the English countryside, where she kept chickens, and grew flowers in her garden.
1073	1:58:29.8	1:58:37.7		The two little French boys, Lolo and Momon, were soon reunited with their mother, who travelled from France to fetch them.
1074	1:58:39.7	1:58:44.4		Michel, the older one, grew up to become a teacher of philosophy.
1075	1:58:46.1	1:58:52.0		He lived until the year 2001, and he was the last man who had survived Titanic.
1076	1:58:54.3	1:58:58.5	millvina-dean-cottage	The youngest survivor of all was a baby girl called Millvina Dean.
1077	1:59:00.1	1:59:09.0		She was only nine weeks old when her family boarded the ship in Southampton, travelling in third class, on their way to start a new life in Kansas.
1078	1:59:11.1	1:59:18.5		On that cold night, she was wrapped in a blanket and carried to a lifeboat, and she slept most of the way.
1079	1:59:20.4	1:59:26.3		Her mother brought her safely back to England, and she grew up there, never remembering the ship at all.
1080	1:59:28.6	1:59:31.4		For many years, she hardly spoke about it.
1081	1:59:32.9	1:59:39.8		But later in her life, she became very well known, and she received letters from all over the world.
1082	1:59:41.7	1:59:46.2		She was very kind, and patient, and she answered many of them.
1083	1:59:47.8	1:59:52.7		She lived until the year 2009, when she was ninety-seven years old.
1084	1:59:54.4	1:59:56.9		She was the very last survivor of Titanic.
1085	1:59:58.9	2:00:03.9	deep-ocean-darkness	For more than seventy years, Titanic lay somewhere at the bottom of the North Atlantic Ocean.
1086	2:00:05.6	2:00:07.2		But nobody knew exactly where.
1087	2:00:09.0	2:00:10.7		The sea there is very deep.
1088	2:00:12.1	2:00:13.9		Almost four kilometres deep.
1089	2:00:15.3	2:00:22.1		If you could stand on the seabed and look up, there would be more than two and a half miles of water above your head.
1090	2:00:24.0	2:00:26.0		It is completely dark down there.
1091	2:00:27.4	2:00:29.0		No sunlight ever reaches it.
1092	2:00:30.3	2:00:36.4		The water is very cold, just a little above freezing, and very, very still.
1093	2:00:38.7	2:00:42.2		Over the years, many people dreamed of finding the ship.
1094	2:00:43.8	2:00:52.9		There were plans to raise her back to the surface, with balloons, or with magnets, or even by filling her with ping-pong balls.
1095	2:00:55.0	2:00:58.5		Some expeditions set out to search for her with special equipment.
1096	2:01:00.0	2:01:07.0		But the ocean is vast, and the position that Boxhall had worked out on that night was not quite exact.
1097	2:01:08.9	2:01:11.7		For a long time, nobody found anything.
1098	2:01:13.7	2:01:19.5	research-ship-knorr-night	Then, in the summer of 1985, a French and American team set out together.
1099	2:01:21.3	2:01:25.0		The French team was led by an explorer named Jean-Louis Michel.
1100	2:01:26.6	2:01:31.1		The American team was led by an ocean scientist named Robert Ballard.
1101	2:01:33.2	2:01:42.1		First, the French ship searched a large area of the seabed with sound, sending signals down into the depths and listening for their echoes.
1102	2:01:44.2	2:01:48.2		Then the American ship, called Knorr, took over.
1103	2:01:49.8	2:01:55.7		She towed a special camera sledge called Argo, deep below her on a very long cable.
1104	2:01:57.5	2:02:04.7		Argo carried bright lights and cameras, and it sent its pictures up the cable to a room full of screens on the ship.
1105	2:02:07.1	2:02:11.0		Day and night, the scientists took turns watching the screens.
1106	2:02:12.6	2:02:16.4		For days, they saw nothing but mud and sand.
1107	2:02:18.0	2:02:25.5		The screens glowed softly in the dark room, showing the grey, empty seabed, sliding slowly past.
1108	2:02:27.4	2:02:33.8		Now and then, a small fish swam by, or a strange pale creature crawled across the mud.
1109	2:02:35.7	2:02:40.5		The scientists drank cups of coffee, and told each other stories to stay awake.
1110	2:02:42.2	2:02:49.9		And the ship moved slowly back and forth across the sea, in long straight lines, like a farmer ploughing a field.
1111	2:02:51.8	2:02:52.9		Time was running out.
1112	2:02:54.2	2:02:56.7		In a few days, they would have to go home.
1113	2:02:58.7	2:03:06.9	boiler-on-seabed	Then, very early in the morning of the first of September, 1985, something appeared on the screens.
1114	2:03:08.9	2:03:12.9		At first, it was just small pieces of metal lying on the sand.
1115	2:03:14.5	2:03:19.3		Then, suddenly, a large round shape came into view.
1116	2:03:21.0	2:03:24.9		It was one of Titanic's great boilers, lying on the seabed.
1117	2:03:26.5	2:03:33.0		The same kind of boilers that the stokers had fed with coal, day and night, so long ago.
1118	2:03:35.3	2:03:37.3		The team on the ship was filled with joy.
1119	2:03:38.7	2:03:39.8		They had found her.
1120	2:03:41.1	2:03:46.1		But then, they remembered where they were, and what had happened here.
1121	2:03:47.8	2:03:57.8		So they went quietly up onto the deck of their ship, in the cold early morning, and stood together in silence, to remember the people who had been lost.
1122	2:04:00.5	2:04:06.5	bow-wreck-deep-light	The next summer, Ballard came back, with a small submarine called Alvin.
1123	2:04:08.3	2:04:11.2		It could carry three people all the way down to the seabed.
1124	2:04:12.7	2:04:16.7		The journey down took more than two hours, in total darkness.
1125	2:04:18.3	2:04:24.2		And then, in the lights of the submarine, the great bow of Titanic appeared out of the dark.
1126	2:04:26.5	2:04:30.7		She was still standing upright on the seabed, as if she was still sailing.
1127	2:04:32.3	2:04:35.9		Her railings were still there, along the edge of her deck.
1128	2:04:37.5	2:04:39.3		Her anchors were still in place.
1129	2:04:40.7	2:04:49.3		On her deck, the explorers saw the base of the mast where Frederick Fleet had stood in the crow's nest, looking out into the night.
1130	2:04:51.8	2:04:55.6		The team found that the ship had broken into two parts as she sank.
1131	2:04:57.2	2:05:02.9		The bow and the stern lay about half a kilometre apart, facing in different directions.
1132	2:05:04.7	2:05:09.9		Between them, there was a wide field of objects scattered across the sand.
1133	2:05:11.6	2:05:12.8		Plates and cups.
1134	2:05:14.1	2:05:16.5		Bottles of wine, still sealed.
1135	2:05:18.0	2:05:20.3		Pieces of the beautiful grand staircase.
1136	2:05:21.7	2:05:23.0		A small leather shoe.
1137	2:05:24.8	2:05:27.3		Ballard did not take anything away from the wreck.
1138	2:05:28.8	2:05:30.9		He felt that it should be left in peace.
1139	2:05:32.3	2:05:38.4		Before he left, he placed a small memorial plaque on the stern, in memory of all who had been lost.
1140	2:05:40.2	2:05:44.6		Later, other expeditions did bring up some objects from the seabed.
1141	2:05:46.2	2:05:49.2		Today, many of them can be seen in museums.
1142	2:05:50.7	2:05:53.7		There are dinner plates with the flag of the White Star Line.
1143	2:05:55.2	2:06:04.0		There is a pair of spectacles, a pocket watch, and a small bottle of perfume, which still smells faintly of flowers.
1144	2:06:06.1	2:06:13.0		Each of them once belonged to someone, and each of them tells a small, quiet part of the story.
1145	2:06:15.4	2:06:17.2	rusticles-railing-glow	The ship is slowly changing.
1146	2:06:18.6	2:06:24.1		Tiny living things, too small to see, are feeding on the iron of her hull.
1147	2:06:25.8	2:06:33.8		They create long, soft, rust-coloured shapes that hang down from her sides, like icicles.
1148	2:06:35.8	2:06:38.0		The scientists call them rusticles.
1149	2:06:39.5	2:06:46.3		Slowly, over many years, the great ship is becoming part of the sea floor.
1150	2:06:48.1	2:06:52.0		Soft corals and small, pale creatures live on her decks.
1151	2:06:53.6	2:06:55.9		Fish swim slowly through her windows.
1152	2:06:57.4	2:07:02.1		One day, perhaps many years from now, she will be gone altogether.
1153	2:07:04.2	2:07:06.5		Today, the wreck is protected.
1154	2:07:08.0	2:07:18.9		In 2012, a hundred years after she sank, Titanic came under the protection of a special agreement of the United Nations, to protect places of history beneath the sea.
1155	2:07:21.2	2:07:28.2		People are asked to treat her gently, and with respect, because she is a memorial to all who were lost.
1156	2:07:30.6	2:07:39.7		And in 2023, two small underwater robots spent weeks gliding slowly around the wreck, taking hundreds of thousands of photographs.
1157	2:07:41.8	2:07:48.4		From those photographs, scientists made a perfect three-dimensional picture of the whole ship, as she is today.
1158	2:07:50.2	2:07:57.9		For the first time, people could see Titanic complete, from end to end, as if all the water of the ocean had been drained away.
1159	2:07:59.9	2:08:05.2		Quiet, and still, and resting peacefully in the deep.
1160	2:08:07.4	2:08:11.4	belfast-titanic-quarter-evening	Let's go back now, one last time, to where this story began.
1161	2:08:13.0	2:08:14.4		Let's go back to Belfast.
1162	2:08:16.3	2:08:18.1		The old shipyard is quieter now.
1163	2:08:19.4	2:08:21.5		The great iron gantry is gone.
1164	2:08:23.0	2:08:33.0		But the slipway where Titanic was built is still there, by the water, and at night it is lit with soft lights, in the shape of the ship's decks.
1165	2:08:35.2	2:08:46.5		Beside it stands a large, shining building, shaped like the bows of four great ships, and inside it, people from all over the world come to learn about her story.
1166	2:08:48.8	2:08:57.7		In the harbour nearby, the little tender Nomadic floats peacefully at her quay, freshly painted, just as she was on that spring evening in Cherbourg.
1167	2:09:00.3	2:09:02.0	ship-at-sea-evening-memory	But let's not stay on land.
1168	2:09:03.3	2:09:09.7		Let's close our eyes, and imagine the ship as she was, on one of those first calm days at sea.
1169	2:09:12.1	2:09:13.6		It is late in the afternoon.
1170	2:09:14.9	2:09:18.8		The sun is low over the water, and its light is warm and golden.
1171	2:09:20.4	2:09:27.0		Titanic is moving slowly and steadily across the ocean, with a long white trail of foam behind her.
1172	2:09:28.9	2:09:34.5		Smoke drifts gently from her tall funnels, and seagulls float in the air above her stern.
1173	2:09:36.7	2:09:42.5		On the promenade deck, people are walking slowly up and down, wrapped in warm coats.
1174	2:09:44.3	2:09:51.1		Some are sitting in deck chairs with blankets over their knees, reading, or dozing in the last of the sunshine.
1175	2:09:53.0	2:09:58.1		An elderly couple sit side by side, holding hands, watching the sea.
1176	2:10:00.3	2:10:08.0	children-playing-deck-sunset	At the back of the ship, children are playing on the open deck, running and laughing, their cheeks pink from the cold wind.
1177	2:10:10.0	2:10:16.5		Their mothers call to them, and they come running back, and are wrapped up warmly in woollen scarves.
1178	2:10:18.3	2:10:24.5		Somewhere below, a young man is playing a tune on a fiddle, and people are clapping along.
1179	2:10:26.9	2:10:31.4		In the great kitchens, the bakers are starting to prepare tomorrow's bread.
1180	2:10:33.0	2:10:40.6		In the dining saloon, the stewards are setting the tables with white cloths and silver cutlery, for dinner.
1181	2:10:42.6	2:10:49.8		And up in the reception room, the musicians are tuning their instruments, and choosing the first soft waltz of the evening.
1182	2:10:52.2	2:10:56.2	ship-windows-glow-dusk	Slowly, the sun sinks into the sea.
1183	2:10:57.8	2:11:03.4		The sky turns orange, and then pink, and then a deep, soft blue.
1184	2:11:05.1	2:11:08.3		One by one, the lights come on along the ship.
1185	2:11:09.9	2:11:17.3		Row after row of golden windows, glowing warmly in the dusk, from the front of the ship to the back.
1186	2:11:19.7	2:11:22.7		In the dining saloon, dinner has begun.
1187	2:11:24.2	2:11:29.0		The room is full of soft light, and the gentle clink of silver on china.
1188	2:11:30.7	2:11:34.1		In the second class, people are laughing over their soup.
1189	2:11:35.6	2:11:42.5		In the third class dining room, the long tables are full, and someone is telling a story that makes everyone laugh.
1190	2:11:44.4	2:11:50.9		And in the kitchens, the cooks move quickly between the great ovens, while steam rises from the pots.
1191	2:11:53.3	2:11:58.2		After dinner, some people go out onto the deck again, to look at the sea.
1192	2:11:59.9	2:12:02.2		The last light has gone from the sky now.
1193	2:12:03.6	2:12:11.3		The water is dark and still, and the stars are coming out, one by one, and then all at once.
1194	2:12:13.8	2:12:16.8		The air grows colder, and people go inside.
1195	2:12:18.3	2:12:21.0		Doors close, and curtains are drawn.
1196	2:12:22.4	2:12:32.4		Inside, it is warm and bright, and full of quiet voices, and soft music, and the gentle hum of the engines, deep below.
1197	2:12:35.1	2:12:38.6	starry-ocean-goodnight	Now the ship is far out on the ocean, under the stars.
1198	2:12:40.2	2:12:45.9		Thousands of them, shining clear and bright, all the way down to the edge of the sea.
1199	2:12:47.6	2:12:51.2		The water is calm, and dark, and peaceful.
1200	2:12:52.8	2:13:01.3		And the great ship moves on through the night, with all her lights glowing, like a small bright town, floating slowly across the sea.
1201	2:13:03.9	2:13:06.8		Up on the bridge, the officers keep watch.
1202	2:13:08.2	2:13:11.5		Down in the cabins, the passengers are falling asleep.
1203	2:13:13.1	2:13:24.1		In the small bunks of the third class, and the soft beds of the first class, people close their eyes, and drift off, rocked gently by the slow movement of the ship.
1204	2:13:26.4	2:13:32.1		Dreaming of home, and of the new world that is waiting for them, somewhere beyond the horizon.
1205	2:13:34.3	2:13:39.6		Let's leave them there, sleeping peacefully, on that calm and starlit sea.
1206	2:13:41.4	2:13:45.1		And let's remember them all, quietly, and kindly.
1207	2:13:46.6	2:13:50.3		The builders, the crew, and the passengers.
1208	2:13:51.9	2:13:56.8		And the great ship that carried them, for a few short days, across the ocean.
1209	2:13:59.0	2:13:59.8		Rest now.
1210	2:14:01.1	2:14:02.8		There is nowhere you need to be.
1211	2:14:04.2	2:14:08.6		The sea is calm, the stars are bright, and the night is long and quiet.
1212	2:14:10.7	2:14:11.1		Goodnight.
