#	start	end	image	text
1	0:00:00.0	0:00:11.1	01-counting-winters	Tonight we are going about eleven hundred years back, to the cold north of Scandinavia, where the Viking farms lie quiet under the first snow.
2	0:00:13.6	0:00:21.5		On a small farm beside a grey fjord, a family is carrying the last armfuls of firewood in from the yard.
3	0:00:23.7	0:00:26.2		The Vikings counted their years in winters.
4	0:00:27.5	0:00:34.0		When a Norse person spoke of age, they often counted winters rather than summers.
5	0:00:35.3	0:00:41.9		A man might be called twelve winters old, and a long life was a life of many winters.
6	0:00:43.3	0:00:46.7		This tells us something about how the northern year felt.
7	0:00:47.9	0:00:55.3		Most people in the Viking world seem to have thought of the year as having two great halves, a summer and a winter.
8	0:00:56.8	0:00:59.3		Spring and autumn were short bridges.
9	0:01:00.4	0:01:10.7		The old Norse word for summer is sumar, and the word for winter is vetr, and both are close cousins of the words we use today.
10	0:01:12.4	0:01:18.5		The winter half was the one that mattered most, because it was the one that tested a household.
11	0:01:19.8	0:01:21.8		Summer brought light and travel.
12	0:01:22.8	0:01:30.0		Winter asked whether the barn was full, whether the roof was sound and whether the wood pile was high enough.
13	0:01:31.4	0:01:35.6		If a family came through it, that was worth counting.
14	0:01:36.8	0:01:40.2		So the winters became the marks on the long stick of a life.
15	0:01:41.4	0:01:47.9		A wish for a good winter was a kind of blessing, a hope for warmth and enough food.
16	0:01:49.3	0:02:03.3		In the days to come, we will follow one household through all those dark months, beginning with the work of autumn, when every hand on the farm turned toward the cold that was coming.
17	0:02:05.2	0:02:10.3		A person who has counted many winters has also counted many returns of the light.
18	0:02:12.4	0:02:16.6	02-last-hay	The last hay of autumn decided how many animals would live through winter.
19	0:02:18.0	0:02:23.7		On a Viking farm, the grass of summer was the most valuable crop of all.
20	0:02:25.1	0:02:31.6		People cut it with short iron scythes, and archaeologists have found many of these blades.
21	0:02:33.0	0:02:43.7		They spread the cut grass on the ground to dry in the sun and the wind, and they turned it with wooden rakes so that no damp pocket was left inside.
22	0:02:45.5	0:02:51.7		Damp hay could rot or heat up in the barn, so the work was careful and slow.
23	0:02:53.1	0:03:04.7		When the hay was dry and sweet, it was carried in bundles to the farm and stacked in barns or in tall stacks near the house, sometimes covered to keep the rain off.
24	0:03:06.4	0:03:18.0		Every cow, sheep, goat and horse would eat from that store through the cold months, when the fields lay white and bare.
25	0:03:19.8	0:03:25.9		A farmer had to guess how long the winter would be, and the guess was never certain.
26	0:03:27.3	0:03:34.0		Some hay was saved for the late weeks, when the animals were thin and the snow still lay deep.
27	0:03:35.4	0:03:44.6		Leaves from trees were sometimes gathered as extra feed too, and the sagas hint that a hard spring could be harder than the winter itself.
28	0:03:46.2	0:03:53.5		The smell of dry grass hung over the farm in these days, green and warm like a memory of summer.
29	0:03:54.9	0:03:59.3		Every stack was a small promise made to the animals before the first snow.
30	0:04:01.2	0:04:04.5	03-autumn-larder	Autumn was the month when meat was saved for the cold.
31	0:04:05.9	0:04:16.5		In the old Icelandic calendar, the month around late October was called Gormánuðr, and many scholars connect the name with slaughter.
32	0:04:18.2	0:04:25.4		It was the time when a farmer decided which animals could be fed through the winter, and which could not.
33	0:04:26.8	0:04:36.8		Only the strongest were kept, and the others were used for food, quietly and with respect, as the cold drew in.
34	0:04:38.5	0:04:39.8		Nothing was wasted.
35	0:04:40.8	0:04:43.8		The meat was cut up and preserved in several ways.
36	0:04:44.9	0:04:51.3		Some was salted, if salt could be had, and salt was precious.
37	0:04:52.7	0:04:58.6		Some was hung in the smoky rafters of the house, where the fire cured it slowly over weeks.
38	0:04:59.9	0:05:02.0		Some was dried in the cold wind.
39	0:05:03.1	0:05:09.2		Other cuts were put in barrels or troughs with sour whey, which kept them fresh.
40	0:05:10.6	0:05:14.3		Fat was melted and saved for cooking and for lamps.
41	0:05:15.5	0:05:22.4		Skins were set aside for leather, and the wool and horn and bone all found a use.
42	0:05:23.9	0:05:29.3		A household that did this well could look at its full storehouse with calm satisfaction.
43	0:05:30.6	0:05:38.5		The air in the farmyard would smell of wood smoke and of cooking pots, and children carried wood to the kitchen fires.
44	0:05:40.0	0:05:44.3		We cannot know every detail, but the habit seems clear.
45	0:05:45.5	0:05:51.6		A winter pantry was built from many small, careful decisions in the cooling days of autumn.
46	0:05:53.7	0:05:57.8	04-stockfish-racks	Fish were dried on wooden racks until they were hard as boards.
47	0:05:59.2	0:06:04.5		Along the cold coasts of Norway, people dried fish in the open air.
48	0:06:05.8	0:06:10.6		The method is old, and it seems to have been used in Viking times.
49	0:06:11.8	0:06:19.0		Cod was cleaned and tied in pairs by the tails, then hung on tall wooden frames above the shore.
50	0:06:20.5	0:06:23.2		There was no salt and no fire needed.
51	0:06:24.3	0:06:28.9		Only cold wind, clear air and time did the work.
52	0:06:30.1	0:06:38.1		Over many weeks the fish lost its water and became stiff and pale, with a faint sweet smell like the sea.
53	0:06:39.7	0:06:48.1		This dried fish is known today as stockfish, a word that probably comes from the wooden stocks or poles it hung on.
54	0:06:49.7	0:06:55.5		Done properly, it could keep for months, even years.
55	0:06:56.8	0:07:05.2		That made it a wonderful food for a long winter, and also for a long voyage, since it was light to carry.
56	0:07:06.7	0:07:15.4		Archaeologists think that dried cod was traded far from where it was made, and that it fed people well away from the sea.
57	0:07:17.0	0:07:25.3		To eat it, a cook would beat it softly with a mallet to loosen the fibres, then soak it and boil it.
58	0:07:26.9	0:07:32.0		The cold months that spoiled so many other foods were exactly what helped this fish.
59	0:07:33.3	0:07:41.7		On a still evening, the rows of pale fish on their racks must have looked like a quiet fence at the edge of the water.
60	0:07:43.9	0:07:46.7	05-whey-barrels	Food was kept fresh in barrels of sour whey.
61	0:07:48.0	0:07:54.1		Without refrigerators, a Viking household had to think about how food could be kept.
62	0:07:55.4	0:08:00.4		One of the most useful tools was a very ordinary one, whey.
63	0:08:01.7	0:08:07.5		When milk was turned into cheese or skyr, a thin liquid was left over.
64	0:08:08.9	0:08:18.0		If it was left to sour, it became sharp and tangy, and the sourness protected whatever was placed inside it.
65	0:08:19.6	0:08:30.7		Later Icelandic writers describe meat, butter and even other foods being stored in sour whey, and many scholars think the habit was old.
66	0:08:32.5	0:08:40.2		Salt was used too, where people could get it, and it was boiled from sea water or traded from afar.
67	0:08:41.7	0:08:52.1		Barrels, tubs and troughs of wood held the food, and cool corners of the house or a half buried storeroom kept it from warming.
68	0:08:53.8	0:09:01.6		Skyr, a thick, creamy dairy food, could be saved as well.
69	0:09:03.1	0:09:09.7		Butter was packed away in wooden containers, and some of it was kept for a very long time.
70	0:09:11.1	0:09:18.4		None of this was fancy, but it was clever, and each method used what the farm already had.
71	0:09:19.8	0:09:26.8		The room would smell of milk and wood and a slight sourness, a cool, clean smell.
72	0:09:28.3	0:09:39.2		On the shelves of such a room, the whole summer was kept in small, quiet portions, ready to be opened one at a time through the dark.
73	0:09:41.6	0:09:44.5	06-woodpile-peat	A winter fire needed a mountain of wood and turf.
74	0:09:45.9	0:09:51.0		The fire was the heart of a Viking house, and a fire is hungry.
75	0:09:52.2	0:09:58.1		From autumn, people cut firewood and stacked it where the air could pass through it.
76	0:09:59.4	0:10:09.1		Birch, alder and other local woods were common in many places, and charcoal was needed for the smith, too.
77	0:10:10.7	0:10:20.7		In places with few trees, such as Iceland, Greenland and parts of the northern isles, people relied more on other fuels.
78	0:10:22.3	0:10:30.6		They cut peat or turf from the bogs in blocks, then stacked them in small stands so the wind could dry them.
79	0:10:32.1	0:10:38.2		Dung and driftwood were used where they could be found, and driftwood was a gift from the sea.
80	0:10:39.6	0:10:47.4		Gathering all this was hard, steady work, and the children could help by carrying small loads.
81	0:10:48.9	0:10:54.2		The wood pile near the house was often covered or set under eaves to keep the rain away.
82	0:10:55.5	0:11:04.1		A household that ran short in the middle of winter was in real trouble, so people were careful to cut more than they thought they would need.
83	0:11:05.6	0:11:12.7		The smell of cut birch is sweet and clean, and peat smoke is earthy and deep.
84	0:11:14.1	0:11:20.5		When the stack was finished, a farmer could stand back and see the shape of the winter ahead.
85	0:11:21.9	0:11:27.5		Each log or block of turf was a little stored warmth waiting for the cold to arrive.
86	0:11:29.5	0:11:34.9	07-turf-roof-repair	Before the snow came, the turf roof had to be made weatherproof.
87	0:11:36.4	0:11:43.9		Many Viking houses, especially in the north and west, were covered with turf.
88	0:11:45.3	0:11:50.2		A turf roof is thick and heavy, and it has a secret.
89	0:11:51.5	0:11:57.1		It keeps warmth inside and cold outside in a way that thin materials cannot.
90	0:11:58.4	0:12:07.9		Under the turf, builders laid layers of birch bark or similar material, and under that lay the rafters and boards.
91	0:12:09.5	0:12:11.4		The bark helped shed water.
92	0:12:12.4	0:12:21.3		Every autumn, a careful household climbed up to look for gaps, thin patches or places where the wind had lifted the edges.
93	0:12:22.9	0:12:32.3		New squares of turf were cut from the meadow, with the roots still holding the soil together, and they were laid in place like a green patchwork.
94	0:12:33.9	0:12:35.8		The walls needed care as well.
95	0:12:36.8	0:12:43.6		Turf and stone walls could crack or slump after a wet summer, so they were patched and packed.
96	0:12:45.0	0:12:52.3		Any hole in the walls would let in the winter wind, and the wind in the north can be sharp and long.
97	0:12:53.8	0:12:58.9		Archaeologists think that such roofs lasted many years with this kind of upkeep.
98	0:13:00.2	0:13:10.9		Grass sometimes grew on top, and it may be that a goat or two wandered up to graze, as farm tales from later times describe.
99	0:13:12.6	0:13:21.2		When the work was done, the house sat low and calm in the landscape, like a green hill with smoke rising from it.
100	0:13:23.5	0:13:27.3	08-ship-ashore	In autumn the ships were pulled ashore and covered for the winter.
101	0:13:28.7	0:13:35.6		A Viking ship was a farm's greatest treasure, and it was never left to the mercy of the winter sea.
102	0:13:37.0	0:13:42.7		When the autumn storms began, owners hauled their ships up onto the beach.
103	0:13:44.0	0:13:51.4		They did this with many hands, rope and rollers made of logs, and a good deal of patient shouting.
104	0:13:52.9	0:13:59.5		Once the ship was out of the water, it was often tilted or propped so that rain would run off.
105	0:14:01.0	0:14:11.7		Some were pulled into a boathouse, a long building with a roof and a slipway, and archaeologists have found the remains of several in Scandinavia.
106	0:14:13.4	0:14:20.8		Others were covered with sailcloth or turf, or simply tied down and left under the sky.
107	0:14:22.3	0:14:27.1		The sails and oars and ropes were taken inside and stored in dry places.
108	0:14:28.4	0:14:41.4		Wood that stays wet and then freezes can crack, and the planks of a clinker built ship were fastened with iron rivets and tied with fine rope, so careful care mattered.
109	0:14:43.3	0:14:48.3		The sea that had carried people so far was now left to the wind and the gulls.
110	0:14:49.6	0:14:57.7		A ship on the shore in winter has a patient look, sitting on its keel with its high prow turned toward the water.
111	0:14:59.2	0:15:06.8		It would wait there, quiet in the snow, until the ice was gone and the days were long again.
112	0:15:08.9	0:15:13.8	09-market-closes	When the last trading ships left, the markets fell silent.
113	0:15:15.2	0:15:19.7		Every summer, the Viking world was full of motion.
114	0:15:21.0	0:15:39.4		Traders sailed between the market towns of the north, such as Birka, Hedeby, Kaupang and Dublin, and they carried furs, amber, iron, wool, silver and many other goods.
115	0:15:41.5	0:15:45.1		Some traded as far as the lands of the east and the south.
116	0:15:46.3	0:15:52.9		Then the days grew short, and the sea grew rough, and this movement slowed.
117	0:15:54.3	0:16:05.2		Long voyages in late autumn and winter were dangerous, and most people seem to have preferred to travel in the sailing season, from spring to early autumn.
118	0:16:07.0	0:16:13.9		So the last ships left the harbours with their final loads, and the market places grew quiet.
119	0:16:15.3	0:16:21.8		Stalls and workshops stood empty, or only a few craftspeople stayed on through the cold.
120	0:16:23.2	0:16:33.5		Archaeologists have found that in some trading towns, workshops for combs and jewellery were used all year, so not everything stopped.
121	0:16:35.2	0:16:38.4		But the busy crowds and the shouting of sellers were gone.
122	0:16:39.6	0:16:49.0		Merchants who lived far from home might spend the winter where they were, in a hall or a rented house, waiting for spring.
123	0:16:50.6	0:16:57.2		For ordinary farmers, the ships leaving meant that no new goods would arrive until the thaw.
124	0:16:58.7	0:17:02.4		Whatever the household needed now, it already had.
125	0:17:03.6	0:17:08.4		The sound of the harbour thinned out until only the water and the wind remained.
126	0:17:10.4	0:17:15.8	10-gathering-wool-berries	The last wool, flax and wild fruits were gathered before the cold.
127	0:17:17.4	0:17:21.3		Autumn was also a time for small, quiet gathering.
128	0:17:22.5	0:17:27.9		Along the edges of the fields and woods, people picked what the land still offered.
129	0:17:29.2	0:17:38.5		Berries such as lingonberries, cloudberries and crowberries grew in northern places, and hazelnuts fell from the trees.
130	0:17:40.1	0:17:48.7		Apples were grown in some regions, and archaeologists have found seeds that show people ate wild and cultivated fruit.
131	0:17:50.3	0:17:54.2		Herbs were collected and dried for food and for simple medicine.
132	0:17:55.4	0:18:00.7		Some were hung in bundles from the rafters, where their scent mixed with the smoke.
133	0:18:02.0	0:18:07.3		At the same time, the household gathered materials for the work of winter.
134	0:18:08.6	0:18:13.6		Wool from the sheep was sorted and kept in sacks, ready for spinning.
135	0:18:14.9	0:18:27.0		Flax, the plant that gives linen, was pulled, dried and soaked, then beaten until the fibres could be used.
136	0:18:28.8	0:18:35.8		There was no wasting these things, because the long evenings would be spent turning them into thread and cloth.
137	0:18:37.2	0:18:44.5		Children went along with baskets, and their small hands were good at finding the last berries under low leaves.
138	0:18:46.0	0:18:56.3		Some of this was light work, done on mild afternoons with the sun low in the sky, and the days still smelled of leaves and damp earth.
139	0:18:58.0	0:19:07.7		By the end of the season, the baskets and sacks stood filled in the storeroom, holding the beginning of next year's clothing and meals.
140	0:19:10.0	0:19:15.2	11-building-longhouse	A longhouse was built from timber, turf and woven branches.
141	0:19:16.7	0:19:23.7		The typical Viking farmhouse was long and narrow, and that is why we call it a longhouse.
142	0:19:25.1	0:19:27.7		Its shape depended on where people lived.
143	0:19:28.8	0:19:43.3		In Denmark and parts of Scandinavia, builders raised strong wooden posts in the ground and made the walls from planks, or from wattle, which is a weaving of thin branches that was often covered with clay.
144	0:19:45.3	0:19:57.1		In Iceland and Greenland, where good timber was scarce, walls were made from thick layers of turf and stone, with a wooden frame inside.
145	0:19:58.9	0:20:11.3		Some houses had a gently curved outline, with the walls bowing slightly outward, and archaeologists have found several of these at places such as Trelleborg and Fyrkat.
146	0:20:13.2	0:20:23.8		Roofs were held up by rows of posts inside, and then covered with thatch, wooden shingles or turf, depending on the region.
147	0:20:25.5	0:20:34.2		The house might be twenty or thirty metres long, and some were much larger, though many were far smaller.
148	0:20:35.7	0:20:41.3		A big hall could hold family, workers and animals under one roof.
149	0:20:42.6	0:20:45.1		The builders did not have power tools.
150	0:20:46.2	0:20:52.8		They used axes, adzes, saws, augers and good judgement.
151	0:20:54.2	0:20:56.9		Each part of the house came from the land around it.
152	0:20:58.0	0:21:11.0		When the last turf was set, a family could look at their home and see that it was made from forest, field and hill, shaped into a shelter strong enough to face the dark.
153	0:21:13.5	0:21:16.5	12-open-hearth	A Viking longhouse had no chimney at all.
154	0:21:17.8	0:21:23.7		Inside the great room of a longhouse, a long fire burned in the middle of the floor.
155	0:21:25.1	0:21:33.3		It lay in a stone lined hearth that ran along the centre of the room, and it gave both light and heat to the whole house.
156	0:21:34.8	0:21:36.0		There was no chimney.
157	0:21:37.0	0:21:48.5		Instead, smoke rose slowly into the roof space and found its way out through small openings, a gap in the ridge or through the thatch itself.
158	0:21:50.3	0:22:04.7		Archaeologists think that the air inside must often have been hazy, especially higher up, so people probably sat and worked on benches lower down, where the air was clearer.
159	0:22:06.7	0:22:08.9		The smoke was not only a nuisance.
160	0:22:10.0	0:22:21.3		It cured meat and fish hanging in the rafters, it helped keep insects away from the timber, and it gave the whole house a deep, sweet smell of wood.
161	0:22:23.1	0:22:31.9		The fire was also where cooking happened, where cauldrons hung from iron chains and where bread was baked on flat stones.
162	0:22:33.5	0:22:39.7		People gathered around it, and the warmth reached out across the room in a slow circle.
163	0:22:41.1	0:22:44.9		The glow on the walls moved gently as the flames shifted.
164	0:22:46.2	0:22:55.1		A house without a chimney sounds odd to us now, but it worked, and it held families through countless winters.
165	0:22:56.7	0:23:02.5		In its quiet light, the whole household shared a single circle of warmth.
166	0:23:04.6	0:23:10.7	13-wall-benches	Along the walls of a longhouse ran wide raised benches that served as seats and beds.
167	0:23:12.3	0:23:17.3		Step inside a longhouse and look past the fire, toward the walls.
168	0:23:18.6	0:23:24.7		There, running the length of the hall, are long raised platforms.
169	0:23:26.0	0:23:35.4		Archaeologists often find traces of them in the ground, a low strip of packed earth or a line of stones where the bench once stood.
170	0:23:37.0	0:23:46.3		These platforms were built of wood or earth, edged with planks, and they were wide enough for a person to lie down.
171	0:23:47.9	0:23:55.0		By day, people sat on them to eat, to work, and to talk.
172	0:23:56.5	0:24:00.3		By night, the same places became beds.
173	0:24:01.4	0:24:12.0		The platforms stood a little above the floor, which helped, because the floor was often damp, and cold air tends to gather low.
174	0:24:13.7	0:24:21.0		Closer to the hearth meant more warmth, and a family would likely have had its own stretch of bench.
175	0:24:22.5	0:24:29.9		Straw or dry grass may have been laid down for softness, with hides and woollen covers on top.
176	0:24:31.4	0:24:35.7		The wooden edges were worn smooth by years of hands and elbows.
177	0:24:37.0	0:24:47.8		Everything in the hall had more than one use, because the house had only one big room, and space was precious when winter kept everyone indoors.
178	0:24:49.6	0:24:55.6		A guest might be offered a place on the bench, and that offer meant something.
179	0:24:56.9	0:24:58.9		A bench was not only furniture.
180	0:24:60.0	0:25:06.7		It was a small claim on warmth, and a quiet way of saying that a person belonged to the household.
181	0:25:08.8	0:25:17.2	14-wool-bedding	Viking beds were piled with wool, fur and sheepskin, and some stood in enclosed wooden frames.
182	0:25:18.9	0:25:23.5		A Viking bed was less a single object than a heap of soft things.
183	0:25:24.8	0:25:34.2		At the bottom lay straw, hay, or perhaps a mattress stuffed with feathers or down, if the family could afford it.
184	0:25:35.8	0:25:46.2		Over that went sheepskins, with the wool turned upward, and heavy blankets woven from wool in plain or patterned weaves.
185	0:25:47.9	0:25:56.7		On the coldest nights a fur might be added, from fox, or sheep, or other animals of the hills.
186	0:25:58.2	0:26:10.2		Archaeologists have found well preserved beds in rich burials, including some in the Oseberg ship burial, where carved wooden bed frames survived in the damp ground.
187	0:26:12.0	0:26:20.2		Some beds in later northern houses were built like little boxes, with a board along the side and sometimes a roof.
188	0:26:21.7	0:26:31.7		Whether the Vikings used such enclosed beds widely is not certain, but the idea of keeping warmth close to the body makes sense in a cold land.
189	0:26:33.4	0:26:36.8		Pillows may have been small bags of feathers or wool.
190	0:26:38.0	0:26:39.9		Wool was the great gift of the north.
191	0:26:40.9	0:26:50.8		It holds warmth even when a little damp, and it has a clean, faintly sweet smell, like a field after rain.
192	0:26:52.4	0:26:59.1		The weight of such covers pressed gently down, holding in the heat of a body like a hand.
193	0:27:00.5	0:27:12.3		In a house where winter pressed against the walls, a bed was the one place where warmth could be made, kept, and carried through the dark hours.
194	0:27:14.8	0:27:18.4	15-night-fire	The fire in a Viking house was never allowed to go out completely.
195	0:27:19.8	0:27:24.9		In winter, a fire was not something to light fresh every morning.
196	0:27:26.2	0:27:36.3		Making fire took time and patience, using flint and steel and dry tinder, so a household preferred to keep its flames alive.
197	0:27:38.0	0:27:41.6		At night, someone would bank the hearth.
198	0:27:42.8	0:27:47.8		This means the glowing coals were gathered together and covered with a layer of ash.
199	0:27:49.1	0:28:00.2		Under that grey blanket, the heat could last for many hours, giving off only a dim red glow and a faint smell of warm ash.
200	0:28:02.0	0:28:12.2		In the morning, a person would rake the ash aside, add a little dry kindling, and blow gently until the flames woke again.
201	0:28:13.8	0:28:23.9		The sagas and later northern customs suggest that tending the fire was a household task, often given to the woman of the farm or to a trusted servant.
202	0:28:25.6	0:28:28.1		Fire was precious for another reason too.
203	0:28:29.2	0:28:36.6		It cooked the food, dried the wet clothes, and kept the damp from creeping into the timber.
204	0:28:38.1	0:28:43.0		Wood was not endless, and so careful tending meant less waste.
205	0:28:44.3	0:28:49.9		A house with a living fire felt different from a house without one, even in the dark.
206	0:28:51.2	0:28:56.7		You could hear the small ticking of cooling stones and the occasional soft shifting of a log.
207	0:28:58.0	0:29:07.1		Through the long nights, that low red light was a quiet promise that morning would come, and that the hearth would still be there to greet it.
208	0:29:09.4	0:29:16.2	16-oil-lamp	Light in the long winter nights came from the hearth, small oil lamps and burning rushes.
209	0:29:17.8	0:29:23.0		When the sun barely lifted above the horizon, light became a treasure.
210	0:29:24.3	0:29:30.2		The main source was the hearth itself, but its glow did not reach every corner.
211	0:29:31.6	0:29:35.8		For smaller tasks, people used lamps.
212	0:29:37.0	0:29:46.0		Archaeologists have found simple lamps made of soapstone, a soft grey stone that carvers could shape into a shallow bowl.
213	0:29:47.6	0:29:51.0		Others were made of iron, or of clay.
214	0:29:52.1	0:30:04.3		They were filled with oil, perhaps from fish or seals, or with melted animal fat called tallow, and a wick of moss or plant fibre was set in it.
215	0:30:06.1	0:30:15.9		Such lamps gave a small, steady, yellowish flame, and they probably had a strong, warm smell.
216	0:30:17.5	0:30:19.6		Another source was the rushlight.
217	0:30:20.7	0:30:24.0		A rush is a thin plant that grows in wet ground.
218	0:30:25.1	0:30:31.5		Its soft inner pith could be dipped in fat and set in an iron holder to burn slowly.
219	0:30:32.9	0:30:41.7		True candles of beeswax were rare and costly in the Viking world, and they may have been used mostly in churches later on.
220	0:30:43.3	0:30:51.6		A woman spinning wool or a man carving a comb could work by such a flame, with the light falling on their hands.
221	0:30:53.1	0:30:56.3		Everything beyond that pool of light faded into shadow.
222	0:30:57.5	0:31:10.2		Yet a single small flame is enough to see the next stitch, and the next, and so the work went on, patient and quiet, one pool of light at a time.
223	0:31:12.8	0:31:18.8	17-high-seat	In the middle of a great hall stood the high seat, flanked by two carved pillars.
224	0:31:20.4	0:31:24.9		In a chieftain's hall, one place stood above all the others.
225	0:31:26.1	0:31:33.0		It was the high seat, the seat of honour, and the Old Norse word for it is ondvegi.
226	0:31:34.4	0:31:42.4		It was usually set on the long side of the hall, near the middle, and beside it stood two tall wooden posts.
227	0:31:43.9	0:31:49.8		The sagas speak of these as the high-seat pillars, and they were often carved.
228	0:31:51.1	0:31:59.4		Some stories say that settlers heading for Iceland threw their pillars into the sea and made their home where the posts drifted to shore.
229	0:32:00.9	0:32:05.6		This may be partly legend, but it shows how much the pillars meant.
230	0:32:06.8	0:32:13.6		The master of the house sat in the high seat, and an honoured guest might be placed opposite him.
231	0:32:15.0	0:32:18.7		Where a person sat said something about who they were.
232	0:32:19.9	0:32:26.9		Seats nearer the high seat were places of more respect, and seats farther toward the door were less so.
233	0:32:28.4	0:32:34.3		Every meal, then, was also a quiet map of the household.
234	0:32:35.6	0:32:45.4		The wood of the seat was often dark with age and with smoke, and the carved patterns of animals and knots caught the firelight and seemed to move.
235	0:32:47.1	0:32:54.2		When the winter wind howled outside, the high seat remained fixed, solid and still.
236	0:32:55.6	0:32:59.9		It reminded the household that a hall was more than walls and a roof.
237	0:33:01.1	0:33:05.8		It was a place with order, where everyone knew their own place.
238	0:33:07.7	0:33:15.6	18-smoke-hole	Smoke left a Viking house through a small hole in the roof, and light came through a tiny wind-eye.
239	0:33:17.3	0:33:21.0		A fire without a chimney needs somewhere for the smoke to go.
240	0:33:22.2	0:33:33.9		In many Viking houses, it drifted upward into the roof space and found its way out through gaps in the thatch or turf, or through an opening near the ridge.
241	0:33:35.7	0:33:44.1		Some halls may have had a dedicated smoke hole, perhaps with a wooden shutter that could be moved to suit the wind.
242	0:33:45.6	0:33:51.0		Archaeologists cannot always tell, because roofs rarely survive.
243	0:33:52.3	0:33:59.1		The word we use for window comes from the old Norse vindauga, meaning wind-eye.
244	0:34:00.6	0:34:03.7		It gives us a hint of how such openings were seen.
245	0:34:04.9	0:34:12.5		They were small holes in the wall or roof that let in light and air, and that could be closed against the weather.
246	0:34:14.0	0:34:22.1		Glass was rare in ordinary homes, although it was known and used for beads and for a few fine objects.
247	0:34:23.6	0:34:29.6		A window might be covered with a thin stretched animal membrane, or simply a wooden shutter.
248	0:34:31.0	0:34:39.2		The result was a dim house, with pale daylight in thin shafts and a gentle haze of smoke hanging high above.
249	0:34:40.7	0:34:46.0		The air near the floor was clearer, which is one reason people sat low.
250	0:34:47.3	0:34:49.6		A wind-eye is a lovely name.
251	0:34:50.7	0:34:59.1		It makes the house sound like a living creature, with one small eye that opened toward the sky and watched the weather go by.
252	0:35:01.3	0:35:06.6	19-byre-animals	In many farms, cattle and sheep lived under the same roof as the family.
253	0:35:08.1	0:35:13.4		On some Viking farms, the animals did not stay outside in the snow.
254	0:35:14.7	0:35:25.9		They lived in a byre, a cowshed, which was sometimes part of the same building as the family's hall, divided by a wall or a passage.
255	0:35:27.7	0:35:39.0		Archaeologists have found such houses in Norway, Iceland, and Greenland, and in some cases the line of stalls can still be traced in the earth.
256	0:35:40.8	0:35:43.4		The animals brought a gift to the household.
257	0:35:44.5	0:35:51.4		Cattle and sheep give off a surprising amount of warmth, and their closeness helped to take the edge off the cold.
258	0:35:52.8	0:36:00.8		There was a gentle smell of hay and milk and straw, and the low sounds of animals shifting and chewing in the dark.
259	0:36:02.3	0:36:09.0		Hay gathered in summer was now carried in armfuls, day after day, to feed them.
260	0:36:10.4	0:36:15.7		Cows were valuable, and their milk was the base of much of the winter diet.
261	0:36:17.0	0:36:21.6		A farmer who looked after his animals well was looking after the household too.
262	0:36:22.8	0:36:31.6		In the coldest months, the animals were fed with care, and the stored hay was watched like a savings box.
263	0:36:33.2	0:36:37.2		Few things say more about winter farming than this closeness.
264	0:36:38.4	0:36:40.9		The people and the animals depended on each other.
265	0:36:42.0	0:36:49.4		The warmth of the byre was part of the warmth of the home, and both lasted through the dark because they were shared.
266	0:36:51.6	0:36:56.6	20-hall-dog	Dogs, cats and horses were part of the winter household.
267	0:36:58.0	0:37:00.5		A Viking farm was never only people.
268	0:37:01.6	0:37:07.3		Dogs lay near the fire, guarded the animals, and may have helped to herd sheep.
269	0:37:08.6	0:37:19.0		Archaeologists have found dog bones of various sizes, and some wealthy graves contain dogs buried with their owners, suggesting real affection.
270	0:37:20.7	0:37:23.3		Cats were present in the Viking world too.
271	0:37:24.4	0:37:29.1		Their bones have been found at trading towns such as Hedeby and Birka.
272	0:37:30.4	0:37:37.9		Cats are practical animals on a farm, because they keep mice away from stored grain and dried fish.
273	0:37:39.4	0:37:46.1		They also, no doubt, found the warmest spot in the hall and kept it.
274	0:37:47.5	0:37:49.1		Horses were prized.
275	0:37:50.1	0:37:59.5		In Iceland, the small, sturdy breed that descends from Viking horses is still known for its thick winter coat.
276	0:38:01.1	0:38:08.7		Horses could stand outside in cold weather if they had shelter and feed, though some were brought into stables.
277	0:38:10.2	0:38:17.8		The sagas treat horses with great respect, and mention fights between stallions as a favourite entertainment.
278	0:38:19.2	0:38:26.9		In winter, the horse was a way to travel over snow and frozen ground, when it was needed.
279	0:38:28.3	0:38:42.3		The sound of a dog's claws on the plank floor, the soft huff of a horse in the stable, the quiet shape of a cat on a bench, these were ordinary sounds of the house.
280	0:38:44.3	0:38:52.1		Animals do not mark seasons by the calendar, and perhaps their calm made the long dark easier for everyone.
281	0:38:54.3	0:39:00.3	21-evening-meal	Most Vikings probably ate two meals a day, one in the morning and one in the evening.
282	0:39:01.9	0:39:05.7		Historians think that Vikings ate two main meals each day.
283	0:39:06.9	0:39:15.8		The first was called dagverðr, which means the day meal, and it was eaten fairly early, after the first work of the morning.
284	0:39:17.3	0:39:25.8		The second was náttverðr, the night meal, eaten in the evening when the day's work was finished.
285	0:39:27.3	0:39:34.2		This pattern is described in some later Norse sources, and it fits what we know of farm life.
286	0:39:35.7	0:39:41.7		In winter, with short days, the evening meal was the heart of the day.
287	0:39:43.0	0:39:48.2		The household gathered in the hall, and food was brought from the cauldron.
288	0:39:49.5	0:39:55.7		Bowls and spoons were made of wood, and drinking horns or cups were passed around.
289	0:39:57.1	0:40:07.3		A plain meal might be porridge, bread, dried fish, or a stew with whatever meat and vegetables were at hand.
290	0:40:08.9	0:40:12.3		Wealthier households had more meat and more variety.
291	0:40:13.4	0:40:19.4		People ate with knives and spoons and their fingers, and there were probably no forks.
292	0:40:20.7	0:40:24.6		There was talk, and perhaps a story or a song.
293	0:40:25.8	0:40:28.8		A meal in the dark months was more than food.
294	0:40:30.0	0:40:36.4		It was one of the few moments in the day when every person in the household sat together in the same circle of light.
295	0:40:37.8	0:40:49.5		The steam from the pot, the clink of wooden bowls, and the murmur of voices made the evening feel full, even when outside the world was empty and still.
296	0:40:52.0	0:40:57.9	22-griddle-bread	Porridge, bread and flatbread cooked on a griddle were everyday winter food.
297	0:40:59.4	0:41:02.8		Much of what Vikings ate each day was made from grain.
298	0:41:04.0	0:41:16.5		Barley, oats, and rye grew in the cooler lands of the north, and they were ground into flour using a hand quern, a pair of round stones.
299	0:41:18.3	0:41:25.0		Grinding was slow, rhythmic work, and the sound was a low steady rumble.
300	0:41:26.3	0:41:28.7		Porridge was probably the simplest meal.
301	0:41:29.8	0:41:40.3		Grain was boiled in water or milk until thick, and it may have been flavoured with a little butter or honey, or with berries gathered in autumn.
302	0:41:42.0	0:41:54.3		Archaeologists have found remains of bread in Viking sites, and also of flat cakes cooked on a griddle, a flat iron or stone plate placed over the fire.
303	0:41:56.1	0:42:05.5		The dough might be mixed with barley flour, sometimes with a little ground bark or seeds, and sometimes with a pinch of salt.
304	0:42:07.1	0:42:10.4		Loaves were baked in ashes or on hot stones.
305	0:42:11.5	0:42:22.8		The bread was likely denser and darker than the bread we know, with a nutty, earthy flavour, and it kept well through the winter.
306	0:42:24.5	0:42:30.5		The smell of toasting grain would have drifted through the hall, warm and homely.
307	0:42:31.9	0:42:36.6		A person arriving cold from outside might have thought first of that smell.
308	0:42:37.9	0:42:42.6		Bread is a humble food, but it carries a kind of promise.
309	0:42:43.9	0:42:51.9		As long as the grain bins held enough, the household would be fed, and the cold could do little to change that.
310	0:42:54.1	0:43:01.0	23-ale-barrel	Ale and mead were the drinks of the winter hall, and brewing went on through the cold months.
311	0:43:02.6	0:43:10.4		Water was available on a Viking farm, and so was milk, but ale was the great everyday drink of the north.
312	0:43:11.9	0:43:21.9		It was made from malted barley, which means barley that has been soaked until it begins to sprout, then dried and crushed.
313	0:43:23.5	0:43:31.4		The grain was steeped in hot water in a wooden tub, and the sweet liquid was drawn off and left to ferment.
314	0:43:33.0	0:43:39.6		Brewing was often a woman's task, and the sagas speak of skilled brewers with respect.
315	0:43:41.0	0:43:49.9		Winter was a good time for it, because the fire was always lit, and the cool air was kind to the fermenting liquid.
316	0:43:51.5	0:43:53.1		Mead was another drink.
317	0:43:54.1	0:44:02.3		It was made from honey and water, and it was costlier, since honey was not easy to gather in the far north.
318	0:44:03.9	0:44:08.1		Mead appears often in poetry as a drink of kings and gods.
319	0:44:09.4	0:44:18.3		Both ale and mead were served in drinking horns and wooden cups, and in a rich hall perhaps in vessels of silver or glass.
320	0:44:19.9	0:44:24.8		Archaeologists have found the remains of cups and horn mounts in many graves.
321	0:44:26.1	0:44:28.5		A cup of ale was a sign of welcome.
322	0:44:29.6	0:44:34.5		To be offered a drink when you came in from the cold meant that the household accepted you.
323	0:44:35.8	0:44:42.9		In a hard season, a warm cup in the hand was a small, honest kind of comfort.
324	0:44:45.0	0:44:52.5	24-cauldron-skyr	Skyr, butter, cheese and a bubbling cauldron of soup filled many winter meals.
325	0:44:54.2	0:44:56.9		The cauldron was the centre of Viking cooking.
326	0:44:58.1	0:45:05.3		It hung from a chain or a tripod over the hearth, and in it went whatever the household had.
327	0:45:06.8	0:45:21.3		A soup or stew might hold barley, onions, cabbage, peas or beans, with salted or dried meat, or fish, cooked slowly through the afternoon.
328	0:45:23.3	0:45:27.7		It would have been thick, savoury, and steaming.
329	0:45:28.9	0:45:30.7		Milk gave other foods.
330	0:45:31.7	0:45:37.0		Butter was churned from cream and stored, sometimes salted.
331	0:45:38.3	0:45:44.4		In Iceland, butter was so valued that it was sometimes used as payment.
332	0:45:45.7	0:45:50.5		Cheese was made from the curds of milk, pressed and aged.
333	0:45:51.8	0:46:01.8		Skyr is a thick, tangy, soft curd that people in Iceland still eat today, and the word is old.
334	0:46:03.4	0:46:06.1		It seems to have come from the Viking age.
335	0:46:07.2	0:46:12.2		The whey left over could be used to preserve other foods and also as a sour drink.
336	0:46:13.5	0:46:25.4		A household that had milk, butter, and cheese had real wealth in the winter months, because these foods were rich in fat and protein when little else was growing.
337	0:46:27.2	0:46:31.9		Eating from a shared pot of soup meant that everyone received something warm.
338	0:46:33.2	0:46:42.9		The smell of herbs drifting upward, the slow bubbling, the patient stirring, all this marked the hours of the winter day.
339	0:46:44.6	0:46:51.3		A pot kept simmering on the fire was one of the plainest signs that a home was well and the family was together.
340	0:46:53.4	0:46:56.1	25-wool-tunic-cloak	Winter clothing was built in layers of wool.
341	0:46:57.4	0:47:03.5		Most Viking clothing began as wool, and in winter people wore several layers of it.
342	0:47:04.9	0:47:10.5		Next to the skin, many wore a soft linen undershirt where they could get one.
343	0:47:11.8	0:47:20.5		Over that went a long woollen tunic, which for men usually reached about the knee and for women often fell to the ankle.
344	0:47:22.0	0:47:32.9		Men wore trousers, sometimes loose and sometimes narrow, and they wrapped the lower legs in strips of cloth wound neatly from ankle to knee.
345	0:47:34.7	0:47:38.3		Women often wore a long dress that hung from the shoulders,.
346	0:47:39.5	0:47:46.9		The outer layer was the cloak, a large rectangle of thick wool that could be thrown around the shoulders.
347	0:47:48.3	0:47:58.6		It was fastened with a brooch or a pin, often made of bronze or silver, usually on the right shoulder so the right arm stayed free.
348	0:48:00.2	0:48:04.1		Women often pinned their dresses with a pair of oval brooches.
349	0:48:05.3	0:48:07.1		Wool is a clever cloth.
350	0:48:08.2	0:48:14.0		It holds warmth even when damp, and it sheds a light dusting of snow.
351	0:48:15.4	0:48:26.2		Dyes came from plants such as madder, woad and lichens, so a winter gathering could glow in dull reds, blues and yellows.
352	0:48:27.9	0:48:31.1		A cloak could also serve as a blanket by the fire.
353	0:48:32.2	0:48:40.4		Each garment was made by hand, thread by thread, and worn until it softened to the shape of its owner.
354	0:48:42.6	0:48:46.5	26-spinning-by-fire	Wool was spun into thread by the fire all winter long.
355	0:48:47.9	0:48:52.7		The long evenings had a job in them, and the job was spinning.
356	0:48:54.0	0:48:58.7		Before wool could become cloth, it had to become thread.
357	0:49:00.0	0:49:11.2		A woman, or sometimes a child or an older man, would sit near the hearth with a bundle of cleaned and combed fleece tucked under one arm.
358	0:49:12.9	0:49:24.5		In the other hand was a spindle, a slim wooden stick with a small round weight called a whorl, often made of stone, clay or bone.
359	0:49:26.2	0:49:35.8		The spinner pulled out a few fibres, twisted them, and let the spindle turn and hang, so the twist ran up into the thread.
360	0:49:37.5	0:49:42.8		Then the thread was wound onto the stick, and the whole motion began again.
361	0:49:44.1	0:49:48.8		It made a soft whirring sound, like a very small wheel.
362	0:49:50.1	0:49:59.2		Archaeologists find spindle whorls on almost every Viking farm site, which suggests how steady and common the work was.
363	0:50:00.8	0:50:08.0		A single cloak or sail needed an enormous length of thread, so the spinning never really ended.
364	0:50:09.4	0:50:16.3		It could be done while talking, while listening to a story, or while watching the flames.
365	0:50:17.7	0:50:20.8		The hands knew the rhythm without help from the mind.
366	0:50:21.9	0:50:30.0		The fleece smelled faintly of lanolin and smoke, and the thread felt slightly greasy and warm.
367	0:50:31.5	0:50:42.0		Piece by piece, a basket of loose wool turned into something strong enough to cross an ocean, and the fire watched over every turn of it.
368	0:50:44.4	0:50:48.4	27-warp-weighted-loom	Cloth was woven on a tall upright loom hung with stones.
369	0:50:49.8	0:50:53.1		The Viking loom was not a table-sized machine.
370	0:50:54.2	0:51:04.5		It was a tall upright frame, leaned against a wall or a roof post, and a weaver stood in front of it much as a painter stands at an easel.
371	0:51:06.2	0:51:08.8		This kind is called a warp-weighted loom.
372	0:51:10.0	0:51:16.6		The long vertical threads, known as the warp, hung down from a beam at the top.
373	0:51:18.0	0:51:27.0		At the bottom, each small bundle of threads was tied to a heavy weight of clay or stone, which kept the threads pulled tight.
374	0:51:28.5	0:51:38.3		Archaeologists often find these loom weights lying in neat rows where a house once stood, and that is how we know where the loom stood.
375	0:51:40.0	0:51:50.6		The weaver passed a shuttle with the weft thread through the warp, then pushed it upward with a flat wooden beater, often made of bone or whalebone.
376	0:51:52.3	0:51:59.0		The cloth grew from the top downward, slowly, a hand's width at a time.
377	0:52:00.4	0:52:07.0		Patterns such as diamond twill were possible, and they gave the wool a gentle ridged look.
378	0:52:08.4	0:52:16.3		The clack of the weights, the creak of the frame and the pat of the beater made a steady sound in a winter room.
379	0:52:17.8	0:52:21.0		Weaving a single length could take many days of work.
380	0:52:22.1	0:52:32.0		When it was done, a whole season of thread had become one piece of cloth, and the loom stood empty, waiting for the next.
381	0:52:34.3	0:52:40.1	28-furs-and-felt-hats	Furs, leather and felt added warmth where wool alone was not enough.
382	0:52:41.6	0:52:50.2		On the coldest days, wool was not always enough, so people turned to what the land and animals could give.
383	0:52:51.8	0:52:58.2		Furs were prized in Scandinavia, and the Vikings were known across Europe as traders of them.
384	0:52:59.6	0:53:12.4		Pelts from fox, marten, squirrel, beaver and bear were sewn into hoods, trims and linings, and a fur cloak was a sign of comfort or wealth.
385	0:53:14.2	0:53:18.1		The sagas mention fur-lined cloaks as valued gifts.
386	0:53:19.3	0:53:21.8		Leather was another everyday material.
387	0:53:22.9	0:53:32.1		Cattle, goat and sheep hides were cured and cut into belts, straps, pouches and jerkins.
388	0:53:33.7	0:53:41.0		Felt was made by pressing and rubbing wool with warm water until the fibres locked together into a dense mat.
389	0:53:42.4	0:53:47.1		It needed no spinning or weaving, and it was good against wind.
390	0:53:48.4	0:54:00.7		Archaeologists think caps and hats were often made of wool, felt or fur, and finds from towns such as Hedeby and York show many small scraps of such headwear.
391	0:54:02.5	0:54:07.9		A hat matters more than we expect, since so much heat leaves the head.
392	0:54:09.2	0:54:13.0		A hood pulled forward made a little tunnel of warmth around the face.
393	0:54:14.2	0:54:22.8		When someone came in from the snow, the fur would glisten with melting drops and smell faintly of damp animal and smoke.
394	0:54:24.4	0:54:33.1		Hung from a peg by the door, it waited, soft and heavy, for the next walk out into the cold.
395	0:54:35.4	0:54:40.5	29-nalbinding-mittens	Vikings kept their feet and hands warm with leather shoes and knotted wool mittens.
396	0:54:42.0	0:54:48.1		Feet and hands feel the cold first, so winter clothing paid close attention to them.
397	0:54:49.4	0:54:55.5		Shoes were usually made of leather, often in a simple style called a turnshoe.
398	0:54:56.9	0:55:05.5		The leather was stitched inside out and then turned the right way round, so the seams stayed on the inside, away from the weather.
399	0:55:07.1	0:55:10.7		They were low or ankle-high and tied with a thong.
400	0:55:11.9	0:55:21.2		Inside, people wore woollen socks, and a stuffing of dry grass or moss may sometimes have helped.
401	0:55:22.8	0:55:31.0		The socks and mittens were often made by a technique called nålebinding, a Scandinavian word meaning binding with a needle.
402	0:55:32.6	0:55:33.8		It is not knitting.
403	0:55:34.8	0:55:49.2		The maker used a blunt needle, perhaps of bone or wood, and a length of yarn, pulling the thread through a series of loops to build up a dense, springy fabric.
404	0:55:51.2	0:55:57.7		Fragments of this fabric survive from Viking sites, including a famous sock found in York.
405	0:55:59.1	0:56:05.0		Knitting, with two needles, seems to have arrived in Europe much later.
406	0:56:06.3	0:56:13.1		The nålebound cloth is warm and thick, and it does not unravel easily when snagged.
407	0:56:14.5	0:56:17.7		A new mitten took patience and many evenings.
408	0:56:18.9	0:56:25.2		The wool smelled of sheep and smoke, and the yarn slid slowly through the fingers.
409	0:56:26.6	0:56:32.1		When you pulled on a pair of them, they held the shape of the hand that made them.
410	0:56:34.1	0:56:39.1	30-saturday-wash	Even in deep winter, Vikings had a regular day for washing.
411	0:56:40.5	0:56:48.5		The old Icelandic word for Saturday was laugardagr, which means washing day.
412	0:56:50.0	0:56:55.4		That tells us that bathing had a place in the weekly rhythm, even in the cold months.
413	0:56:56.7	0:57:04.7		Water was carried in from a stream or a well and heated near the fire, then poured into a wooden tub or a trough.
414	0:57:06.2	0:57:13.9		Some places had small bathhouses, and in Iceland, hot springs were later used for bathing as well.
415	0:57:15.3	0:57:23.5		Soap was not common, but people used water, ash lye, and cloth to clean the skin.
416	0:57:25.0	0:57:33.5		English writers of the time even complained that Danish men combed their hair and bathed every week, and thought them too neat.
417	0:57:35.0	0:57:37.5		Combs were a valued everyday tool.
418	0:57:38.6	0:57:46.0		Many were made from antler, carefully cut and riveted, and they were often kept in a small case.
419	0:57:47.4	0:57:55.7		Archaeologists have found them in almost every Viking community, which shows that hair care mattered to both men and women.
420	0:57:57.2	0:58:00.1		Combing also helped remove lice and tangles.
421	0:58:01.2	0:58:06.2		Along with a comb, a person might own small tweezers and an ear scoop.
422	0:58:07.5	0:58:14.9		After a wash, clean linen felt cool and soft against the skin, and the wool smelled fresh.
423	0:58:16.3	0:58:26.9		A warm room, a clean shirt and neat hair were small comforts, and in the long dark of winter they were worth the trouble of carrying water.
424	0:58:29.3	0:58:34.3	31-antler-comb-carving	Long evenings were spent carving wood, bone and antler.
425	0:58:35.8	0:58:40.0		When the work outdoors slowed, the carving began.
426	0:58:41.2	0:58:50.7		Wood, bone and antler were everywhere, and a sharp knife was something almost every person owned.
427	0:58:52.3	0:59:02.6		Wood was shaped into spoons, bowls, ladles, handles, pegs, toys and gaming pieces.
428	0:59:04.2	0:59:14.9		Bone from cattle and other animals could be sawn, scraped and polished into pins, needles, beads and small tools.
429	0:59:16.6	0:59:18.5		Antler was especially useful.
430	0:59:19.6	0:59:29.5		It is hard but not brittle, and it could be split into plates to make combs, with the teeth cut one by one using a fine saw.
431	0:59:31.2	0:59:48.1		Archaeologists find workshop waste, such as offcuts and half-finished pieces, in towns like Hedeby, Birka and York, and that shows that craftspeople made these goods for sale as well as for the household.
432	0:59:50.2	0:59:53.3		Decoration was often added with simple tools.
433	0:59:54.4	1:00:06.7		Curling lines, knots, animal heads and small circles were cut into the surface, and the style changed from place to place and from decade to decade.
434	1:00:08.6	1:00:14.8		Carving needs a still hand and a steady light, so people sat near the hearth or a lamp.
435	1:00:16.2	1:00:24.3		The soft sound of the knife and the pale curls of wood falling into a lap made a small, pleasant rhythm.
436	1:00:25.9	1:00:34.9		A plain piece of antler could become something lovely, and some of those things still exist, held in glass cases today.
437	1:00:37.2	1:00:41.1	32-winter-smithy	In winter the smithy was one of the warmest places in the community.
438	1:00:42.5	1:00:48.3		The smithy was a place of fire, and in winter that must have felt welcome.
439	1:00:49.6	1:00:51.8		Iron was essential to Viking life.
440	1:00:52.9	1:01:07.9		It made knives, axes, nails, ship rivets, hinges, tools for farm and carpentry, and also the shoes and studs that kept travellers safe on ice.
441	1:01:09.8	1:01:16.5		Many farms had a small forge of their own, and larger communities had specialist smiths.
442	1:01:18.0	1:01:24.9		Iron in Scandinavia was often made from bog iron, which is a rusty deposit found in wet ground.
443	1:01:26.4	1:01:35.6		It was gathered, dried, and heated in a clay furnace with charcoal until a spongy lump called a bloom formed.
444	1:01:37.2	1:01:43.9		The smith then reheated the bloom and hammered it, driving out impurities and shaping it.
445	1:01:45.4	1:01:53.4		Bellows blew air into the charcoal to keep the forge hot, and the metal glowed from dull red to bright orange.
446	1:01:54.9	1:02:03.6		The sound of hammer on anvil carried across the snow, and the smell of charcoal and hot iron floated out of the open door.
447	1:02:05.1	1:02:13.2		The sagas often treat smiths with respect, and some of the old stories say that smiths had a special kind of skill.
448	1:02:14.7	1:02:20.9		Because the farm's work outdoors was limited, winter was a good season for making and mending.
449	1:02:22.3	1:02:29.8		Beside the forge, neighbours may have gathered, simply to stand in the heat and talk for a while.
450	1:02:32.0	1:02:38.7	33-rope-and-sailcloth	Ships were mended, and rope and sails were made, indoors during the dark months.
451	1:02:40.3	1:02:44.0		A ship did not stop needing care just because it was out of the water.
452	1:02:45.2	1:02:54.0		The Vikings hauled their vessels ashore and often kept them under covers or in boathouses, and winter was the time to look them over.
453	1:02:55.6	1:03:02.5		Planks were checked, caulked with tarred wool or animal hair, and replaced where needed.
454	1:03:03.9	1:03:06.6		Iron rivets were tapped back into place.
455	1:03:07.7	1:03:17.2		Archaeologists think many of the long, careful jobs were done in this season, so that a ship would be ready for the first sailing days.
456	1:03:18.8	1:03:22.0		Rope was twisted by hand from several materials.
457	1:03:23.2	1:03:33.9		Walrus hide, sealskin, lime bast, which is the inner bark of the lime tree, and plant fibres were all used.
458	1:03:35.6	1:03:42.4		Sails were made of woollen cloth, woven in long strips, then sewn together.
459	1:03:43.8	1:03:49.7		The cloth was sometimes treated with fat or ochre to help it shed water and hold the wind.
460	1:03:51.1	1:03:59.8		A sail for a large ship could take a great amount of wool and many months of labour, much of it by women on the farms.
461	1:04:01.3	1:04:10.0		Think of the long, pale fabric spread across the floor of a boathouse, with several people stitching along its edges.
462	1:04:11.6	1:04:17.2		The smell was of tar and wool, and the sound was the tap of a mallet.
463	1:04:18.5	1:04:25.6		All of that patient indoor work was a promise made to the spring, written in thread and wood.
464	1:04:27.7	1:04:35.4	34-skis-and-snowshoes	In the far north, people crossed the snow on skis, snowshoes and ice skates made of bone.
465	1:04:37.0	1:04:43.4		Deep snow can stop a walker, but the people of the north had old answers to that problem.
466	1:04:44.8	1:04:54.1		Skis are very ancient in Scandinavia, and rock carvings and finds from bogs show that people were using them long before the Viking Age.
467	1:04:55.7	1:05:03.3		In Norse tradition, the god Ullr and the goddess Skaði were both linked to skis and winter hunting.
468	1:05:04.8	1:05:07.6		Skaði is sometimes called the ski goddess.
469	1:05:08.8	1:05:16.1		Skis of the time were wooden, and a traveller used a single long pole or a staff for balance.
470	1:05:17.5	1:05:22.2		They were used for hunting and for getting about, rather than for sport.
471	1:05:23.4	1:05:32.4		Snowshoes, made with a light frame and woven strips, could also spread a person's weight over soft snow.
472	1:05:33.9	1:05:40.2		For travel on ice, there were skates made from the leg bones of horses or cattle.
473	1:05:41.6	1:05:46.5		Archaeologists have found many of them in places such as York and Hedeby.
474	1:05:47.7	1:05:56.7		The bone was polished flat on one side, then strapped under the shoe, and the skater pushed along with a pointed stick.
475	1:05:58.3	1:06:05.1		It is hard to know how much was done for fun, but a frozen lake must have tempted people.
476	1:06:06.6	1:06:13.1		The snow made a dry squeak under the wood, and the air tasted of cold stone.
477	1:06:14.5	1:06:20.4		Across white fields, such simple tools turned a barrier into a road.
478	1:06:22.5	1:06:25.3	35-winter-hunting-and-ice-fishing	Winter hunting and fishing helped fill the larder.
479	1:06:26.6	1:06:33.5		Even in the cold months, the land and sea still gave some food, and people went out to find it.
480	1:06:34.9	1:06:42.8		In the woods, hunters sought elk, red deer, hare and birds such as grouse.
481	1:06:44.2	1:06:50.4		Snow made tracks easy to read, and skis let hunters move quietly and quickly.
482	1:06:51.7	1:06:58.8		Hares could be caught by snares, and archaeologists think traps of many kinds were in use.
483	1:07:00.3	1:07:11.6		On the coasts, seals were hunted for meat, oil and skins, and the sagas mention seal-hunting among the resources of farms near the shore.
484	1:07:13.3	1:07:17.6		Some people also took fish through holes in frozen lakes and rivers.
485	1:07:18.8	1:07:27.1		A hole was cut, a line or a net let down, and the catch hauled up into the pale light.
486	1:07:28.6	1:07:34.5		Fish bones and fishing gear found at Viking sites show how much people depended on this food.
487	1:07:35.8	1:07:41.9		Fresh food was precious in winter, since the stored supplies had to last until spring.
488	1:07:43.3	1:07:53.0		A fish pulled from a lake in January would taste clean and sweet, and it would be cooked in the cauldron or on a spit that same evening.
489	1:07:54.6	1:08:04.5		The quiet of a frozen lake, with only the faint creak of ice, is something modern fishermen in the north still know.
490	1:08:06.2	1:08:18.8		The same patience, the same cold hands and the same small reward belong to a very old tradition, and it still links a modern shore to a Viking one.
491	1:08:21.4	1:08:26.5	36-sledge-and-ice-horse	Sledges and horses with studded shoes carried loads across frozen ground.
492	1:08:28.0	1:08:32.4		Winter closed many roads, but it also opened some.
493	1:08:33.7	1:08:42.2		Snow and ice can make a smooth surface, and a loaded sledge slides much more easily than a wheeled cart through mud.
494	1:08:43.8	1:08:54.0		Sledges were common in Scandinavia, and a fine decorated one was found in the Oseberg ship burial, which is dated to the early ninth century.
495	1:08:55.7	1:09:02.1		Farmers used them to haul firewood, hay, hunted game and goods.
496	1:09:03.4	1:09:15.2		A sturdy horse was the usual puller, and the Icelandic horse, small and strong, may be a descendant of those the newcomers brought.
497	1:09:16.9	1:09:22.5		On ice, a horse needs grip, so ice-studs were used.
498	1:09:23.8	1:09:34.1		Archaeologists have found iron spikes and special horse shoes of this sort, and some sagas mention them being used for races or fights on the ice.
499	1:09:35.8	1:09:41.8		They were fixed to the hooves, or a pointed tool was used to give the animal a better hold.
500	1:09:43.1	1:09:46.3		Harness bells and bits of metal gear have also turned up.
501	1:09:47.5	1:09:55.3		The sound of runners on packed snow is a soft hiss, and the horse's breath rises in little clouds.
502	1:09:56.8	1:10:00.2		A frozen river could serve as a highway for miles.
503	1:10:01.3	1:10:15.8		In the longest, darkest part of the year, a plain wooden sledge and a patient animal kept the scattered farms and communities connected through the cold, bright weeks of snow.
504	1:10:18.5	1:10:22.2	37-longhouse-household	A Viking longhouse was home to far more than one family.
505	1:10:23.5	1:10:29.9		A farm in the Viking Age was less like a family home and more like a small village under one roof.
506	1:10:31.4	1:10:37.3		At the centre stood the household: a farmer, his wife, and their children.
507	1:10:38.6	1:10:45.6		Grandparents often lived there too, and sometimes a brother or cousin who had no land of his own.
508	1:10:47.1	1:10:57.1		Archaeologists think many farms also housed servants and farmhands, who worked in return for food, shelter and a little more.
509	1:10:58.8	1:11:04.2		On a great farm, thirty or forty people might share the hall.
510	1:11:05.5	1:11:15.2		The sagas also mention the quieter people, the shepherd, the dairymaid, the foster child raised by another family.
511	1:11:16.8	1:11:22.5		Fostering was common, and it tied two families together with a bond of trust.
512	1:11:23.8	1:11:25.9		The house had to hold all of them.
513	1:11:26.9	1:11:34.2		Each person had a place along the wall, a bench to sit on, and a spot within reach of the warmth.
514	1:11:35.7	1:11:47.1		By day the hall filled with the sounds of work, the soft thud of a loom weight, the scrape of a knife on wood, low voices over the cooking pot.
515	1:11:48.8	1:11:51.9		By evening everyone drew closer to the hearth.
516	1:11:53.0	1:12:06.0		Winter pressed many lives together, young and old, free and unfree, kin and stranger, and the long dark braided them into one household.
517	1:12:07.9	1:12:11.5		Perhaps that closeness was the truest shelter the house gave.
518	1:12:13.3	1:12:16.8	38-farm-mistress-keys	The mistress of the farm carried the keys to every store.
519	1:12:18.2	1:12:26.6		On a Viking farm, the woman of the house held a quiet kind of power, and it hung from her belt.
520	1:12:28.1	1:12:36.7		Archaeologists often find keys in the graves of women, and they think these show her duty over the locked chests and storerooms.
521	1:12:38.2	1:12:40.9		In winter that duty mattered more than ever.
522	1:12:42.1	1:12:51.3		Every sack of grain, every cheese, every barrel of skyr and every bundle of dried fish had to last until spring.
523	1:12:52.9	1:12:57.9		She decided what was brought out, and how much, and for whom.
524	1:12:59.2	1:13:08.4		The sagas describe women who ran farms with a firm and careful hand, especially when husbands were away at sea or at the assembly.
525	1:13:10.0	1:13:16.3		She also oversaw the dairy, the weaving, the brewing and the care of guests.
526	1:13:17.7	1:13:24.1		A key was a small thing, cold and heavy in the palm, but it meant trust.
527	1:13:25.5	1:13:35.0		When she walked through the hall, the keys made a faint chime against her brooches and beads, and people knew she was near.
528	1:13:36.6	1:13:43.7		Law sources suggest that a wife held real standing in the household, and that the keys were a sign of it.
529	1:13:45.2	1:13:47.2		Her work was mostly unseen.
530	1:13:48.3	1:13:55.2		Nobody would praise the stew that did not run out, or the bread that lasted until the thaw.
531	1:13:56.6	1:13:59.3		Yet the whole winter depended on her counting.
532	1:14:00.5	1:14:08.7		A bunch of iron keys, jingling softly in the firelight, may have been the most important tool in the house.
533	1:14:10.9	1:14:14.1	39-thralls-winter-work	Thralls and farmhands kept the winter work moving.
534	1:14:15.4	1:14:18.1		Not everyone in a Viking household was free.
535	1:14:19.2	1:14:25.8		Many farms had thralls, people who belonged to their owners and who did a great deal of the daily work.
536	1:14:27.3	1:14:32.0		Alongside them were free farmhands, hired for the season.
537	1:14:33.3	1:14:43.3		Historians know of thralls mainly from laws and sagas, and the picture is not always clear, so we should speak carefully.
538	1:14:45.0	1:14:47.9		In winter the work changed but did not stop.
539	1:14:49.0	1:14:54.1		Someone had to carry water from the stream and break the thin ice on its surface.
540	1:14:55.4	1:15:03.2		Someone carried hay to the animals, milked the cows, cleaned the byre and brought in peat and firewood.
541	1:15:04.6	1:15:14.1		Others carded wool, mended harnesses, or ground grain on the quern until the sound rolled through the house like slow thunder.
542	1:15:15.7	1:15:24.2		These were long, plain, repeated tasks, and a farm could not survive without them.
543	1:15:25.8	1:15:38.7		Thralls ate the same porridge as the others, as far as we can tell, and shared the same hall, though they sat in the lower places, farthest from the high seat.
544	1:15:40.6	1:15:45.9		Their lives were hard, and their own stories were rarely written down.
545	1:15:47.2	1:15:52.6		What remains are tools, worn thresholds and a few lines in the law.
546	1:15:53.9	1:16:05.3		When we picture a warm Viking hall, it is worth remembering that its warmth was carried in on many tired shoulders, one armful of wood at a time.
547	1:16:07.8	1:16:12.7	40-children-winter-play	Viking children had chores in winter, and also toys.
548	1:16:14.1	1:16:20.1		Winter on a Viking farm was a busy time for children, but it was not all work.
549	1:16:21.5	1:16:23.3		Even small ones had tasks.
550	1:16:24.4	1:16:34.9		They fed hens, carried small bundles of kindling, helped to wind yarn, and watched the younger ones near the fire.
551	1:16:36.6	1:16:40.5		Older children learned the skills they would need as grown people.
552	1:16:41.7	1:16:52.2		A girl might practise spinning and weaving beside her mother, and a boy might learn to whittle, mend a net, or care for the animals.
553	1:16:53.9	1:16:59.7		Much of this learning was done by watching and copying, with no school at all.
554	1:17:01.0	1:17:04.5		Yet archaeologists have also found small toys.
555	1:17:05.7	1:17:13.0		There are tiny wooden boats, little swords made of wood, and miniature horses.
556	1:17:14.4	1:17:22.4		Dolls were probably made from cloth and wood, and cloth rots, so very few survive.
557	1:17:23.9	1:17:31.9		Children also played with knucklebones and spinning tops, and probably invented games of their own with sticks and pebbles.
558	1:17:33.4	1:17:35.6		In the long evenings they listened.
559	1:17:36.7	1:17:46.8		They heard old stories, learned names of ancestors and gods, and picked up verses, simply by being near the grown-ups.
560	1:17:48.4	1:17:54.6		Some children were sent to foster families, where they learned new skills from another household.
561	1:17:56.0	1:18:09.6		A wooden boat the size of a hand, carved by a patient adult and sailed on the edge of a bench, reminds us that even in a hard season there were small hours of play.
562	1:18:12.3	1:18:17.6	41-hnefatafl-game	By the fire, Vikings played a board game called hnefatafl.
563	1:18:19.2	1:18:25.6		When work was done and the lamp burned low, many Viking households turned to a board game.
564	1:18:27.0	1:18:32.1		It is called hnefatafl, which roughly means the king's table.
565	1:18:33.4	1:18:42.0		The board was a grid, and the pieces were small figures made of bone, antler, wood, stone or glass.
566	1:18:43.5	1:18:48.0		One player had a king in the centre, with a few defenders around him.
567	1:18:49.2	1:18:53.8		The other player had more pieces, and they set out to surround the king.
568	1:18:55.0	1:19:00.9		The king, meanwhile, tried to slip away to the edge or a corner.
569	1:19:02.2	1:19:04.9		It was a game of patience and quiet thought.
570	1:19:06.0	1:19:16.4		Archaeologists have found boards and pieces in graves and settlements across the Viking world, from Scandinavia to Ireland and Iceland.
571	1:19:18.1	1:19:24.9		Some boards were simple, even scratched on a plank, while a few were beautifully made.
572	1:19:26.3	1:19:36.0		Nobody wrote the rules down at the time, so scholars have pieced them together from later sources, and not every detail is certain.
573	1:19:37.6	1:19:46.8		Later, in Sweden, a similar game was still played long after hnefatafl was forgotten.
574	1:19:48.3	1:19:55.7		A glass piece, smooth and cool in the hand, was set down with a soft click.
575	1:19:57.2	1:20:03.7		Opponents sat close, shoulders touching, as the fire cracked.
576	1:20:05.1	1:20:16.1		Perhaps this is one reason the game lasted: it asked nothing of the players except attention, and in return it made a long winter evening feel shorter.
577	1:20:18.5	1:20:24.1	42-fireside-storyteller	Stories were told aloud by the fire, since most people did not write.
578	1:20:25.6	1:20:30.5		In the Viking Age, nearly all stories lived in memory and voice.
579	1:20:31.8	1:20:41.6		Writing existed, in the form of runes, but it was used for short messages, not for long tales.
580	1:20:43.2	1:20:49.9		So when winter closed the roads, the evening entertainment was a person who knew a story.
581	1:20:51.3	1:20:59.1		It might be a tale of gods and giants, of a family feud, or of a voyage to a far shore.
582	1:21:00.6	1:21:08.0		Listeners knew many of the characters already, and part of the pleasure was hearing a familiar story told well.
583	1:21:09.5	1:21:17.3		Later, in thirteenth-century Iceland, writers set down many of these tales as sagas.
584	1:21:18.7	1:21:30.4		The sagas themselves sometimes describe people entertaining one another at feasts and gatherings, though we cannot be sure how closely the written tales match the spoken ones.
585	1:21:32.2	1:21:33.9		Telling a story took skill.
586	1:21:34.9	1:21:44.1		The voice rose and fell, a pause let the listeners lean forward, and a gesture might suggest a sword or a ship.
587	1:21:45.7	1:21:50.0		A good storyteller was valued in a household and welcomed as a guest.
588	1:21:51.2	1:21:57.4		Over many winters the same stories were told again, changed a little each time.
589	1:21:58.8	1:22:04.8		They carried names, places and old advice from one generation to the next.
590	1:22:06.2	1:22:11.9		Long before books filled shelves, a memory and a warm hall were enough.
591	1:22:13.3	1:22:19.1		Each retelling was a small act of care, passing a piece of the past along.
592	1:22:21.2	1:22:25.2	43-skald-poetry-hall	Skalds turned winter evenings into poetry full of riddles.
593	1:22:26.6	1:22:34.3		Besides stories in plain speech, the Norse loved a very different art: skaldic poetry.
594	1:22:35.8	1:22:46.0		A skald was a poet, often attached to a chief or a king, who composed verses to praise, remember or entertain.
595	1:22:47.6	1:22:49.6		These poems were not simple.
596	1:22:50.6	1:22:56.2		They followed strict patterns of rhythm, with lines that echoed one another in sound.
597	1:22:57.5	1:23:00.0		The most famous feature was the kenning.
598	1:23:01.1	1:23:05.6		A kenning is a short poetic phrase that replaces an ordinary word.
599	1:23:06.9	1:23:16.9		The sea might be called the whale road, a ship might be the horse of the waves, and a poet's skill might be named the mead of poetry.
600	1:23:18.5	1:23:27.7		To enjoy such a verse, a listener had to unpack the images one by one, a little like solving a puzzle.
601	1:23:29.3	1:23:35.3		Many were drawn from myths, so knowing the old stories made the poems richer.
602	1:23:36.7	1:23:42.5		Much skaldic verse survives because later Icelandic writers copied it into their books.
603	1:23:43.8	1:23:48.3		Scholars think it was handed down by memory for generations first.
604	1:23:49.5	1:23:58.4		On a dark evening, the voice of a skald, steady and rhythmic, would have filled the hall.
605	1:23:59.9	1:24:02.8		Listeners nodded when a clever phrase landed.
606	1:24:03.9	1:24:11.7		The poetry was meant to be heard, not read, and its sound mattered as much as its meaning.
607	1:24:13.2	1:24:19.0		Perhaps the long nights gave such careful words a stage on which every small image could glow.
608	1:24:21.0	1:24:24.2	44-riddles-by-fire	Riddles and wordplay made the dark hours pass.
609	1:24:25.6	1:24:28.5		Another pastime of the long evenings was the riddle.
610	1:24:29.6	1:24:35.7		People of the Viking world enjoyed asking a question in disguise and waiting to see who could solve it.
611	1:24:37.1	1:24:40.5		Some riddles survive in Old Norse literature.
612	1:24:41.6	1:24:56.0		In one famous saga, a riddle contest takes place between a king and a disguised stranger, and the questions are about things like a mysterious creature or an object that is described in strange terms.
613	1:24:58.0	1:25:06.0		We cannot know how many of these were ordinary household games, but the taste for wordplay clearly ran deep.
614	1:25:07.6	1:25:14.8		Kennings, the poetic phrases for familiar things, were a bit like riddles already.
615	1:25:16.3	1:25:19.9		A listener who heard the swan's road had to think of the sea.
616	1:25:21.1	1:25:27.1		Children probably learned to love such puzzles early, as they do in many cultures.
617	1:25:28.4	1:25:36.6		A good riddle needed a clear picture, a small surprise, and an answer that felt obvious afterwards.
618	1:25:38.1	1:25:44.9		Players might lean on the bench, frown in thought, and then laugh when someone guessed it.
619	1:25:46.4	1:25:54.5		These were games of the mind that cost nothing and needed no tools, perfect for a house where light was precious.
620	1:25:56.0	1:26:01.5		They also trained memory, since a riddle was often repeated and passed along.
621	1:26:02.9	1:26:12.0		A dark hall in winter may have rung with these small mysteries, and perhaps the delight of solving one lasted longer than the lamp.
622	1:26:14.4	1:26:19.3	45-runes-on-stick	Vikings carved runes on sticks and bone, not on paper.
623	1:26:20.8	1:26:25.0		The Vikings had their own alphabet, the runes.
624	1:26:26.2	1:26:33.5		It was made of straight lines, which suited carving into wood, bone, antler and stone.
625	1:26:35.0	1:26:37.9		Most runes were not written on grand monuments.
626	1:26:39.1	1:26:48.5		Archaeologists have found many small objects with short inscriptions, scratched onto sticks, bone pieces and tools.
627	1:26:50.2	1:26:59.7		Because wood rots, we have only a fraction of what was once cut, mostly from places where it stayed damp or frozen.
628	1:27:01.4	1:27:02.9		What do these messages say?
629	1:27:04.0	1:27:05.4		Many are ordinary.
630	1:27:06.5	1:27:15.6		There are names, owners' marks, short messages, and simple greetings.
631	1:27:17.1	1:27:19.2		Some are prayers or charms.
632	1:27:20.3	1:27:22.3		A few seem to be little jokes.
633	1:27:23.3	1:27:35.2		In the town of Bergen in Norway, later in the Middle Ages, dozens of everyday rune sticks were found, which gives a hint of how common such writing was.
634	1:27:36.9	1:27:47.9		During winter, when the fields were silent and work moved indoors, a knife and a smooth stick could carry a message or mark a possession.
635	1:27:49.6	1:27:51.6		Carving runes took patience.
636	1:27:52.7	1:27:58.1		Each stroke had to be clean, and the surface had to be right.
637	1:27:59.4	1:28:09.8		Some stones carved for the dead are famous, but the small sticks tell us something warmer: that ordinary people could also leave words behind.
638	1:28:11.5	1:28:23.8		A thin piece of wood, marked with a name, still speaks across a thousand years, saying simply that someone was here, and wished to be remembered.
639	1:28:26.3	1:28:30.0	46-primstav-calendar	A notched stick helped people count the days of winter.
640	1:28:31.4	1:28:36.6		How did people know what day it was, in a world with no printed calendar?
641	1:28:37.9	1:28:39.7		Many used a calendar stick.
642	1:28:40.8	1:28:44.2		In Scandinavia it was later known as a primstav.
643	1:28:45.4	1:28:54.5		It was a flat piece of wood with notches along its edges, one for each day, and small symbols marking important dates.
644	1:28:56.1	1:29:00.5		A farmer could move a finger along it and see how far winter had gone.
645	1:29:01.7	1:29:14.4		The earliest surviving sticks come from the Middle Ages, so we cannot be sure how exactly the Vikings used them, but the idea of tracking time with notches and marks is very old.
646	1:29:16.3	1:29:25.7		Archaeologists think people watched the sun and moon as well, noting where the light fell at midday and when the first quarter of the moon arrived.
647	1:29:27.3	1:29:33.1		Counting mattered, since stores of food had to match the number of weeks until spring.
648	1:29:34.4	1:29:41.5		A notch on a stick, cut each evening, meant one more day gone and one fewer to come.
649	1:29:42.9	1:29:47.1		It also helped the household to know when a feast or an assembly was due.
650	1:29:48.3	1:29:52.9		In the dark months, there is something steady about such a habit.
651	1:29:54.1	1:30:00.8		A small knife, a quiet cut, a thumb run along the grooves.
652	1:30:02.2	1:30:12.1		Time was not a clock on the wall but a line in the wood, slowly filling, and every household could see it.
653	1:30:14.4	1:30:17.3	47-winter-month-names	Each winter month had its own old name.
654	1:30:18.6	1:30:27.7		The old Norse calendar was built around the moon and the farm year, and the winter months had names that still sound strange and lovely.
655	1:30:29.3	1:30:38.2		Our best source is Icelandic writing from later centuries, so historians speak carefully about how far back they reach.
656	1:30:39.8	1:30:53.5		In this reckoning, the first winter month was Gormánuðr, often explained as the slaughter month, though some think it simply meant the month of entrails or of autumn work.
657	1:30:55.4	1:30:59.5		Next came Ýlir, the month around Yule.
658	1:31:00.7	1:31:09.6		Then Mörsugur, a name whose meaning is debated, perhaps relating to fat or to a time of feasting.
659	1:31:11.2	1:31:19.1		After that came Þorri, the heart of winter, with its hard frost and its tired stores.
660	1:31:20.6	1:31:28.2		Last came Góa, whose meaning is also uncertain, a month that led towards spring.
661	1:31:29.7	1:31:33.4		Each month was marked by customs and small celebrations.
662	1:31:34.6	1:31:40.5		In Iceland, people later held festivals at the start of Þorri and Góa.
663	1:31:41.8	1:31:47.0		The names tied the year to the work of the farm, the weather and the animals.
664	1:31:48.3	1:31:52.8		They told you where you stood in the long dark without any need of a clock.
665	1:31:54.1	1:32:00.7		To say that it was Þorri was to say that the cold was at its sharpest and that the hay was dwindling.
666	1:32:02.2	1:32:09.4		Old names, carried through many winters, gave each stretch of darkness a face.
667	1:32:11.5	1:32:15.8	48-stranger-at-door	Even in the hardest winter, a stranger at the door was welcomed.
668	1:32:17.2	1:32:25.2		Among the Norse, hospitality was a serious duty, and winter made it a matter of life.
669	1:32:26.7	1:32:34.4		A traveller caught in snow, far from any farm, might knock at the door of a stranger.
670	1:32:35.8	1:32:42.0		Old poems, such as Hávamál, speak about this directly.
671	1:32:43.4	1:32:52.3		The speaker says that a guest who comes in cold needs fire, and that he who has travelled far needs food and dry clothes.
672	1:32:53.9	1:32:58.4		The poem also advises good manners from both host and visitor.
673	1:32:59.7	1:33:05.9		A guest should not stay too long, and a host should not make a guest feel unwelcome.
674	1:33:07.3	1:33:15.6		We cannot say how closely everyone followed such advice, but the ideal was strong enough to be written down and repeated.
675	1:33:17.1	1:33:24.0		Many farms lay a long way from any neighbour, and the road might be dangerous in the dark.
676	1:33:25.4	1:33:29.4		A shared fire could be the difference between a bad night and a good one.
677	1:33:30.6	1:33:40.1		The host offered a place on the bench, a bowl of porridge, perhaps a cup of ale, and then listened to the news from afar.
678	1:33:41.7	1:33:47.0		Travellers brought stories, and stories were a kind of payment.
679	1:33:48.3	1:33:53.7		In this way, news crossed the snowy country from farm to farm.
680	1:33:55.0	1:34:04.0		A door opened to a stranger in the cold was a small promise that, someday, another door would open for you too.
681	1:34:06.2	1:34:10.5	49-winter-nights	The Norse welcomed winter with a festival called Winter Nights.
682	1:34:11.9	1:34:23.0		When the last days of October came, farms across the Norse lands marked the turn of the year with a gathering known as Vetrnætr, the Winter Nights.
683	1:34:24.7	1:34:26.7		The name tells us how people thought.
684	1:34:27.8	1:34:29.9		Winter did not simply arrive.
685	1:34:30.9	1:34:35.4		It was welcomed in, like a guest who would stay for months.
686	1:34:36.6	1:34:47.6		The sagas mention feasts at this time, and some describe a blót, a ritual meal in which food and drink were offered to the gods and to the powers of the land.
687	1:34:49.3	1:34:58.9		Archaeologists think such gatherings were usually held at home or in a neighbour's hall, with family, workers and friends coming together.
688	1:35:00.6	1:35:02.4		The harvest was finished by now.
689	1:35:03.5	1:35:09.4		The hay was stacked, the barrels were filled, and the ships were drawn up on the shore.
690	1:35:10.8	1:35:13.5		There was a sense of having done what could be done.
691	1:35:14.6	1:35:21.1		Meat was cooked in the great cauldron, and the smell of it mixed with wood smoke under the dark roof.
692	1:35:22.5	1:35:24.7		Horns of ale went from hand to hand.
693	1:35:25.8	1:35:30.6		People spoke of the summer that had passed and of what the cold months might bring.
694	1:35:31.9	1:35:40.1		We do not know every detail of the old rites, because most were written down long afterwards by Christian authors.
695	1:35:41.7	1:35:45.0		Still, the feeling seems clear enough.
696	1:35:46.1	1:35:56.4		Before the long dark began, people sat close together, shared what they had, and said a quiet thank you to the year behind them.
697	1:35:58.7	1:36:04.5	50-alfablot	Some farms held a private feast for the elves, called the Álfablót.
698	1:36:06.1	1:36:14.5		Among the stranger customs mentioned in the old poems and sagas is the Álfablót, the sacrifice to the elves.
699	1:36:16.0	1:36:23.8		It seems to have been held in autumn, around the start of winter, and it was very much a household matter.
700	1:36:25.3	1:36:35.2		In one saga, a farmer's home is closed to visitors while it takes place, and a traveller who knocks is politely turned away at the door.
701	1:36:36.9	1:36:43.1		The woman of the house tells him that the family is holding an Álfablót and that he cannot come in.
702	1:36:44.5	1:36:48.6		That small scene is one of the few windows we have into the custom.
703	1:36:49.8	1:36:52.4		Scholars are not sure who the elves were.
704	1:36:53.6	1:37:02.4		They may have been the spirits of ancestors, or powers tied to the farm and the land, or something in between.
705	1:37:04.0	1:37:10.3		The old stories do not explain it neatly, and we should be careful not to pretend they do.
706	1:37:11.7	1:37:18.2		What seems likely is that the family offered food and drink and kept the occasion quiet and within the walls.
707	1:37:19.6	1:37:24.5		Perhaps it was a way of keeping good company with those who were thought to watch over the place.
708	1:37:25.8	1:37:35.5		The fire burned low and steady, the family spoke softly, and outside the autumn darkness gathered over the fields.
709	1:37:37.1	1:37:42.7		It is a gentle thought that even the unseen neighbours were remembered before the cold set in.
710	1:37:44.8	1:37:50.2	51-yule-midwinter	Yule, or Jól, was the great midwinter festival of the Norse.
711	1:37:51.7	1:37:57.6		Of all the seasons of the Norse year, Yule was the one that people looked toward most.
712	1:37:58.9	1:38:05.3		The word was Jól, and it named a festival that fell somewhere around the middle of winter.
713	1:38:06.6	1:38:10.2		Nobody today can say the exact dates for certain.
714	1:38:11.4	1:38:21.6		The old sources suggest it lasted several days, and that it was tied to the turning of the sun, when the darkest part of the year had been passed.
715	1:38:23.3	1:38:26.8		In the far north the days at this time are very short.
716	1:38:28.0	1:38:35.6		The sun barely climbs above the horizon, and the light that comes has a soft, low, golden colour.
717	1:38:37.0	1:38:39.5		A farm would have spent weeks preparing.
718	1:38:40.6	1:38:49.2		Meat had been set aside, ale had been brewed, and wood had been stacked high so the fire could burn freely.
719	1:38:50.7	1:38:54.1		Neighbours and kin travelled across the snow to be together.
720	1:38:55.3	1:39:03.6		The sagas speak of Yule as a time for guests, for gifts, and for oaths spoken in front of others.
721	1:39:05.1	1:39:12.1		Some old customs from this season survived long into Christian times, which is partly how we know of them.
722	1:39:13.6	1:39:18.1		The word itself is still with us today, in the English Yule.
723	1:39:19.4	1:39:25.8		When the hall was full of voices and warm light, the cold outside seemed a little farther away.
724	1:39:27.2	1:39:34.6		The year had reached its lowest point, and the slow turn back toward light had quietly begun.
725	1:39:36.8	1:39:40.9	52-yule-feast	The Yule feast centred on a roast boar and many toasts.
726	1:39:42.4	1:39:44.4		At the heart of Yule stood the feast.
727	1:39:45.5	1:39:55.2		The old sources describe long tables, plenty of food, and a great deal of drinking, and they give us a few particular details.
728	1:39:56.8	1:39:58.2		One is the boar.
729	1:39:59.2	1:40:09.6		The pig was linked in the stories with Freyr, a god of fertility and good harvests, and a boar was said to be a fitting dish for the season.
730	1:40:11.3	1:40:20.1		The Norse tales mention a sacred boar, and later folk customs in Scandinavia kept the habit of serving pork at midwinter.
731	1:40:21.7	1:40:28.1		How much of this goes back to the Viking Age is hard to say, so it is wise to speak with care.
732	1:40:29.5	1:40:31.6		We do know that toasts mattered.
733	1:40:32.6	1:40:38.9		Horns were raised to the gods, to the kings and chieftains, and to departed kin.
734	1:40:40.3	1:40:48.1		The sagas also tell of solemn vows made over a cup, which were taken seriously by those who heard them.
735	1:40:49.6	1:40:58.5		Picture the smell of roast meat in the warm hall, the sound of the fire popping, and the low hum of many voices.
736	1:41:00.0	1:41:07.2		Bread, butter, cheese and ale were set out for everyone.
737	1:41:08.7	1:41:14.6		The hosts wanted guests to leave well fed, and generosity was a matter of honour.
738	1:41:15.9	1:41:25.1		For a few evenings the darkness outside was held back by laughter, song and a table that did not seem to run empty.
739	1:41:27.4	1:41:31.6	53-wild-hunt-sky	Some Norse people saw Odin riding across the winter night sky.
740	1:41:33.0	1:41:43.3		On wild winter nights, when the wind howled over the roof and clouds raced across the stars, people in the north told stories about riders in the sky.
741	1:41:45.0	1:41:53.4		Later Scandinavian folklore speaks of a Wild Hunt, a ghostly company that rushed through the air at midwinter.
742	1:41:54.9	1:42:07.5		Many scholars connect this idea to Odin, the old god of wisdom, poetry and the dead, who was known to travel on an eight-legged horse called Sleipnir.
743	1:42:09.3	1:42:22.8		In the Viking Age itself, our evidence for such a hunt is thin, so it is best to say that the tradition grew from older beliefs and that its exact shape is uncertain.
744	1:42:24.7	1:42:28.1		Still, the picture fits the season well.
745	1:42:29.2	1:42:37.1		The wind in the thatch and turf can sound like galloping, and the long dark gives the imagination plenty of room.
746	1:42:38.6	1:42:47.4		In some regions, people were said to leave a little food or a sheaf of grain outside for the passing rider's horse.
747	1:42:49.0	1:42:55.1		That detail comes from much later times, but it shows how long the idea lasted.
748	1:42:56.5	1:43:02.6		Inside the longhouse, the family heard the wind and perhaps shared a story or two.
749	1:43:03.9	1:43:12.1		The door was shut, the fire was bright, and the sky outside belonged to older and larger things.
750	1:43:13.6	1:43:21.5		A stormy night, when seen from a warm seat, can feel like a tale being told by the world itself.
751	1:43:23.6	1:43:27.1	54-house-spirits-mound	Families believed their ancestors still watched over the farm.
752	1:43:28.5	1:43:35.6		For many Norse families, the people who had lived on the land before them were never completely gone.
753	1:43:37.0	1:43:45.5		Grave mounds stood close to farms, often within sight of the house, and they were treated with a certain respect.
754	1:43:47.0	1:43:55.0		The sagas tell of a man who stayed near the mound of his father, and of others who spoke of the dead as neighbours.
755	1:43:56.5	1:44:03.0		Some stories describe ancestors who remained within their mounds and were consulted on important matters.
756	1:44:04.4	1:44:13.2		We should remember that these are tales, not records, and that beliefs varied from region to region and from person to person.
757	1:44:14.8	1:44:21.8		There were also ideas about guardian spirits of the land and the household, known by various names.
758	1:44:23.3	1:44:33.3		Later Scandinavian folklore speaks of small helpers living in barns and farmhouses, who were given a bowl of porridge in winter to keep them content.
759	1:44:35.0	1:44:38.6		Whether the Vikings had exactly that custom is unknown.
760	1:44:39.8	1:44:44.9		What seems certain is that the line between the living and the dead was softer than ours.
761	1:44:46.2	1:44:52.1		The farm was a long chain of people, each looking after the same fields and walls.
762	1:44:53.4	1:45:09.3		In the dark months, when the mound lay under snow and the wind moved over it, a family might feel that the past was nearby, quietly keeping watch, and that they themselves were only the latest to live there.
763	1:45:12.1	1:45:16.0	55-fimbulwinter-sky	Norse myth spoke of a great winter called Fimbulwinter.
764	1:45:17.4	1:45:24.7		In the old myths, there was a winter greater than any other, called Fimbulwinter.
765	1:45:26.2	1:45:34.4		The poem Völuspá and the prose writer Snorri Sturluson both describe it as a time before the end of the world.
766	1:45:35.9	1:45:42.7		According to Snorri, three winters would follow one another with no summer between them.
767	1:45:44.1	1:45:51.9		Snow would drive in from every direction, the frost would be hard, and the wind would be sharp.
768	1:45:53.4	1:45:55.2		The sun would give no warmth.
769	1:45:56.3	1:46:05.2		These stories were told long ago, and they were later written down in Iceland, so the details come to us through a Christian age.
770	1:46:06.7	1:46:13.4		Even so, the image would have meant something to people who lived through real northern winters.
771	1:46:14.8	1:46:24.4		A year with a cold, late spring could be hard on farms, and the old fear of a summer that never came was perhaps rooted in daily life.
772	1:46:26.1	1:46:35.5		Archaeologists and climate scientists note that the Viking Age saw some changing weather, though they are careful about drawing links to the myth.
773	1:46:37.2	1:46:44.2		To the listener, Fimbulwinter was a story about endings and about what might come afterward.
774	1:46:45.6	1:46:52.3		Even in the poem, the world is said to rise again, green and fresh.
775	1:46:53.7	1:47:01.8		Told by the fire, in a house with a full storeroom, the tale of the great winter could be heard with a certain calm.
776	1:47:03.3	1:47:08.3		The real winter outside would always, in the end, give way.
777	1:47:10.2	1:47:16.2	56-sun-moon-wolves	In myth, Sól and Máni were chased across the sky by wolves.
778	1:47:17.7	1:47:25.6		The Norse imagined the sun and the moon as two travellers, a sister and a brother named Sól and Máni.
779	1:47:27.1	1:47:37.5		According to Snorri Sturluson, Sól drove a chariot pulled by horses across the heavens, and Máni guided the moon on its path.
780	1:47:39.1	1:47:45.0		Close behind each of them ran a wolf, always hungry and always following.
781	1:47:46.4	1:47:53.4		The poems say that one day the wolves would catch them, but that day would only come at the end of the world.
782	1:47:54.8	1:48:01.4		This is a myth, of course, and it comes to us through medieval Icelandic writers.
783	1:48:02.8	1:48:07.3		Still, it gives a lovely picture of the seasons.
784	1:48:08.5	1:48:11.9		In deep winter, the sun seems to hurry.
785	1:48:13.0	1:48:20.0		It rises late, skims low over the hills, and is gone again before long.
786	1:48:21.5	1:48:28.0		In the far north the moon can seem to stay up for a long while, pale on the snow.
787	1:48:29.4	1:48:38.2		It is easy to imagine how a people who watched these lights daily could see them as living, moving things with a task to do.
788	1:48:39.8	1:48:42.0		Time itself was tied to this idea.
789	1:48:43.1	1:48:53.9		Days, months and years were counted by the sun and moon, and the sagas often mention the passing of nights rather than days.
790	1:48:55.7	1:49:05.2		When people looked up on a winter evening and saw the moon shining over the white fields, they were seeing an old companion still running steadily on.
791	1:49:07.6	1:49:13.4	57-northern-lights	The Northern Lights shimmered over the Norse winter, with no name we can be sure of.
792	1:49:15.0	1:49:23.9		Over the far north, on clear and frosty nights, the sky sometimes fills with soft green and pale violet light.
793	1:49:25.5	1:49:28.1		Today we call it the aurora borealis.
794	1:49:29.2	1:49:36.1		The Norse people must have seen it often, especially in Iceland, northern Norway and Greenland.
795	1:49:37.5	1:49:43.1		Strangely, the surviving Viking Age texts say very little about it.
796	1:49:44.4	1:49:55.3		A medieval Norwegian book called the King's Mirror, written in the thirteenth century, mentions the northern lights and offers a few guesses about their cause.
797	1:49:57.0	1:50:06.7		It suggests, for instance, that they might be fire, or sunlight reflected from the ocean.
798	1:50:08.4	1:50:14.6		That is later than the Viking Age, but it shows that people wondered about it for a long time.
799	1:50:16.0	1:50:28.9		Some modern writers connect the aurora to the Valkyries or to the Bifröst bridge, but there is little firm evidence, so these ideas should be treated as guesses.
800	1:50:30.7	1:50:39.4		What we can say is that the lights were there, rippling quietly above the roofs, and that no one could have ignored them.
801	1:50:40.9	1:50:45.6		A farmer stepping out to check on the animals might stop for a moment and look up.
802	1:50:46.8	1:50:50.8		The sky would be silent, cold and brilliant.
803	1:50:52.0	1:50:54.2		Nothing in it needed to be explained.
804	1:50:55.3	1:51:04.5		It was simply there, a slow glow moving over the snow, and the mind could follow it for a long time.
805	1:51:06.8	1:51:10.3	58-stars-navigation	The long winter nights gave sailors time to know the stars.
806	1:51:11.7	1:51:15.8		A great deal of Viking skill at sea depended on knowing the sky.
807	1:51:17.1	1:51:24.0		Over the long winter nights, with the ships pulled ashore, people had plenty of time to look up.
808	1:51:25.4	1:51:28.7		The stars were a kind of calendar and a kind of map.
809	1:51:29.9	1:51:39.4		Sailors in the north knew that one star, which we now call the Pole Star, stayed nearly still while the others turned around it.
810	1:51:41.0	1:51:51.3		The sagas and later texts mention sailors using the sun, the stars and the colour of the sea, as well as the flight of birds and the shape of clouds.
811	1:51:53.0	1:52:08.2		Archaeologists have also found a small wooden disc at Uunartoq in Greenland, thought by some to have been a kind of sun compass, though other scholars doubt this and it may date from after the Viking Age.
812	1:52:10.2	1:52:13.0		We should be careful about claiming too much.
813	1:52:14.1	1:52:17.3		Nobody knows exactly how every voyage was steered.
814	1:52:18.4	1:52:23.8		Yet it seems clear that watching the sky was part of the knowledge handed down in families.
815	1:52:25.1	1:52:34.7		On a still winter night, the stars are sharp and many, and a person who knew them could name shapes and seasons.
816	1:52:36.3	1:52:41.2		Without city lights, the sky is very dark and very full.
817	1:52:42.4	1:52:53.7		Under it, a farmer or a sailor could feel the voyages of the next summer waiting, small and patient, among the lights above.
818	1:52:56.1	1:53:01.1	59-thor-thunder-winter	Thor, god of thunder, was quiet in the cold months.
819	1:53:02.5	1:53:05.3		Thor was one of the best known of the Norse gods.
820	1:53:06.4	1:53:15.2		He carried a hammer called Mjölnir and was linked with thunder, storms and the strength that protected people and their homes.
821	1:53:16.8	1:53:25.9		Many Vikings wore small hammer pendants as a sign of this protection, and archaeologists have found them in many places.
822	1:53:27.5	1:53:34.7		Thunderstorms in the north tend to come in the warmer months, so in the dead of winter the sky is usually silent in that way.
823	1:53:36.1	1:53:40.9		The snow lies heavy, the air is still and the thunder is gone.
824	1:53:42.2	1:53:47.0		It would be natural for people to feel that the great hammer was held back until spring.
825	1:53:48.3	1:53:51.1		We should say plainly that this is a modern thought.
826	1:53:52.2	1:53:54.2		The old sources do not state it.
827	1:53:55.3	1:54:04.2		They do tell us that Thor was thought of as a friend of farmers and travellers, a god who drove away dangers that came from the wild.
828	1:54:05.8	1:54:10.1		In some tales, people prayed to him for good weather at sea.
829	1:54:11.3	1:54:14.2		A winter family had no need of storms.
830	1:54:15.3	1:54:22.3		What they wanted was a steady fire, shelter, and the strength to endure the cold.
831	1:54:23.7	1:54:28.2		A small hammer worn at the neck might still be a comfort in this season.
832	1:54:29.4	1:54:36.1		It was a little reminder that someone strong stood between the household and the wide, dark world.
833	1:54:37.6	1:54:44.0		When the first spring thunder rolled over the hills, it was perhaps heard as a welcome sound.
834	1:54:46.1	1:54:50.7	60-freyr-freyja-spring	Winter households hoped Freyr and Freyja would bring a fertile spring.
835	1:54:52.2	1:54:59.8		Among the Norse gods, Freyr and Freyja were linked with growth, fertility and plenty.
836	1:55:01.3	1:55:11.8		Freyr was said to bring good harvests and peace, and Freyja was associated with love, beauty and also with powerful magic.
837	1:55:13.5	1:55:19.3		They were a brother and sister, according to the poems and to Snorri Sturluson.
838	1:55:20.7	1:55:25.6		For a farm living through winter, these were gods worth remembering.
839	1:55:26.9	1:55:34.8		Spring meant new lambs, the sowing of seed, and the return of green grass for the animals.
840	1:55:36.3	1:55:42.2		Sources from the period are limited, and we know little of the exact rites performed.
841	1:55:43.5	1:55:55.1		Place names across Scandinavia, however, include the names of these gods, which suggests that people honoured them in many places.
842	1:55:56.8	1:56:08.4		In Sweden, a great temple at Uppsala was described by a medieval writer as having a statue of Freyr, though we should treat that account with care.
843	1:56:10.2	1:56:13.0		Winter was a time of hope as much as of waiting.
844	1:56:14.1	1:56:19.7		A family looking at their last measure of grain might quietly wish for a gentle spring.
845	1:56:21.0	1:56:22.8		Wishing was part of the season.
846	1:56:23.8	1:56:31.4		In the evening they might raise a horn in the name of the gods of the fields, asking for peace and good yield.
847	1:56:32.9	1:56:43.1		The snow outside was still deep, but everyone in the hall knew in their hearts that the ground below was alive, holding the seeds of the year to come.
848	1:56:45.5	1:56:50.2	61-iceland-turf-farm	An Icelandic farm in winter was built almost entirely from earth.
849	1:56:51.6	1:56:57.3		Iceland had very little woodland, and that shaped every winter day on its farms.
850	1:56:58.7	1:57:10.6		Settlers began arriving around AD 870, and they found a green island with birch scrub, wide grassland and black volcanic ground.
851	1:57:12.5	1:57:21.7		Archaeologists think the early farmers built their houses mostly from turf and stone, because good timber was scarce and had to be saved.
852	1:57:23.3	1:57:30.7		The walls were thick, made of layers of grass sod, and they held the warmth like a heavy blanket.
853	1:57:32.2	1:57:44.3		Sheep, cattle and horses were kept close by, and the hay cut in summer was counted with care, because it had to last until the grass came back.
854	1:57:46.2	1:57:54.5		The sagas describe households gathering in the main room, where work went on by the light of the fire and small lamps.
855	1:57:56.0	1:57:58.2		Wool was the great winter task.
856	1:57:59.2	1:58:07.7		People carded it, spun it and wove it, and the cloth was one of the things Iceland could offer to traders.
857	1:58:09.3	1:58:17.2		Outside, the wind came in from the sea and the snow piled against the walls until the house looked like part of the hillside.
858	1:58:18.8	1:58:28.6		Inside, smoke rose slowly through the roof, and the air smelled of peat, dried fish and damp wool.
859	1:58:30.2	1:58:39.6		Neighbours lived far apart, so each farm was almost a small world of its own, with its own sounds and its own routines.
860	1:58:41.3	1:58:46.1		A house made from the ground itself keeps the cold at a gentle distance.
861	1:58:48.1	1:58:53.8	62-greenland-fjord-farm	In Greenland, Norse farmers lived at the very edge of the farming world.
862	1:58:55.4	1:59:06.5		Around AD 985, settlers sailing from Iceland reached the southwest coast of Greenland and found sheltered fjords with grass along the shores.
863	1:59:08.3	1:59:15.4		They named the place Greenland, and the sagas say this was meant to attract new settlers.
864	1:59:16.9	1:59:27.5		Archaeologists have found the ruins of many farms there, with stone walls, byres and small churches in the later years.
865	1:59:29.2	1:59:38.4		Winters were long and hard, and the farms depended on cattle, sheep and goats, which needed hay and shelter.
866	1:59:40.0	1:59:51.3		People also hunted seals, which gave meat, oil and skins, and in summer some travelled north to hunt walrus and gather ivory.
867	1:59:53.1	2:00:00.5		Stone was used far more than wood, since timber had to come as washed-up logs or from distant voyages.
868	2:00:02.0	2:00:10.2		A winter house probably smelled of smoke, animals and seal oil, and was lit by low lamps.
869	2:00:11.8	2:00:18.5		Sea ice could fill the fjords, and a ship from Iceland or Norway might not arrive for a long time.
870	2:00:20.0	2:00:31.2		Researchers still discuss, with great care, why the settlements eventually faded, and most think there were several causes working together.
871	2:00:33.0	2:00:42.5		What is clear is that for several centuries, people kept homes, church bells and herds in a place most Europeans had never seen.
872	2:00:44.2	2:00:49.2		There is a quiet courage in tending a small fire at the edge of the known map.
873	2:00:51.2	2:00:56.8	63-late-winter-larder	Late winter was the hungry season, and households measured their food with care.
874	2:00:58.3	2:01:05.8		By the time the old months of Þorri and Góa arrived, the larder had been in use for a long time.
875	2:01:07.3	2:01:15.0		The meat of autumn was mostly gone, the hay was shrinking, and the weather could still be bitter.
876	2:01:16.5	2:01:27.9		Historians think this was one of the hardest parts of the year, and the old calendar seems to reflect it, with later winter marked by hope as well as patience.
877	2:01:29.7	2:01:31.3		Households had to ration.
878	2:01:32.4	2:01:37.9		Dried fish was shared in small portions, and porridge was made thinner.
879	2:01:39.3	2:01:45.0		Skyr, butter and cheese were kept for the days when they mattered most.
880	2:01:46.4	2:01:54.5		The mistress of the farm held the keys to the storerooms, and her careful counting could decide how far the food would stretch.
881	2:01:56.0	2:02:05.3		Animals were fed lightly with the last of the hay, and in some places they were let out to find a little grass on bare patches when the snow thinned.
882	2:02:06.9	2:02:16.2		Fishing and hunting could add something when the weather allowed, and a fresh catch was always welcome at the hearth, shared out in careful portions.
883	2:02:17.8	2:02:24.9		The sagas mention hard years when farms ran short, and neighbours sometimes helped one another.
884	2:02:26.4	2:02:31.0		Meals became simple, but they were still shared at the same hearth.
885	2:02:32.2	2:02:38.2		Even a thin bowl tastes of belonging when everyone at the table is counting the days toward spring.
886	2:02:40.3	2:02:45.5	64-viking-sky-watcher	Farmers read the sky for weather, because nothing else could warn them.
887	2:02:47.0	2:02:53.3		There were no forecasts in the Viking Age, so people learned to watch the world closely.
888	2:02:54.7	2:03:02.7		A farmer or sailor noticed the colour of the dawn, the shape of the clouds and the way the wind changed in the evening.
889	2:03:04.2	2:03:12.5		Smoke rising straight up from a chimney hole, or lying low across the roof, could say something about the air.
890	2:03:14.0	2:03:15.9		Animals were watched too.
891	2:03:16.9	2:03:25.6		Sheep gathering near the wall, or birds flying low over the water, might be taken as signs that a change was coming.
892	2:03:27.1	2:03:36.5		Much of this knowledge was probably passed from parent to child in spoken sayings, and only a small part of it was ever written down later.
893	2:03:38.1	2:03:48.2		Some of these sayings may have been accurate, since they came from generations of experience, and some were probably hopeful guesses.
894	2:03:49.8	2:03:56.0		The moon and stars were also watched, partly for time and partly for the weather.
895	2:03:57.3	2:04:06.0		Sailors in particular needed to know when the sea would be gentle, and farmers needed to know when snow would arrive on the high pastures.
896	2:04:07.5	2:04:15.1		Archaeologists and historians can only guess at the full range of this lore, since so little of it survives.
897	2:04:16.6	2:04:25.1		Still, we can picture a person standing in the cold at first light, reading a sky as carefully as a page.
898	2:04:26.6	2:04:32.7		Patience, and long looking, was a kind of weather instrument in itself.
899	2:04:34.7	2:04:40.1	65-herb-bundles-healer	Winter ailments were treated with herbs, warmth and patient care.
900	2:04:41.6	2:04:48.9		Colds and coughs travelled through crowded winter houses, and families had to deal with them using what they had.
901	2:04:50.4	2:04:58.0		Much of the care probably fell to the women of the household, who knew which herbs had been gathered and dried in summer.
902	2:04:59.4	2:05:12.9		Archaeologists have found seeds and plant remains at Viking Age sites, and they suggest that people used a range of wild and garden plants for food, flavour and perhaps for simple remedies.
903	2:05:14.9	2:05:23.9		The sagas mention women who bound wounds and prepared drinks, though we should be careful, since the stories were written down later.
904	2:05:25.4	2:05:27.5		Warmth was probably the first help.
905	2:05:28.5	2:05:36.3		A person was given a place near the fire, a pile of extra wool, and hot broth or milk.
906	2:05:37.8	2:05:48.3		Honey, where it could be had, was a precious sweetener, and some herbs were chosen for their smell as much as for their taste.
907	2:05:50.0	2:05:59.2		Beliefs about healing were mixed with ideas about luck and charms, and we cannot always separate practical care from tradition.
908	2:06:00.8	2:06:09.3		What the sources suggest is that people looked after one another within the household, and that knowledge was shared quietly between neighbours.
909	2:06:10.9	2:06:19.7		A bundle of dried herbs hanging in the smoke is a small picture of that care, gathered in a green summer and kept for a cold night.
910	2:06:22.0	2:06:27.0	66-midwife-lamplit-room	Children were born in winter too, with other women close at hand.
911	2:06:28.4	2:06:30.7		A birth did not wait for spring.
912	2:06:31.8	2:06:44.8		In a Viking Age farm, a woman who was about to have a child was probably attended by other women of the household or neighbourhood, and perhaps by someone known for her experience.
913	2:06:46.7	2:06:55.9		We have few direct records, so historians read between the lines of sagas, laws and later folk custom.
914	2:06:57.5	2:07:02.0		The main task was to make a warm, quiet space.
915	2:07:03.2	2:07:10.3		The fire was fed, water was heated, and clean cloth and wool were gathered.
916	2:07:11.7	2:07:23.7		Some sources hint, gently, that charms or runes were used to ask for protection, and these may have been a comfort as much as a practice.
917	2:07:25.5	2:07:37.0		The Icelandic laws, written down later, show that communities cared about the welfare of children and mothers, and about who would be responsible for a newborn.
918	2:07:38.8	2:07:44.4		When a baby arrived, the household probably welcomed it with relief.
919	2:07:45.7	2:07:56.7		Later sources describe a naming custom, in which a child might be given a name from an older relative, and so carry a family's memory forward.
920	2:07:58.4	2:08:09.5		Even in the longest dark of the year, the arrival of a new person was a small bright event for the whole household, remembered in the family afterward.
921	2:08:11.2	2:08:20.7		A baby wrapped in wool, held near the hearth, was a plain and ancient promise that the family would continue into the light.
922	2:08:23.1	2:08:26.4	67-grandmother-storyteller	The oldest people in the house were its living libraries.
923	2:08:27.8	2:08:33.1		In a household without books, memory mattered a great deal.
924	2:08:34.4	2:08:42.7		Older family members carried the stories, the family histories, the names of places and the old sayings.
925	2:08:44.3	2:08:53.7		A grandparent might remember where a boundary stone stood, how a feud had been settled, or who had sailed on a particular voyage.
926	2:08:55.3	2:09:02.2		These things were not written down in the Viking Age in the way we know today, so they travelled by voice.
927	2:09:03.7	2:09:16.3		The sagas, which were set down later in Iceland, show how much people valued genealogy, and how a person's place in the world was tied to their ancestors.
928	2:09:18.1	2:09:24.0		In winter, when work moved indoors, there was time for these tales.
929	2:09:25.3	2:09:36.4		Children probably listened as wool was spun and tools were mended, and the same story might be told again and again, slightly changed each time.
930	2:09:38.2	2:09:49.7		Archaeologists cannot recover the voice itself, but they can show us the houses where this happened, with benches along the walls and a long fire in the middle.
931	2:09:51.5	2:09:59.9		Older people also knew many practical things, such as how to read the weather, mend a net or care for an animal.
932	2:10:01.5	2:10:04.0		Their knowledge was part of the household's strength.
933	2:10:05.1	2:10:15.5		A story told by an old voice, near a warm fire, connects the room to people long gone, and to children not yet grown.
934	2:10:17.8	2:10:22.9	68-althing-valley-gathering	Even in winter, people travelled to meet and settle matters by law.
935	2:10:24.3	2:10:36.2		The Icelanders created a general assembly called the Althing, which is usually dated to about AD 930, and it met in summer at Thingvellir.
936	2:10:38.0	2:10:46.2		Alongside it were smaller local assemblies, and the sources suggest that these gatherings could happen at different times of year.
937	2:10:47.7	2:10:53.9		Law was spoken aloud, and the Law Speaker was said to recite parts of it from memory.
938	2:10:55.3	2:11:05.0		Meetings dealt with disputes, agreements, marriages and property, and they gave scattered farms a way to belong to something larger.
939	2:11:06.6	2:11:08.5		Travel in winter was not easy.
940	2:11:09.5	2:11:15.6		Roads were few, rivers were hard to cross, and snow could hide the way.
941	2:11:17.0	2:11:26.9		Frozen ground, though, could sometimes make crossing wet land simpler, and horses were valuable for the journey.
942	2:11:28.6	2:11:37.9		People packed dried food, spare wool and fodder for the horses, and often travelled in company for safety and conversation.
943	2:11:39.5	2:11:45.4		Historians think that trading, news and gossip moved along with the riders.
944	2:11:46.7	2:11:54.4		A gathering was also a social event, with greetings, meals and a chance to see distant relatives.
945	2:11:55.9	2:12:05.8		The idea that a community should settle its arguments by agreed rules was a serious one, and it grew from shared habit as much as from written law.
946	2:12:07.5	2:12:15.1		A line of small figures riding over a white landscape toward a meeting place shows how much people valued each other's company.
947	2:12:17.3	2:12:20.6	69-frozen-river-road	Frozen waters became roads for those who knew them well.
948	2:12:22.0	2:12:26.8		In summer, rivers and fjords were routes for boats.
949	2:12:28.1	2:12:37.5		In winter, in the colder lands of the north, ice could turn the same waters into a firm, flat surface.
950	2:12:39.1	2:12:53.4		Vikings, who came from Scandinavia and settled in many places, knew snow and ice well, and the sources suggest that travelling over frozen ground and water was an accepted part of life.
951	2:12:55.4	2:13:04.8		Sledges pulled by horses or oxen could carry firewood, hay and goods more easily over snow than a cart could over mud.
952	2:13:06.4	2:13:16.8		Archaeologists have found sledges, skis and ice skates made of bone, and these show how practical people were with the materials around them.
953	2:13:18.5	2:13:20.4		Travellers still had to be careful.
954	2:13:21.5	2:13:27.0		Ice could be thin near a current or a shore, and local knowledge mattered.
955	2:13:28.4	2:13:33.2		A person who knew the river would know where it froze evenly and where it did not.
956	2:13:34.5	2:13:43.7		Journeys could be short visits between neighbours or longer trips to a market or meeting, and the pace was always slow and steady.
957	2:13:45.3	2:13:54.1		The sound of runners on snow, the creak of leather harness, and the breath of horses in cold air must have been familiar.
958	2:13:55.7	2:14:01.9		A frozen river is a road that lasts only a season, and then returns to being water.
959	2:14:03.3	2:14:09.9		It reminds us that the landscape itself changed with the months, and people changed with it.
960	2:14:12.0	2:14:15.6	70-first-light-snowmelt	Spring arrived first as a little more light each morning.
961	2:14:16.9	2:14:22.0		Far in the north, the turning of the year was seen in the sky.
962	2:14:23.3	2:14:37.9		After midwinter, the days began to lengthen, slowly at first, and a farmer, walking out to the animals, would notice that the sun rose a little earlier and stayed a little longer.
963	2:14:39.8	2:14:46.5		Icicles dripped at the roof edge, and the snow began to look grey and soft on the south side of the hill.
964	2:14:47.9	2:14:50.7		The old calendar had a place for this change.
965	2:14:51.8	2:15:04.6		The Norse months continued through Þorri and Góa, and then into Einmánuður, the last month of winter, and later Harpa, the first of summer.
966	2:15:06.5	2:15:15.9		Archaeologists and historians cannot always date the old months exactly, but the idea of counting toward spring seems clear.
967	2:15:17.5	2:15:20.7		A calendar stick may have helped a household keep track.
968	2:15:21.8	2:15:31.3		People watched for returning birds, for shoots of green on bare ground, and for the first mild wind that smelled of wet earth.
969	2:15:32.9	2:15:40.6		The animals, too, seemed to change, and the hens might begin to lay again.
970	2:15:42.1	2:15:48.9		The sagas do not describe these signs at length, but later folk custom shows how much they were noticed.
971	2:15:50.4	2:15:57.6		After so many weeks of fire and shadow, a bright morning must have felt like a door quietly opening.
972	2:15:59.0	2:16:04.9		Light, once it begins to return, tends to do so without any hurry.
973	2:16:06.9	2:16:10.8	71-spring-lambs-ploughing	New lambs and turned soil marked the end of the hard season.
974	2:16:12.2	2:16:17.7		When the ground softened, the farm turned its attention outward.
975	2:16:19.1	2:16:28.6		Ewes gave birth to lambs, and the farmers watched over them, bringing weak ones into the warmth of the house or byre.
976	2:16:30.2	2:16:37.2		The new milk was welcome after the thin weeks of late winter, and cheese and butter making could begin again.
977	2:16:38.7	2:16:40.7		Soon the fields had to be prepared.
978	2:16:41.8	2:16:54.7		Archaeologists have found parts of ards, which were simple ploughs that scratched the soil rather than turning it deeply, and they were pulled by oxen or sometimes by horses.
979	2:16:56.5	2:17:09.5		Barley was an important crop, and its green shoots were a welcome sight, and in some places oats and rye were grown as well, though this depended on the climate.
980	2:17:11.4	2:17:18.0		In the far north, farming was more limited, and animals mattered more than grain.
981	2:17:19.4	2:17:23.3		Seeds were saved from the previous harvest and sown by hand.
982	2:17:24.5	2:17:32.0		Fences were mended, dung was spread, and cattle were moved to pasture when the grass was ready.
983	2:17:33.4	2:17:35.5		The work was busy but hopeful.
984	2:17:36.5	2:17:45.8		People who had spent months by the fire now spent long hours in daylight, and the smell of fresh earth replaced the smell of smoke.
985	2:17:47.4	2:17:52.1		There was a rhythm to it all, and each task prepared the next.
986	2:17:53.4	2:18:02.1		A handful of seed, thrown into dark soil, is a small act of faith in a summer not yet seen.
987	2:18:04.3	2:18:11.9	72-ship-launch-spring	When the ice broke, the ships went back into the water, and archaeology has kept their story.
988	2:18:13.6	2:18:20.3		As spring grew warmer, the ships that had been hauled ashore in autumn were checked and made ready.
989	2:18:21.7	2:18:31.9		Seams were examined by hand and by eye, ropes were replaced, and sails that had been mended indoors were carried out again.
990	2:18:33.6	2:18:41.4		With many hands, and perhaps with rollers of wood, a ship could be eased down to the water.
991	2:18:42.9	2:18:50.7		Then the season of voyages began once more, with trade, travel and visits between settlements.
992	2:18:52.2	2:18:55.9		What we know about this world comes largely from archaeology.
993	2:18:57.1	2:19:08.6		At Oseberg in Norway, a ship buried around AD 834 was found with wooden objects, textiles and carvings that show fine craftsmanship.
994	2:19:10.4	2:19:21.0		At Jorvik, now York in England, excavations revealed streets, workshops and everyday items preserved in damp soil.
995	2:19:22.6	2:19:33.4		At L'Anse aux Meadows in Newfoundland, the remains of turf buildings show that Norse people reached North America around the year 1000.
996	2:19:35.1	2:19:45.0		These places do not give us every answer, and they were found by patient work over many years, and scholars still debate many details.
997	2:19:46.6	2:19:54.6		But they show people who built, mended, cooked, travelled and endured long winters.
998	2:19:56.1	2:20:03.8		Their houses and tools tell us that daily life, more than battle, was what filled most of their years.
999	2:20:05.3	2:20:15.2		A ship sliding into bright water after months on shore is a fitting picture of winter ending, and of a past that still reaches us.
1000	2:20:17.6	2:20:20.3		And so our long winter comes to its end.
1001	2:20:21.4	2:20:29.7		The snow has gone from the fields, the fjord is open, and a family steps out into the thin spring sun.
1002	2:20:31.9	2:20:37.1		If you enjoyed this quiet journey, you are welcome to subscribe.
1003	2:20:38.4	2:20:41.5		It helps other sleepy listeners find their way here.
1004	2:20:43.3	2:20:48.9		There should be another quiet story waiting on the screen now, if you are still awake.
1005	2:20:51.0	2:20:54.0		Sleep well, and good night.
