#	start	end	image	text
1	0:00:00.0	0:00:14.9	01-tram-snow-evening	Tonight we are going about sixty-seven years back, to the Ural Mountains of Russia, a land of dark pine forests and long white ridges, where the snow lies deep from October until April.
2	0:00:15.9	0:00:24.7		In the city of Sverdlovsk, a tram rolls slowly down a wide street, its windows glowing yellow in the blue winter dusk.
3	0:00:25.0	0:00:27.1		The rails hum under the wheels.
4	0:00:27.4	0:00:38.0		Frost has grown thick ferns of ice across the glass, and the passengers have rubbed little round holes in it with their gloves, so that they can see where they are.
5	0:00:38.5	0:00:43.8		Outside, the snow falls in large, quiet flakes.
6	0:00:44.1	0:00:53.3		It settles on the shoulders of people in heavy coats and fur hats, who hurry along the pavements with string bags full of bread and cabbage.
7	0:00:53.6	0:01:02.5		It is the middle of January, nineteen fifty-nine, and the thermometer on the corner reads twenty degrees below zero.
8	0:01:03.0	0:01:09.9		The city lies on the eastern slope of the Urals, beside the small, slow river Iset.
9	0:01:10.2	0:01:19.2		Not far to the west, an old stone marker stands in the forest, and it says that here Europe ends and Asia begins.
10	0:01:19.5	0:01:25.3		A traveller can put one foot on each continent and look at nothing but pine trees.
11	0:01:25.8	0:01:28.7		Sverdlovsk is a city of factories.
12	0:01:29.0	0:01:40.6		Its great machine works, which people call Uralmash, build the heavy equipment that other factories use to make steel, to dig mines and to lift rock.
13	0:01:40.9	0:01:53.8		Early in the morning, before the sky is light, whole streets of workers walk toward the gates, their breath rising in clouds, and the long red buildings begin to hum and glow.
14	0:01:53.8	0:01:57.2	02-factory-gate-morning	At seven, a whistle sounds across the rooftops.
15	0:01:57.5	0:02:05.5		Another follows from the other side of town, and then another, until the whole city seems to be singing in different notes.
16	0:02:05.8	0:02:15.9		Chimneys send up their columns of white smoke, and in the cold, windless air the smoke rises straight, like pillars holding up the sky.
17	0:02:16.4	0:02:19.9		For most families, home is a shared apartment.
18	0:02:20.2	0:02:28.1		Three or four households live along one corridor, each in a single room, and they share a kitchen at the end of the hall.
19	0:02:28.4	0:02:33.6		In the evening that kitchen is the warmest, busiest room in the building.
20	0:02:33.9	0:02:35.6		A kettle sits on the stove.
21	0:02:35.9	0:02:38.4		A grandmother stirs a pot of buckwheat.
22	0:02:38.7	0:02:46.1		Somebody has hung wet mittens on a line above the cooker, and they drip steadily onto a newspaper laid out on the floor.
23	0:02:46.6	0:02:52.3		People speak quietly there, in the kind of voice that carries easily through thin walls.
24	0:02:52.6	0:03:02.6		They talk about the price of potatoes, about a nephew who has joined the army, and about the new apartment blocks that are slowly rising on the edge of town.
25	0:03:02.9	0:03:13.9		In those years, thousands of families are waiting to leave the shared corridors for a flat of their own, with a door that closes on a kitchen that belongs to them alone.
26	0:03:13.9	0:03:19.0	03-communal-kitchen-evening	On a cold evening, the dish that Urals families love best is pelmeni.
27	0:03:19.3	0:03:27.6		These are small dumplings of minced meat wrapped in thin dough, and in this part of Russia they are almost a way of life.
28	0:03:27.9	0:03:39.2		A family may spend a whole Sunday afternoon at the kitchen table, rolling out the dough and pinching the edges, with the children helping and getting flour on their noses.
29	0:03:39.5	0:03:48.6		The finished dumplings are laid out on boards and carried to the windowsill or the balcony, where the frost turns them hard as pebbles in an hour.
30	0:03:48.9	0:03:55.8		Then they are stored in a sack, and boiled in salted water whenever a hungry guest arrives.
31	0:03:56.3	0:03:59.1		There is tea, of course.
32	0:03:59.4	0:04:00.8		There is always tea.
33	0:04:01.1	0:04:11.4		It is poured from a dented kettle into thick glasses set in metal holders, and it is drunk very hot, with a lump of sugar held between the teeth.
34	0:04:11.7	0:04:15.9		A slice of black rye bread with a little butter is a good supper.
35	0:04:16.2	0:04:18.9		A boiled egg is a small celebration.
36	0:04:19.4	0:04:27.4		Across the city, in a quarter of tall trees and old brick, stands a great institute of engineering.
37	0:04:27.7	0:04:38.9		It is called the Ural Polytechnic, and it was founded after the revolution, when the new factories of this region needed engineers who understood iron and steam.
38	0:04:39.2	0:04:49.4		Its main building has a wide front with columns and a broad stone staircase, and on winter mornings the steps are sprinkled with sand so that nobody slips.
39	0:04:49.4	0:04:56.0	04-polytechnic-institute-steps	Inside, the corridors smell of floor polish, chalk and wet wool.
40	0:04:56.3	0:05:03.2		Students hang their coats in a crowded cloakroom and climb the stairs to lecture halls where the radiators knock and hiss.
41	0:05:03.5	0:05:12.1		They study radio engineering, building construction, chemistry, metallurgy and the physics of heat.
42	0:05:12.4	0:05:16.0		They fill notebooks with small, careful handwriting.
43	0:05:16.3	0:05:20.3		Many of them are the first in their families ever to go to a university.
44	0:05:20.8	0:05:22.8		The students do not have much money.
45	0:05:23.1	0:05:30.2		A small monthly grant pays for their bread, their tram tickets and a bowl of soup in the canteen.
46	0:05:30.5	0:05:44.0		Many live in dormitories, four or five young men to a room, with iron beds, a table covered with books, a kettle that is not strictly allowed and a window that never quite closes.
47	0:05:44.3	0:05:49.7		At night, someone studies under a lamp while the others pretend to sleep.
48	0:05:50.2	0:05:54.3		Still, the students find ways to enjoy the city.
49	0:05:54.6	0:06:04.4		On Saturday evenings, there are dances at the institute, with a record player on a table and a line of shy young men by the wall.
50	0:06:04.7	0:06:12.5		There is a skating rink, lit by lamps, where couples glide in circles to the sound of waltzes from a loudspeaker.
51	0:06:12.8	0:06:19.7		There is the cinema, where for a few kopecks one can sit in the dark and watch a film about distant seas.
52	0:06:20.0	0:06:33.1		And in the centre of town stands the opera house, a handsome building with white columns, where the cheapest seats, high up under the roof, are always full of students in their best jackets.
53	0:06:33.6	0:06:38.1		But what they lack in money, they make up for in energy.
54	0:06:38.4	0:06:45.4		This is a generation that has grown up in the shadow of a great war, and they are determined to build things.
55	0:06:45.7	0:06:49.4		They want to make bridges and radios and power stations.
56	0:06:49.7	0:06:51.0		They want to travel.
57	0:06:51.3	0:07:01.8		They want to see the vast country around them with their own eyes, and the easiest way to do that, when you have no money, is on foot or on skis.
58	0:07:01.8	0:07:06.7	05-dormitory-room-students	That is why almost every institute in the Soviet Union has a tourist club.
59	0:07:07.0	0:07:10.7		The word means something a little different here than it does elsewhere.
60	0:07:11.0	0:07:17.3		A tourist, in Russia in those years, is not someone in a hotel with a camera.
61	0:07:17.6	0:07:32.0		A tourist is someone with a rucksack, a map, a compass and a pair of strong legs, who spends a holiday walking, skiing or paddling through wild country, sleeping in a tent and cooking on a fire.
62	0:07:32.5	0:07:39.7		The tourist clubs hold meetings in the evenings, in rooms with long tables and a map pinned to the wall.
63	0:07:40.0	0:07:50.1		Experienced hikers share advice about boots, about the best way to dry socks, about which rivers freeze early and which stay open.
64	0:07:50.4	0:07:52.7		Beginners listen with shining eyes.
65	0:07:53.0	0:07:54.6		Everything is organised.
66	0:07:54.9	0:08:03.5		Every trip has a leader, a route, a plan for food, and a date by which the group must report back.
67	0:08:04.0	0:08:09.3		Hiking is graded in categories, from the first up to the third.
68	0:08:09.6	0:08:16.4		A first-category hike is a gentle introduction: a few days on a marked trail, close to a village.
69	0:08:16.7	0:08:26.7		A third-category hike is the hardest that students can earn, a long journey through remote country, in difficult weather, far from any road.
70	0:08:27.0	0:08:35.7		To lead a hike of that kind, a young man must already have completed others, and must have shown that he can look after his friends.
71	0:08:35.7	0:08:38.5	06-tourist-club-meeting-map	Winter hiking has its own particular beauty.
72	0:08:38.8	0:08:44.4		On skis, the hikers glide across frozen rivers and silent clearings.
73	0:08:44.7	0:08:48.8		They cross wide valleys where the snow lies as smooth as a sheet.
74	0:08:49.1	0:09:03.4		At night they pitch a canvas tent in the shelter of the trees, light a small iron stove, and warm their hands around mugs of tea, while the cold presses on the walls outside and the stars glitter over the forest.
75	0:09:03.9	0:09:06.1		They carry everything on their backs.
76	0:09:06.4	0:09:26.9		A rucksack for a long winter trip holds a sleeping bag, spare socks, felt boots, a change of warm clothes, a pot, an axe, a saw, a first-aid kit, rope, a lantern, a few tools for mending skis, and food for two weeks.
77	0:09:27.2	0:09:28.8		Most of the weight is food.
78	0:09:29.1	0:09:33.9		Nobody buys anything on the way, because there is nothing to buy.
79	0:09:34.4	0:09:38.1		The food is simple, and chosen with care.
80	0:09:38.4	0:09:45.7		There are dry biscuits and crusts of bread, dried into rusks so that they will never go mouldy.
81	0:09:46.0	0:09:57.8		There are tins of meat and stew, lard, butter, sugar, tea, cereal for porridge, a little dried fruit, and sweets for the evenings.
82	0:09:58.1	0:10:04.9		Everything is weighed out and divided among the rucksacks, so that each person carries a fair share.
83	0:10:05.4	0:10:07.6		The tourists sing as they walk.
84	0:10:07.9	0:10:21.6		In the evenings they sing around the stove, in the tent or by an open fire, songs about rivers and railways and distant towns, about girls left behind, and about the mountains that wait ahead.
85	0:10:21.9	0:10:31.4		There is always someone with a guitar, or someone with a good voice, and always a few who sing a little out of tune and do not mind at all.
86	0:10:31.4	0:10:37.6	07-ural-map-on-wall	Those who have not seen the Urals often imagine them as towering peaks, like the Alps.
87	0:10:37.9	0:10:38.7		They are not.
88	0:10:39.0	0:10:52.5		The Urals are old, among the oldest mountains on earth, and time has worn them down into long, rounded ridges that run north and south like the backbone of an enormous sleeping animal.
89	0:10:52.8	0:10:59.8		They stretch for more than two thousand kilometres, from the Arctic Ocean almost to the steppes of Kazakhstan.
90	0:11:00.3	0:11:07.2		In the south, they are gentle and green, with meadows and orchards on the lower slopes.
91	0:11:07.5	0:11:13.6		But in the far north, beyond the last villages, the mountains grow bare and wild.
92	0:11:13.9	0:11:27.7		Here the forest thins out into twisted birches and scrubby pines, and above the trees the ridges are bald and stony, covered with moss and lichen in summer and swept bare by wind in winter.
93	0:11:28.2	0:11:31.9		The wind is something the people who live here talk about a great deal.
94	0:11:32.2	0:11:45.4		On the open ridges, above the tree line, it can blow for days from the north, steady and bitter, hissing over the snow and carrying fine powder with it so that the whole mountain seems to smoke.
95	0:11:45.7	0:11:57.5		In the forest below, a person might stand in perfect calm and see the clouds of snow streaming over the summit, high above, like a flag.
96	0:11:57.5	0:12:01.1	08-northern-taiga-winter	The northern Urals are among the emptiest places in Europe.
97	0:12:01.4	0:12:13.7		In an area as large as a small country, there are a few logging camps, a few old mining towns, a few scattered villages along the rivers, and a great deal of forest.
98	0:12:14.0	0:12:22.9		Pine and spruce and cedar stand shoulder to shoulder, mile after mile, with deep snow lying between the trunks.
99	0:12:23.2	0:12:24.8		Elk move through the trees.
100	0:12:25.1	0:12:29.3		Sables and squirrels leave small prints along the frozen streams.
101	0:12:29.8	0:12:36.0		Here, for many centuries, the land has belonged to a people called the Mansi.
102	0:12:36.3	0:12:48.5		They are hunters, fishermen and reindeer herders, who followed the animals through the forest in winter and fished the rivers in summer long before any road was built.
103	0:12:48.8	0:12:57.3		They speak a language of their own, and they know the mountains by names that have been handed down from grandparent to grandchild.
104	0:12:57.3	0:13:05.7	09-mansi-hunter-forest	A Mansi hunter in winter wears a coat of reindeer skin with the fur turned inward, and boots of soft hide.
105	0:13:06.0	0:13:13.5		He travels on short, broad skis lined with fur, which let him slide uphill without slipping back.
106	0:13:13.8	0:13:22.6		He walks the same paths his father walked, cutting a notch in a tree at certain places, so that those who follow will know the way.
107	0:13:22.9	0:13:30.4		These blazed trails run through the forest like threads, and a traveller who finds one can follow it for days.
108	0:13:30.9	0:13:34.0		The Mansi have a great respect for certain places.
109	0:13:34.3	0:13:41.7		A hill may be a place where a spirit lives, or a mountain may be a place where it is better not to hunt.
110	0:13:42.0	0:13:50.9		Some of these places are marked by old stories, and strangers who walk through the country are sometimes told which slopes the people leave alone.
111	0:13:51.2	0:13:53.4		It is not that the mountains are cruel.
112	0:13:53.7	0:13:57.7		It is that they are old, and that they are treated with care.
113	0:13:58.2	0:14:06.9		One of these mountains lies far up in the north of the Sverdlovsk region, on a long ridge not far from the border of the neighbouring province.
114	0:14:07.2	0:14:11.4		Its name in the Mansi language is Kholat Syakhl.
115	0:14:11.7	0:14:30.6		The words are often translated as Dead Mountain, though some say they mean something more like the mountain of the dead, or simply the barren mountain, because few animals live on its bare, windy slopes and the hunters rarely find game there.
116	0:14:30.6	0:14:37.2	10-mansi-fireside-stories	Not far away stands another mountain, a little taller, with the name Otorten.
117	0:14:37.5	0:14:42.3		It is sometimes said that this name means something like "do not go there".
118	0:14:42.6	0:14:54.4		Later, people will argue about whether that is really so, and the Mansi who know their own language will say that the meaning is more modest and more difficult to translate.
119	0:14:54.7	0:15:03.7		In any case, Otorten is a quiet, remote, rounded summit, and most people who live in the cities have never heard of it.
120	0:15:04.2	0:15:06.4		The Mansi tell stories at night.
121	0:15:06.7	0:15:11.9		In their winter camps, the family gathers around a fire in a hut or a tent.
122	0:15:12.2	0:15:25.8		Someone cuts strips of dried fish, and the children listen as the old people tell of ancient heroes, of the birth of the world, of the animals who talk, and of the sky people who live in the stars.
123	0:15:26.1	0:15:34.7		The stories are long, and they go on late, and the fire is fed with dry birch until the very last moment before sleep.
124	0:15:34.7	0:15:44.3	11-ski-workshop-evening	In the city of Sverdlovsk, in the winter of nineteen fifty-nine, the tourist club of the Polytechnic is busy with its own preparations.
125	0:15:44.6	0:15:52.4		In a workshop near the dormitories, in the evenings, there is the smell of wax and wood shavings.
126	0:15:52.7	0:15:57.4		Skis are being waxed, bindings tightened, straps mended.
127	0:15:57.7	0:16:01.8		Tents are being checked for tears and sewn again with strong thread.
128	0:16:02.1	0:16:09.8		A map of the northern Urals lies unrolled on a table, held down at the corners with mugs.
129	0:16:10.3	0:16:12.0		The map is a rough one.
130	0:16:12.3	0:16:19.2		There are rivers, blue and thin, and contour lines that wander like the marks of a pencil.
131	0:16:19.5	0:16:24.8		In the north, there are many white patches where almost nothing is marked at all.
132	0:16:25.1	0:16:41.2		The students trace the lines with a finger, and say the strange names aloud, Lozva, Auspiya, Ivdel, Vizhay, Otorten, and try to imagine what the real country looks like beneath the ink.
133	0:16:41.7	0:16:43.1		Someone has an idea.
134	0:16:43.4	0:16:52.4		A group of friends will go there, in the middle of winter, in the coldest, darkest, most silent part of the year.
135	0:16:52.7	0:16:56.4		They will go on skis, carrying everything they need.
136	0:16:56.7	0:17:08.8		They will cross the forest and climb the mountains, and they will spend their nights in a tent, and they will come home with photographs and songs and stories that they can tell for the rest of their lives.
137	0:17:08.8	0:17:12.9	12-student-planning-route	It is a bold plan, but not a reckless one.
138	0:17:13.2	0:17:22.1		Young people have made such journeys before, and many of them have come home with nothing worse than frozen fingers and a fine pride.
139	0:17:22.4	0:17:30.3		The planners go over each day in detail, how far they will travel, where they will stop, how much food they will carry.
140	0:17:30.6	0:17:40.1		They write it all out in a neat plan and take it to the sports committee, whose members will read it and either sign or send it back with questions.
141	0:17:40.6	0:17:45.4		The person who has drawn up the plan is a young man called Igor Dyatlov.
142	0:17:45.7	0:17:55.2		He is a fifth-year student of radio engineering, tall and calm, with a quick mind and a straight, serious way of looking at things.
143	0:17:55.5	0:18:07.3		He has been hiking since his first year at the institute, and has already taken part in several long trips through the mountains, including one in the Sayan Mountains of Siberia.
144	0:18:07.6	0:18:13.7		Other students say that if you have to go somewhere difficult, Igor is the person you would like to go with.
145	0:18:14.2	0:18:15.5		He is twenty-three.
146	0:18:15.8	0:18:21.5		He has a slide rule in his pocket, a notebook full of numbers, and a plan.
147	0:18:21.5	0:18:24.1	13-dyatlov-at-desk-lamp	Igor Dyatlov works late on the plan.
148	0:18:24.4	0:18:40.0		In the evenings, after lectures, he sits at a table in the dormitory under a green lamp, with a ruler, a pencil and a sheet of squared paper, and he draws the route in thin, careful lines.
149	0:18:40.3	0:18:42.9		He measures the distances with a piece of thread.
150	0:18:43.2	0:18:47.3		He counts days, kilometres, and loaves of bread.
151	0:18:47.6	0:18:49.4		Then he counts them all again.
152	0:18:49.9	0:18:53.5		The idea is a long loop through the northern Urals.
153	0:18:53.8	0:19:09.4		The group will take a train north to the old town of Ivdel, then travel by truck to the last logging settlements, and from there set out on skis, up the valley of the river Lozva and then along its tributary, the Auspiya.
154	0:19:09.7	0:19:21.4		After that they will climb to a high ridge, make their way to the summit of Otorten, and cross over to another valley to return south, to the village of Vizhay.
155	0:19:21.7	0:19:28.2		In all, it will be about three hundred kilometres, in some sixteen days.
156	0:19:28.7	0:19:30.4		He gives the trip a purpose.
157	0:19:30.7	0:19:42.1		Like many student expeditions of the time, it is dedicated to a great political occasion, the twenty-first congress of the Communist Party, which opens at the end of January.
158	0:19:42.4	0:19:45.6		It is the sort of thing a sports committee likes to read.
159	0:19:45.9	0:19:54.3		But for the young people, the purpose is simply the thing itself, the long white journey into the unknown.
160	0:19:54.8	0:19:58.5		At the end of the plan, Dyatlov writes a date.
161	0:19:58.8	0:20:05.6		By the twelfth of February, the group should arrive at Vizhay and send a telegram to the sports club in the city.
162	0:20:05.9	0:20:09.6		Then he adds a note, being a careful man.
163	0:20:09.9	0:20:16.1		If they are delayed, the telegram may come a few days later, perhaps by the fifteenth.
164	0:20:16.4	0:20:18.6		Mountains do not keep to schedules.
165	0:20:18.6	0:20:20.6	14-ten-students-group	Now the group must be chosen.
166	0:20:20.9	0:20:31.4		A winter trip of this kind needs people who are strong, patient and good-humoured, since for two weeks they will share every meal and every night in a small tent.
167	0:20:31.7	0:20:35.1		In the end, ten friends sign up.
168	0:20:35.4	0:20:42.0		Most are students or recent graduates of the Polytechnic, and several have known each other for years.
169	0:20:42.5	0:20:56.4		There is Zinaida Kolmogorova, whom everyone calls Zina, a clever, cheerful young woman who studies radio engineering like Igor, and who has already walked hundreds of kilometres in the mountains.
170	0:20:56.7	0:21:00.8		She writes a diary during every trip, in a neat hand.
171	0:21:01.1	0:21:14.9		Lyudmila Dubinina is the youngest of the group, only twenty, a student of construction, full of energy, who loves to laugh, to sing, and to jump into any adventure with both feet.
172	0:21:15.2	0:21:19.5		She, too, is a keen writer of diaries.
173	0:21:20.0	0:21:35.3		Alexander Kolevatov, twenty-four, is a physics student, a quiet and thoughtful young man, a little bookish, who likes to take photographs and who has spent several summers on trips in the mountains.
174	0:21:35.6	0:21:43.7		Rustem Slobodin is twenty-three, a sturdy engineer with a ready grin and a reputation for never being tired.
175	0:21:44.0	0:22:00.4		Nikolai Thibeaux-Brignolles, whom his friends call Kolya, is a construction student with a French-sounding family name that goes back to an ancestor who once travelled to Russia, and with a warm voice that people like to hear at the end of a long day.
176	0:22:00.4	0:22:06.2	15-three-yuris-laughing	Then there are the three Yuris, which causes a certain amount of friendly confusion.
177	0:22:06.5	0:22:15.0		Yuri Doroshenko is twenty-one, a lively, dark-haired young man who has a talent for making the others laugh.
178	0:22:15.3	0:22:26.9		Yuri Krivonischenko is twenty-three, a graduate who has worked at a plant in the region, a sensible, experienced hiker who knows how to fix almost anything.
179	0:22:27.2	0:22:36.0		And Yuri Yudin, twenty-one, an economics student, who is known for his good manners and his steady cheerfulness.
180	0:22:36.3	0:22:42.9		When someone shouts "Yura!" in the dormitory corridor, three young men look up at once.
181	0:22:43.4	0:22:46.1		The tenth member is a little older than the rest.
182	0:22:46.4	0:22:55.9		Alexander Zolotaryov is thirty-seven, a veteran of the war, and he has worked for many years as a guide and instructor on mountain trips.
183	0:22:56.2	0:23:02.8		He has a lean, weathered face and a quiet manner, and the students look up to him a little.
184	0:23:03.1	0:23:13.3		He is joining the trip because he wants to earn a higher qualification in mountain tourism, and because he enjoys the company of young people who are keen to learn.
185	0:23:13.8	0:23:15.7		All of them are strong skiers.
186	0:23:16.0	0:23:18.9		All of them have slept in tents in the winter before.
187	0:23:19.2	0:23:25.5		They are not reckless adventurers, but a well-prepared group of friends who trust one another.
188	0:23:25.5	0:23:31.2	16-sewing-tent-dormitory	In the days before the trip, the dormitory room turns into a small workshop.
189	0:23:31.5	0:23:39.4		The group has a large tent, big enough for ten, which has been made by sewing together two smaller canvas tents.
190	0:23:39.7	0:23:46.4		It has a ridge pole, a pair of side flaps, and a sloping roof that sheds the snow.
191	0:23:46.7	0:23:51.9		Along the inside of the ridge, the hikers can hang a line to dry their socks.
192	0:23:52.4	0:23:59.6		On the longest nights of the trip they will use a small iron stove, light enough to carry in a rucksack.
193	0:23:59.9	0:24:06.6		It is no bigger than a bread bin, with a pipe that lets the smoke escape through a hole in the tent wall.
194	0:24:06.9	0:24:12.6		When it burns, the tent grows warm, and wet boots steam beside it.
195	0:24:12.9	0:24:16.6		Without it, a winter night can be long and hard.
196	0:24:17.1	0:24:18.9		The friends check their skis.
197	0:24:19.2	0:24:21.6		They tighten the straps on their rucksacks.
198	0:24:21.9	0:24:34.0		Each one packs a sleeping bag, a spare jumper, thick woollen socks, felt boots for evenings in camp, a fur hat, and a windproof jacket.
199	0:24:34.3	0:24:45.5		In a separate bag they pack the food, the repair kit, the maps and compasses, a couple of cameras, and some notebooks and pencils for the diaries.
200	0:24:45.5	0:24:49.3	17-packing-rucksacks-food	The food is laid out on a long table and sorted into piles.
201	0:24:49.6	0:24:51.5		Dry biscuits and rusks.
202	0:24:51.8	0:24:52.9		Tins of meat.
203	0:24:53.2	0:24:56.7		Slabs of lard, which gives strength in the cold.
204	0:24:57.0	0:24:59.0		Sugar, in white lumps.
205	0:24:59.3	0:25:02.3		Tea, in a small paper packet.
206	0:25:02.6	0:25:08.3		Cereals, such as oats and buckwheat, for porridge.
207	0:25:08.6	0:25:09.6		Dried soup.
208	0:25:09.9	0:25:12.2		A bar of chocolate for emergencies.
209	0:25:12.5	0:25:22.4		Each pile is divided into ten, so that nobody carries more than another, and each portion is tied in a cloth bag and marked with a pencil.
210	0:25:22.9	0:25:24.3		It all weighs a good deal.
211	0:25:24.6	0:25:34.4		A fully packed rucksack can weigh thirty kilograms or more, and the hikers lift each other's bags onto their shoulders with a grunt and a laugh.
212	0:25:34.7	0:25:44.3		Once the load is on, a strap is pulled across the chest, and the whole thing settles into a weight that feels almost like a part of the body.
213	0:25:44.8	0:25:48.9		The two women of the group take special care over the small comforts.
214	0:25:49.2	0:25:53.4		Zina sews a few extra patches onto the lining of the tent.
215	0:25:53.7	0:25:59.6		Lyudmila packs a little bag of boiled sweets, to be handed out on the hardest days.
216	0:25:59.9	0:26:06.3		Someone slips a pack of playing cards into a pocket, and someone else a small notebook of poems.
217	0:26:06.6	0:26:13.2		These are the things that make a long journey feel like a holiday, and they weigh almost nothing.
218	0:26:13.7	0:26:20.2		On the evening before the departure, the friends gather in the dormitory for one last meeting.
219	0:26:20.5	0:26:27.1		Dyatlov stands by the map and goes through the route again, from the first day to the last.
220	0:26:27.4	0:26:34.5		He reminds them to look after their feet, to drink enough tea, to speak up if something hurts.
221	0:26:34.8	0:26:39.8		He is a leader who listens, and nobody is afraid to ask him a question.
222	0:26:39.8	0:26:45.1	18-railway-station-night-sverdlovsk	On the twenty-third of January, they walk to the railway station.
223	0:26:45.4	0:26:57.2		The old station building stands at the centre of the city, with a big clock above the entrance and a waiting hall full of travellers, sacks, bundles and sleepy children.
224	0:26:57.5	0:27:09.9		The ten friends arrive in a cheerful group, carrying skis on their shoulders, rucksacks on their backs, and a lot of luggage in their pockets, and they attract a few friendly glances.
225	0:27:10.4	0:27:16.9		A photographer, or perhaps a friend with a camera, takes their picture on the platform.
226	0:27:17.2	0:27:28.0		They stand close together, in fur hats and padded jackets, some smiling, some squinting, their breath rising in the cold air.
227	0:27:28.3	0:27:31.8		A few of them hold their skis upright like staffs.
228	0:27:32.1	0:27:37.2		They look like what they are, a group of young people setting off on the best trip of their lives.
229	0:27:37.7	0:27:39.6		Steam hisses from the engine.
230	0:27:39.9	0:27:45.1		A conductor in a thick coat walks along the platform and calls the passengers aboard.
231	0:27:45.4	0:27:56.4		The friends climb up with their gear, pack the skis in the corridor, and find their seats in a wooden carriage that smells of coal smoke, tea and old varnish.
232	0:27:56.7	0:28:03.6		The train gives a long, low whistle, and the platform begins to slide past the window.
233	0:28:03.6	0:28:05.7	19-train-carriage-night-singing	The journey north is slow.
234	0:28:06.0	0:28:16.0		The train travels through the night, through forests, over frozen rivers, and past small stations where a single lamp burns on a pole.
235	0:28:16.3	0:28:21.3		In the carriage, the friends sit shoulder to shoulder on the wooden benches.
236	0:28:21.6	0:28:23.8		Someone opens a tin of sprats.
237	0:28:24.1	0:28:26.5		Someone passes round a bag of bread.
238	0:28:26.8	0:28:30.7		A conversation begins in the corridor and slowly drifts into song.
239	0:28:31.2	0:28:33.6		It is a long evening of singing.
240	0:28:33.9	0:28:42.0		They sing the old songs of the tourists, which everyone knows, and the new songs that are just becoming popular.
241	0:28:42.3	0:28:45.3		Zina has a clear, light voice.
242	0:28:45.6	0:28:47.0		Kolya has a deep one.
243	0:28:47.3	0:28:54.9		The others join in, in all kinds of keys, and when they forget the words they laugh and start another.
244	0:28:55.2	0:29:01.6		The other passengers listen, smile, and sometimes join in themselves.
245	0:29:02.1	0:29:10.8		Outside the window the dark forest glides by, with a pale line of snow between the trees and the occasional sparkle of a village light.
246	0:29:11.1	0:29:12.7		The train rocks gently.
247	0:29:13.0	0:29:15.9		After midnight, the singing fades.
248	0:29:16.2	0:29:23.4		One by one, the friends fall asleep against their rucksacks, with their hats pulled over their eyes.
249	0:29:23.4	0:29:38.7	20-serov-station-morning	In the grey light of the early morning, the train stops at Serov, an industrial town in the northern part of the region, with tall chimneys, long rows of low houses and a great deal of snow.
250	0:29:39.0	0:29:45.7		The hikers climb down, stamp their feet on the platform, and drink hot tea from the station buffet.
251	0:29:46.0	0:29:49.1		Their first day of the journey is already behind them.
252	0:29:49.6	0:29:55.6		They have to wait a few hours for the connecting train to Ivdel, and they use the time well.
253	0:29:55.9	0:30:04.7		Together they visit the town, look at the shop windows, and buy a few small things, a bag of sweets, some extra bread.
254	0:30:05.0	0:30:07.6		Some of them find a place to write postcards.
255	0:30:07.9	0:30:15.3		Others simply stand outside in the sun, enjoying the cold and the open sky after the stuffy carriage.
256	0:30:15.8	0:30:20.5		At the station, they meet a few local people who ask where they are going.
257	0:30:20.8	0:30:28.9		A young woman at a kiosk looks at the skis, then at the rucksacks, and asks if they are not afraid of the cold.
258	0:30:29.2	0:30:32.4		They laugh and tell her that the cold is the whole point.
259	0:30:32.4	0:30:45.0	21-ivdel-school-hall-evening	By the next day, they have reached Ivdel, a small town on the edge of the great forest, with wooden houses, blue-painted window frames and smoke curling from every chimney.
260	0:30:45.3	0:30:49.1		It is the last place of any size before the wilderness.
261	0:30:49.4	0:30:57.2		Beyond it, there is only a thin road, a few logging villages, and the endless taiga.
262	0:30:57.7	0:31:04.2		A local school offers the hikers a place to sleep, as is often done for visiting groups.
263	0:31:04.5	0:31:09.8		They are given a classroom with a stove and a floor wide enough for ten sleeping bags.
264	0:31:10.1	0:31:26.4		In the evening, the friends are invited to talk to the pupils and the teachers, and they tell stories of earlier trips, show their maps, and answer the many questions of the children, who gaze at the skis and the ice axes with open mouths.
265	0:31:26.9	0:31:33.0		The next morning, after a good breakfast, they gather their things and head out to the road.
266	0:31:33.3	0:31:44.6		A truck is waiting for them, an old lorry with an open back and a canvas cover, and the driver, a cheerful man in a quilted jacket, helps them load the skis.
267	0:31:44.9	0:31:49.7		They climb in and sit on their rucksacks, close together to keep warm.
268	0:31:50.0	0:31:55.0		The engine coughs, and the lorry begins to bump up the road to the north.
269	0:31:55.0	0:31:58.0	22-lorry-forest-road-winter	The road runs through the forest like a white ribbon.
270	0:31:58.3	0:32:06.4		The lorry grinds along it slowly, sometimes slipping, sometimes stopping while the driver gets out to clear a drift.
271	0:32:06.7	0:32:10.6		In the back, the friends wrap blankets round their knees.
272	0:32:10.9	0:32:17.4		Outside, the pines slide by, huge and dark, laden with snow.
273	0:32:17.7	0:32:25.0		The sun is low and gold, and the long shadows of the trees fall across the road like the bars of a ladder.
274	0:32:25.5	0:32:28.9		In the late afternoon they arrive at the village of Vizhay.
275	0:32:29.2	0:32:41.8		It is a modest settlement of timber houses and wooden sidewalks, with a small hostel, a shop and a clinic, mostly inhabited by families of foresters and woodcutters.
276	0:32:42.1	0:32:43.1		Dogs bark.
277	0:32:43.4	0:32:44.6		Smoke rises.
278	0:32:44.9	0:32:47.9		A boy on a sledge stares at the visitors.
279	0:32:48.4	0:32:57.4		They spend the night at a small hostel, and in the evening, they dry their socks by the hostel stove and sort their gear one more time.
280	0:32:57.7	0:33:10.9		Beyond Vizhay, a smaller road continues north to a logging settlement, a place so remote that it is known simply by a number, the forty-first district.
281	0:33:11.2	0:33:19.4		It is the last place on their route where people live all year round, and it is where their ski trip will really begin.
282	0:33:19.4	0:33:33.5	23-forty-first-district-logging-camp	The forty-first district turns out to be a logging camp strung along a muddy track, a few low wooden barracks, a canteen, a sawmill and a stack of freshly cut timber higher than a house.
283	0:33:33.8	0:33:40.8		Smoke rises from a dozen stove pipes, and the air smells of resin and wet sawdust.
284	0:33:41.1	0:33:51.3		A truck from Vizhay brings the hikers there on the morning of the twenty-seventh of January, while the workers are already heading into the forest with frost in their eyebrows.
285	0:33:51.8	0:34:01.8		In the canteen, a woodcutter's wife brings in a pot of hot soup, and for the last time on the journey, there is a proper roof overhead.
286	0:34:02.1	0:34:09.4		In the corner, someone has left a battered guitar, and one of the students picks it up and strums a few chords.
287	0:34:09.7	0:34:17.7		The loggers listen from the benches, and one of them asks if the young people really plan to walk up into the mountains in this weather.
288	0:34:18.2	0:34:24.5		Soon the hikers load their skis and rucksacks onto another lorry and ride north as far as the road allows.
289	0:34:24.8	0:34:31.7		At last it stops, the engine falls silent, and the friends climb down onto the snow.
290	0:34:32.0	0:34:34.8		The driver wishes them luck and turns around.
291	0:34:35.1	0:34:42.1		Behind him, the sound of the engine slowly dies away, and the real quiet begins.
292	0:34:42.1	0:34:43.7	24-skiing-out-of-settlement	They put on their skis.
293	0:34:44.0	0:34:50.4		They tighten their straps, adjust their hats, and look at one another with the same grin.
294	0:34:50.7	0:34:59.2		Dyatlov nods, and the line of ten figures begins to move, one behind the other, up the valley of the river.
295	0:34:59.5	0:35:03.7		The leader goes first, and the others follow in his tracks.
296	0:35:04.0	0:35:09.0		The whole group is soon strung out along the white ground like a line of dark beads.
297	0:35:09.5	0:35:13.6		Skiing with a heavy rucksack is not the same as skiing for pleasure.
298	0:35:13.9	0:35:16.1		The rhythm is slow and steady.
299	0:35:16.4	0:35:20.1		Push, glide, push, glide.
300	0:35:20.4	0:35:21.8		The packs creak.
301	0:35:22.1	0:35:24.2		The poles tap on the crust.
302	0:35:24.5	0:35:35.3		The skier in front breaks the trail through new snow, which is the hardest work, and every half hour or so he steps aside and lets the next in line take over.
303	0:35:35.6	0:35:40.2		In this way the burden is shared, and nobody grows too tired.
304	0:35:40.7	0:35:47.9		By the afternoon, they reach a small settlement of old wooden huts that the hikers call the Second Northern.
305	0:35:48.2	0:36:00.4		It was once a mining village, and its houses stand now half empty, with snow piled up to the windowsills and a few thin threads of smoke rising from the one or two that are still lived in.
306	0:36:00.7	0:36:08.0		The hikers pass slowly between the huts, and a dog watches them from a doorway with its head on its paws.
307	0:36:08.0	0:36:10.8	25-yudin-farewell-at-hut	It is here that the first difficulty comes.
308	0:36:11.1	0:36:17.5		Yuri Yudin, the economics student, has been feeling unwell since the start of the trip.
309	0:36:17.8	0:36:25.6		A sharp pain has settled in his knee and the lower part of his back, an old problem that has been waking up in the cold.
310	0:36:25.9	0:36:27.6		At first he tried to ignore it.
311	0:36:27.9	0:36:36.2		But as the day goes on, the pain grows worse, and each step with a heavy pack becomes harder than the last.
312	0:36:36.7	0:36:38.9		That evening he speaks to Dyatlov.
313	0:36:39.2	0:36:41.3		It is not an easy thing to say.
314	0:36:41.6	0:36:47.7		He has looked forward to this trip for months, and he does not want to let down his friends.
315	0:36:48.0	0:36:52.7		But the route ahead is long, and the cold will only grow deeper.
316	0:36:53.0	0:36:59.3		If he continues, he may slow the whole group, and even put them in difficulty.
317	0:36:59.6	0:37:05.9		Dyatlov listens, thinks, and agrees that it is better for him to turn back.
318	0:37:06.4	0:37:15.9		The next morning, the twenty-eighth of January, the group stands outside the hut for a while in the pale light, and says goodbye.
319	0:37:16.2	0:37:18.6		There are handshakes and embraces.
320	0:37:18.9	0:37:22.0		Someone gives Yudin a few things to carry back.
321	0:37:22.3	0:37:28.8		Someone makes a joke, and everybody laughs, a little more loudly than the joke deserves.
322	0:37:29.1	0:37:37.8		Yudin asks them to take good care of one another, and Igor promises that he will send a telegram from Vizhay in two weeks.
323	0:37:37.8	0:37:42.2	26-yudin-walking-back-alone	Then the group sets off up the valley, and Yudin turns south.
324	0:37:42.5	0:37:54.7		For a time, he stands in the snow and watches the nine figures grow smaller, their skis flashing in the sun and the sound of their voices carried back to him on the thin air.
325	0:37:55.0	0:37:59.4		At the edge of the forest, one of them turns and waves a pole.
326	0:37:59.7	0:38:03.8		Then the trees close behind them, and he is alone.
327	0:38:04.3	0:38:07.0		He will remember that moment for the rest of his life.
328	0:38:07.3	0:38:15.1		He will say that he took one more look at them, and that nothing in their faces or their voices suggested anything but happiness.
329	0:38:15.4	0:38:21.3		They were strong, they were well equipped, and they were off to do something they loved.
330	0:38:21.6	0:38:27.5		He turned, adjusted his pack, and began the long walk back to the settlement.
331	0:38:27.5	0:38:32.3	27-lozva-river-valley-skiers	For the nine who continue, the days that follow have a steady rhythm.
332	0:38:32.6	0:38:44.5		They wake early, melt snow for tea, eat a breakfast of porridge or biscuits, pack the tent, and set off along the valley of the Lozva.
333	0:38:44.8	0:38:57.4		The river lies buried under ice and snow, a broad, flat road through the forest, and the skiers glide along it in a line with the dark banks rising on either side.
334	0:38:57.9	0:39:00.8		The valley is beautiful in the pale winter light.
335	0:39:01.1	0:39:10.0		The snow is untouched, rippled by the wind into long waves, and the shadows of the trees fall across it in blue stripes.
336	0:39:10.3	0:39:20.4		Here and there, small birds flutter from branch to branch, and the tracks of a hare or a fox run across the white surface and vanish into the trees.
337	0:39:20.7	0:39:23.2		The skiers talk little while they travel.
338	0:39:23.5	0:39:27.9		They save their breath, and the silence is large and clean.
339	0:39:28.4	0:39:30.9		At midday the group stops for lunch.
340	0:39:31.2	0:39:33.2		They do not light a fire for this.
341	0:39:33.5	0:39:41.2		The leader looks at his watch, raises a hand, and the line of skiers comes to a halt among the trees.
342	0:39:41.5	0:39:49.3		Rucksacks are lowered onto the snow, and everyone sits on them, close together, to keep out of the cold.
343	0:39:49.6	0:39:53.6		A flask of hot sweet tea is passed from hand to hand.
344	0:39:53.9	0:40:08.1		There are biscuits, a slice of dry sausage, and thin slices of lard on black bread, which taste better than any restaurant dinner, because everyone is hungry and everything is shared.
345	0:40:08.4	0:40:16.7		After twenty minutes, the packs go back on, the skis slide forward, and the long afternoon begins.
346	0:40:17.2	0:40:24.7		In the afternoon, as the sun slips behind the ridge and the cold deepens, the group looks for a place to camp.
347	0:40:25.0	0:40:32.1		They need a flat spot, with dry standing trees nearby for firewood and shelter from the wind.
348	0:40:32.4	0:40:36.0		When they find one, the work begins at once.
349	0:40:36.3	0:40:41.8		Some of the friends clear the snow with their skis, stamping out a flat floor.
350	0:40:42.1	0:40:45.6		Others fetch firewood, and others unpack the tent.
351	0:40:45.6	0:40:50.0	28-evening-camp-stove-glow	There are jobs for everyone, and the jobs rotate each day.
352	0:40:50.3	0:40:54.8		One person is on duty to cook, and one to gather wood.
353	0:40:55.1	0:40:58.6		One keeps the stove alight through the evening and the night.
354	0:40:58.9	0:41:02.5		Another makes sure the boots are placed where they will not freeze.
355	0:41:02.8	0:41:13.5		The tent is stretched over its ridge pole, the sides are weighted with snow, and the little stove is set up inside with its pipe poking out through a hole in the canvas.
356	0:41:14.0	0:41:18.5		Within half an hour, the tent glows from within like a lantern.
357	0:41:18.8	0:41:21.8		Inside, the air grows warm.
358	0:41:22.1	0:41:25.1		Wet socks are hung from the line above the stove.
359	0:41:25.4	0:41:27.7		A pot of soup begins to bubble.
360	0:41:28.0	0:41:36.3		Everyone sits cross-legged on spread-out sleeping bags, hands cupped around hot mugs, faces pink from the heat.
361	0:41:36.6	0:41:45.5		Outside the canvas, the temperature may be twenty degrees below zero, and inside it is cosy enough to take off a jacket.
362	0:41:46.0	0:41:49.8		After supper they talk, tell stories and sing.
363	0:41:50.1	0:41:55.7		Sometimes Kolya starts a tune in his warm voice, and the others hum along.
364	0:41:56.0	0:42:09.3		Zolotaryov, the oldest, tells stories of other mountains, other winters, and the younger members listen with the particular respect that young people give to someone who has really been through things.
365	0:42:09.6	0:42:16.9		Sometimes the talk turns to the future, to jobs and marriages and the places they hope to see.
366	0:42:16.9	0:42:20.3	29-diary-writing-by-lantern	Before sleep, a few of them take out their notebooks.
367	0:42:20.6	0:42:29.3		Zina writes down the day's journey in neat, patient lines, and Lyudmila adds her own thoughts in her lively hand.
368	0:42:29.6	0:42:35.6		They record the distances, the times, the temperature and the mood of the group.
369	0:42:35.9	0:42:45.0		They write about the beauty of the forest, about a funny thing someone said at lunch, about how good the porridge tasted.
370	0:42:45.3	0:42:50.6		These small, ordinary notes will later become very precious.
371	0:42:51.1	0:42:53.6		Dyatlov keeps the group's official log.
372	0:42:53.9	0:43:03.3		It is a more serious record, with sketches of the route and details about the terrain, and it is written in the plain language of an engineer.
373	0:43:03.6	0:43:13.4		Each evening, he studies his map by lantern light, marks the place where they stopped, and calculates how far they have to go.
374	0:43:13.7	0:43:16.5		Then he closes the notebook and puts it away.
375	0:43:17.0	0:43:23.4		At last the stove is banked, the lantern is turned down, and the tent grows quiet.
376	0:43:23.7	0:43:24.8		Someone coughs.
377	0:43:25.1	0:43:26.5		Someone turns over.
378	0:43:26.8	0:43:32.1		A small gust of wind moves the canvas and a little powdery snow slides off the roof.
379	0:43:32.4	0:43:41.6		Outside, the forest stands in total silence, and over it all the stars shine hard and bright in the frozen black sky.
380	0:43:41.6	0:43:45.7	30-deep-snow-forest-trail	On the following days, the going becomes slower.
381	0:43:46.0	0:43:47.2		The valley narrows.
382	0:43:47.5	0:43:55.3		The river bends, and in places it has opened up under the ice, leaving dark patches that the skiers must go around.
383	0:43:55.6	0:44:03.8		The snow grows deeper under the trees, soft as flour, and the leader sinks to his knees with every stride.
384	0:44:04.1	0:44:08.0		The group has to change the person at the front every few minutes.
385	0:44:08.5	0:44:19.2		In the middle of the forest, they come across a trail that has been cut by hunters, a line of notches on tree trunks, which are the Mansi blazes.
386	0:44:19.5	0:44:26.6		The notches mark a path through the trees, and the hikers use it as a guide, following it up the valley.
387	0:44:26.9	0:44:36.6		Sometimes the path vanishes under fresh snow, and they must search for the next cut in the bark, like sailors looking for a buoy in fog.
388	0:44:36.6	0:44:38.2	31-mansi-blaze-on-pine-trunk	The weather is changeable.
389	0:44:38.5	0:44:44.6		On some days the sky is clear and blue, and the light on the snow is almost too bright to look at.
390	0:44:44.9	0:44:53.2		On others, low grey cloud sinks over the valley, and a light snowfall begins, soft as down.
391	0:44:53.5	0:45:01.9		The temperature hovers around twenty below, rising a little in the middle of the day, and falling again as the sun disappears.
392	0:45:02.2	0:45:08.5		It is cold, but it is the kind of cold that these hikers know well, and they dress for it.
393	0:45:09.0	0:45:13.2		Photographs from these days show tired, happy faces.
394	0:45:13.5	0:45:21.7		There is a picture of someone making tea over a fire, with a blackened pot and a ring of friends bent over it.
395	0:45:22.0	0:45:28.4		There is a picture of two skiers with frost on their eyebrows, grinning into the camera.
396	0:45:28.7	0:45:36.5		There is a picture of a long line of skis planted upright in the snow, beside a tent glowing in the dusk.
397	0:45:36.8	0:45:39.5		In none of them is there anything but ease.
398	0:45:39.5	0:45:49.7	32-auspiya-valley-dawn-light	On the thirty-first of January, the group reaches the upper valley of the Auspiya, a quiet, snowy basin closed in by low hills.
399	0:45:50.0	0:45:52.4		Here the forest starts to thin out.
400	0:45:52.7	0:46:00.2		The trees grow smaller and more crooked, and between them the open, windswept ground begins to show.
401	0:46:00.5	0:46:07.2		Ahead, a long ridge rises above the trees, white and bare against the sky.
402	0:46:07.5	0:46:09.9		It is the beginning of the mountains proper.
403	0:46:10.4	0:46:19.1		The next stage of the route will lead them up onto the ridge and toward Otorten, over open ground where the wind can blow at will.
404	0:46:19.4	0:46:24.4		To make the climb easier, Dyatlov decides to lighten the load.
405	0:46:24.7	0:46:39.6		Near the edge of the forest, the hikers build a little storage platform, a small raised floor of logs on posts, a kind of cache, where they can leave the things that they will not need for the next two days.
406	0:46:39.9	0:46:42.4		They hope to return to it after the climb.
407	0:46:42.4	0:46:48.2	33-cache-platform-forest-edge	They leave behind spare food, some of their winter clothing, and a pair of skis.
408	0:46:48.5	0:46:57.2		Everything is wrapped in canvas and tied down, and the whole bundle is lifted onto the platform, out of reach of foxes and mice.
409	0:46:57.5	0:47:01.7		It is a sensible, experienced decision.
410	0:47:02.0	0:47:06.4		Only the things that are needed for the push to Otorten will go with them.
411	0:47:06.9	0:47:12.4		Later, people will often note that the group left behind some of their warm things.
412	0:47:12.7	0:47:15.8		But it is worth remembering how normal this is.
413	0:47:16.1	0:47:25.0		On a long expedition, hikers usually lighten the load before a difficult stage, and they come back for the stored equipment afterwards.
414	0:47:25.3	0:47:36.5		The group had planned to go up to Otorten, to look at the view, and to descend again to the cache, where they would spend another night in the shelter of the forest.
415	0:47:37.0	0:47:43.7		In the late afternoon, the friends make camp for what will be the last night under the trees.
416	0:47:44.0	0:47:45.9		They do their usual chores.
417	0:47:46.2	0:47:47.4		They light the stove.
418	0:47:47.7	0:47:50.2		They cook a supper of soup and cereal.
419	0:47:50.5	0:48:04.7		Afterwards, with the stove glowing and the day's work done, they settle into a particularly good mood, since the hardest part of the trip is behind them, and tomorrow, they will see the open mountains.
420	0:48:04.7	0:48:07.9	34-evening-otorten-newspaper-tent	That night the friends make a small joke newspaper.
421	0:48:08.2	0:48:18.6		It is a tradition on many student trips, a single sheet of paper, handwritten and decorated, with funny headlines and little drawings.
422	0:48:18.9	0:48:23.4		They call it "The Evening Otorten", after the mountain they will climb.
423	0:48:23.7	0:48:38.0		It carries news of the day's journey, light remarks about their own habits, and a cheerful mention of the legendary snowman, the creature of the high mountains that every newspaper in the world has been writing about that winter.
424	0:48:38.5	0:48:40.0		Several people contribute.
425	0:48:40.3	0:48:41.8		Someone adds a drawing.
426	0:48:42.1	0:48:43.6		Someone teases the cook.
427	0:48:43.9	0:48:51.0		Someone writes a mock announcement about the weather and the group's progress, and the others laugh until the tent shakes.
428	0:48:51.3	0:48:59.8		The whole thing is warm, silly and good-humoured, the sort of thing that friends make when they feel at home with one another.
429	0:49:00.3	0:49:07.3		When the paper is finished, they pin it up inside the tent and lie back to enjoy the last evening of the forest.
430	0:49:07.6	0:49:09.1		The lantern burns low.
431	0:49:09.4	0:49:18.9		Outside, the stars are bright, and the snow squeaks under the boots of the person on stove duty who steps out to fetch more wood.
432	0:49:19.2	0:49:22.7		It is the last night they will spend in the shelter of the trees.
433	0:49:22.7	0:49:25.5	35-last-night-forest-tent-glow	Nobody knows that, of course.
434	0:49:25.8	0:49:29.4		They are tired and content and thinking of tomorrow.
435	0:49:29.7	0:49:33.9		In the morning, the sun will rise over the Auspiya.
436	0:49:34.2	0:49:47.0		The friends will pack their rucksacks, shoulder their skis and set off toward the white ridge, and from that moment on, the story of their journey will become something that people will tell for generations.
437	0:49:47.0	0:49:51.7	36-forest-edge-morning-breakfast	The first of February, nineteen fifty-nine, is a Sunday.
438	0:49:52.0	0:49:57.7		In the forest at the edge of the upper Auspiya, the morning begins slowly.
439	0:49:58.0	0:50:05.4		The friends wake in their warm tent, listen to the stove tick as it cools, and take their time getting up.
440	0:50:05.7	0:50:07.2		Nobody is in a hurry.
441	0:50:07.5	0:50:17.5		The day's plan is a short and simple one, a climb to the high ground, a look at the pass, and a camp somewhere near the foot of Otorten.
442	0:50:18.0	0:50:24.4		They cook breakfast, drink their tea, and then start the long job of packing.
443	0:50:24.7	0:50:33.9		The felt boots, which hung drying by the stove during the night, are slid into the rucksacks, to be worn again in the evening.
444	0:50:34.2	0:50:35.7		Ski bindings are checked.
445	0:50:36.0	0:50:37.4		Fingers are warmed.
446	0:50:37.7	0:50:54.2		Around noon, in thin, bright sunlight, the group shoulders its packs, leaves the cache of spare things behind, and sets out on skis along the track they have already broken through the snow.
447	0:50:54.7	0:51:00.5		It is worth remembering how short the day is at this time of the year, so far to the north.
448	0:51:00.8	0:51:08.8		The sun rises late, climbs only a little way above the southern ridge, and sinks again by the middle of the afternoon.
449	0:51:09.1	0:51:15.6		By four o'clock the light has already begun to turn blue, and by five it is almost gone.
450	0:51:15.9	0:51:24.0		A group that sets out at noon has only a few hours of daylight in which to climb, to find a camp, and to pitch a tent.
451	0:51:24.5	0:51:30.4		The sky is a pale, milky grey, with no clear edge to the clouds.
452	0:51:30.7	0:51:41.4		The temperature is about twenty degrees below zero, but the air is almost still, and in the shelter of the trees it feels gentler than it sounds.
453	0:51:41.7	0:51:48.2		They follow the little valley upward, passing through the last scattered stands of spruce and cedar.
454	0:51:48.5	0:51:50.3		The trees grow shorter.
455	0:51:50.6	0:51:52.6		The ground grows more open.
456	0:51:52.9	0:51:56.7		After a while, the forest simply stops.
457	0:51:56.7	0:52:07.4	37-skiers-climbing-open-ridge	They stop once more at the very edge of the forest, where the last spruce stands, tall and a little crooked, with its dark branches heavy with snow.
458	0:52:07.7	0:52:10.3		It is a good place for a short pause.
459	0:52:10.6	0:52:19.6		Someone checks the map, someone tightens a strap, someone takes a photograph of the friends standing together with their skis planted beside them.
460	0:52:19.9	0:52:27.1		In the picture, nine faces look out from under fur hats, cheeks red with cold, eyes bright.
461	0:52:27.4	0:52:33.5		Behind them the open mountain rises, pale and smooth, into the cloud.
462	0:52:34.0	0:52:44.5		Beyond the last trees, the land opens into a vast, white, rounded landscape, with no tree or rock to break it.
463	0:52:44.8	0:52:47.8		The snow is crisp and polished by the wind.
464	0:52:48.1	0:52:53.1		Far ahead, a long, smooth ridge lifts against the sky.
465	0:52:53.4	0:52:56.9		The skiers stop for a moment to catch their breath and look.
466	0:52:57.2	0:53:05.6		It is a wide, empty, magnificent country, the kind of view that fills the chest and makes a person feel very small.
467	0:53:06.1	0:53:09.3		As they climb, the weather begins to change.
468	0:53:09.6	0:53:18.1		Slowly, almost without anybody noticing, a wind starts to stir from the west and south.
469	0:53:18.4	0:53:27.5		It lifts a thin veil of powder snow off the ground, and the powder blows across the slope in long, whispering ribbons.
470	0:53:27.8	0:53:35.7		Then the clouds thicken, and the sun, which was only a pale disc, fades out of sight altogether.
471	0:53:36.2	0:53:39.2		The wind gets stronger as the afternoon wears on.
472	0:53:39.5	0:53:44.1		It pulls at the hoods of the jackets and sets the ends of the scarves flapping.
473	0:53:44.4	0:53:49.9		Snow begins to fall in fine, sharp grains that sting the cheeks.
474	0:53:50.2	0:53:59.4		In the exposed places the skiers bend their heads and push on, one behind another, each following the dark shape of the person in front.
475	0:53:59.7	0:54:04.0		Visibility shrinks to a few dozen metres, and then to less.
476	0:54:04.0	0:54:08.4	38-whiteout-slope-skiers	In weather like this, even skilled hikers can lose their way.
477	0:54:08.7	0:54:15.7		On a wide slope in the falling snow, the ground and the sky become the same shade of white.
478	0:54:16.0	0:54:17.7		There is no horizon.
479	0:54:18.0	0:54:19.7		There are no landmarks.
480	0:54:20.0	0:54:29.4		A skier may think he is travelling straight, and in fact be curving slowly to one side, as if pulled by an invisible hand.
481	0:54:29.7	0:54:34.5		The compass helps, but only if the ground allows the group to follow it.
482	0:54:35.0	0:54:37.2		This is what seems to happen to the friends.
483	0:54:37.5	0:54:46.2		Their plan was to go up the valley and cross over the low pass to the next side, where they would find shelter in the trees and camp for the night.
484	0:54:46.5	0:54:53.3		But in the whiteout, with the wind driving at their faces, the group drifts to the left.
485	0:54:53.6	0:55:07.9		Instead of reaching the pass, they find themselves climbing the open eastern slope of Kholat Syakhl, the mountain whose name means Dead Mountain, a bare, rounded summit more than a thousand metres high.
486	0:55:08.4	0:55:10.1		It is late in the afternoon.
487	0:55:10.4	0:55:12.1		The light is going fast.
488	0:55:12.4	0:55:15.9		The group has been climbing for hours and the wind is bitter.
489	0:55:16.2	0:55:25.2		Somewhere ahead is the pass, and somewhere below is the forest, but in this swirling white world nobody can be sure where.
490	0:55:25.5	0:55:30.5		Dyatlov stops, looks round, and makes a decision.
491	0:55:30.5	0:55:32.3	39-skiers-digging-platform-snow	They will not turn back.
492	0:55:32.6	0:55:43.0		Going down in the dark and the wind, to find a camp among the trees, would cost time, and it would mean losing the height they have climbed.
493	0:55:43.3	0:55:50.7		Instead, he decides to pitch the tent right here, on the slope, and to continue in the morning.
494	0:55:51.0	0:55:54.2		It is not an unusual choice for an experienced group.
495	0:55:54.5	0:56:05.1		In fact, some say the leader wanted to give his friends a lesson in camping on open ground in high winds, which is a useful thing to know in the mountains.
496	0:56:05.6	0:56:07.1		So the work begins.
497	0:56:07.4	0:56:10.6		The friends take off their skis and dig into the slope.
498	0:56:10.9	0:56:18.3		They cut out a level terrace in the snow, a shelf large enough for the tent, using their shovels and skis.
499	0:56:18.6	0:56:19.7		They stamp it flat.
500	0:56:20.0	0:56:25.4		The wind howls and hisses around them, and the light fades.
501	0:56:25.7	0:56:33.5		Their hands are numb, and their cheeks are stiff, but they work together as they have worked every day of the journey.
502	0:56:34.0	0:56:37.1		One of them lifts a camera and takes a few pictures.
503	0:56:37.4	0:56:40.0		These will be the last photographs on the roll.
504	0:56:40.3	0:56:51.7		They show the group in the blue dusk, wrapped in hoods and scarves, bending over the snow with their shovels, while blown snow streams across the slope in pale veils.
505	0:56:52.0	0:56:57.9		In one frame, a figure steps toward the camera, and the tent is going up behind.
506	0:56:58.2	0:57:08.2		The shots are blurred and grainy, but they carry the mood of the moment, which is one of work, of cold, and of ordinary determination.
507	0:57:08.2	0:57:10.1	40-tent-pitched-dusk-lantern	At last the tent is up.
508	0:57:10.4	0:57:12.0		The ridge pole is raised.
509	0:57:12.3	0:57:14.9		The canvas is stretched and tied down.
510	0:57:15.2	0:57:22.1		The ski poles and the skis are driven into the snow around it, to give it some extra support against the wind.
511	0:57:22.4	0:57:31.0		A line of footprints leads to the entrance, and the group squeezes inside, one by one, out of the whistling dark.
512	0:57:31.5	0:57:39.3		Inside, the little stove is lit, the lantern is hung, and the sleeping bags are spread on the floor.
513	0:57:39.6	0:57:42.0		The temperature quickly begins to climb.
514	0:57:42.3	0:57:43.8		Boots are taken off.
515	0:57:44.1	0:57:46.4		Warm socks come out of the rucksacks.
516	0:57:46.7	0:57:55.5		Hands are pressed to the hot iron, and the friends begin to laugh and talk again, the way people do when they have come in from the cold.
517	0:57:55.8	0:58:01.9		Here, in the middle of the evening, there is warmth, light and company.
518	0:58:02.4	0:58:03.8		Supper is prepared.
519	0:58:04.1	0:58:11.3		They have a hot meal, which they eat from their mugs and bowls, sitting shoulder to shoulder on their sleeping bags.
520	0:58:11.6	0:58:24.4		Later, the investigators will be able to tell that their last meal was eaten some hours before they left the tent, and the notebooks and the supplies show that the evening was a normal one.
521	0:58:24.7	0:58:29.8		There is nothing to suggest an argument, a quarrel or a sense of alarm.
522	0:58:29.8	0:58:34.8	41-inside-tent-evening-warm	The wind keeps blowing, steady and low, around the canvas.
523	0:58:35.1	0:58:40.3		It sounds, perhaps, like a long breath.
524	0:58:40.6	0:58:50.1		Beyond the thin walls, high on the open flank of the mountain, the snow hisses and drifts, and the stars are hidden by cloud.
525	0:58:50.4	0:59:04.1		Inside, the stove ticks, a pot cools, a mug is passed around, and the friends begin to turn toward sleep, one after another, in the dim yellow light.
526	0:59:04.6	0:59:09.2		This is the last moment of the journey of which anything at all is known.
527	0:59:09.7	0:59:16.6		After that, there are no diaries, no photographs, no witnesses.
528	0:59:16.9	0:59:24.6		The next time anybody will see the tent, it will be empty, covered with snow, and sagging on its poles.
529	0:59:24.9	0:59:29.9		And the question that has followed the group ever since will be a simple and haunting one.
530	0:59:30.2	0:59:33.5		What happened on the slope of Kholat Syakhl that night?
531	0:59:34.5	0:59:40.6	42-night-sky-over-kholat-syakhl	Let us pause here for a moment, on the slope, at the end of that evening.
532	0:59:41.1	0:59:44.9		Above the tent, the mountain rises into the dark.
533	0:59:45.2	0:59:52.3		The summit is a smooth white curve, and the wind sweeps over it with a long, low sound.
534	0:59:52.6	1:00:00.6		Below, far down the slope, lies the edge of the forest, a black line against the snow.
535	1:00:00.9	1:00:11.7		Between them, the tent stands alone on its terrace, with its canvas shaking a little in the gusts, and a thin glow of light showing through the cloth.
536	1:00:12.2	1:00:17.3		The temperature is about thirty degrees below zero, perhaps colder.
537	1:00:17.6	1:00:19.0		The cloud drifts.
538	1:00:19.3	1:00:20.4		The snow whispers.
539	1:00:20.7	1:00:29.6		A small cloud of smoke rises from the stove pipe, and the wind carries it away, over the ridge, into the empty north.
540	1:00:30.1	1:00:34.3		Somewhere in the course of the night, the light in the tent goes out.
541	1:00:34.6	1:00:42.6		And somewhere in the course of the night, for a reason that nobody has been able to say with certainty, the nine friends leave their tent.
542	1:00:42.6	1:00:45.1	43-empty-tent-in-snow-moonlight	They go out onto the slope in the dark.
543	1:00:45.4	1:00:50.5		They are dressed lightly, some in their socks, one or two in a single boot.
544	1:00:50.8	1:00:56.1		They walk down the mountain, away from their tent, in the direction of the forest.
545	1:00:56.4	1:00:59.5		They walk together, and they do not return.
546	1:00:60.0	1:01:02.1		It is an extraordinary thing.
547	1:01:02.4	1:01:16.3		A group of strong, sensible, experienced hikers, with warm clothes lying just inside the tent, walks out into a night of bitter cold and wind without putting on their boots.
548	1:01:16.6	1:01:19.6		And nothing inside the tent suggests why.
549	1:01:20.1	1:01:23.5		The tent itself will show one more strange detail.
550	1:01:23.8	1:01:36.3		When it is found, there will be a long cut in the canvas, on the side of the tent, made from the inside, as if someone had slit it open with a knife to get out quickly.
551	1:01:36.6	1:01:42.6		Inside, the sleeping bags and the rucksacks lie more or less where they were left.
552	1:01:42.6	1:01:45.3	44-kholat-syakhl-dawn-empty	Morning comes, as it always does.
553	1:01:45.6	1:01:53.4		The sky grows grey, then pale blue, and the first light touches the summit and slides slowly down.
554	1:01:53.7	1:01:55.0		The wind drops.
555	1:01:55.3	1:01:56.7		The clouds thin.
556	1:01:57.0	1:02:08.2		The mountain lies silent and white and empty beneath a huge, cold sky, and the tent stands on its slope with its cut side flapping gently.
557	1:02:08.5	1:02:13.3		The snow, little by little, begins to cover the footprints.
558	1:02:13.8	1:02:18.1		Far away, in the city, nobody yet knows anything at all.
559	1:02:18.4	1:02:22.5		In Sverdlovsk, the tourist club goes about its work.
560	1:02:22.8	1:02:28.8		Families sit down to their Sunday dinners, a letter is written, a lecture is planned.
561	1:02:29.1	1:02:37.5		A group of friends is a little overdue, but there is no reason to worry, for nothing about a winter trip is ever on time.
562	1:02:38.0	1:02:39.2		The days pass.
563	1:02:39.5	1:02:46.0		The twelfth of February comes, the date on which the group was due to send a telegram from Vizhay.
564	1:02:46.3	1:02:48.0		No telegram arrives.
565	1:02:48.3	1:02:52.5		At the sports club, a few people look at the calendar and shrug.
566	1:02:52.8	1:02:55.4		Dyatlov had said that they might be late.
567	1:02:55.7	1:02:59.9		Winter, weather and heavy rucksacks do this to people.
568	1:03:00.2	1:03:02.3		Perhaps they will arrive tomorrow.
569	1:03:02.3	1:03:06.2	45-families-waiting-telegram	But a few more days go by, and still there is nothing.
570	1:03:06.5	1:03:10.0		The parents of the hikers begin to ask questions at the institute.
571	1:03:10.3	1:03:16.6		A mother stands in a corridor and asks, politely, whether there has been any news.
572	1:03:16.9	1:03:18.7		A brother knocks on a door.
573	1:03:19.0	1:03:26.3		Someone makes a telephone call to Ivdel and is told that the group was last seen heading north, some weeks before.
574	1:03:26.8	1:03:31.1		On the twentieth of February, the institute makes a decision.
575	1:03:31.4	1:03:33.2		A search will be organised.
576	1:03:33.5	1:03:37.5		Volunteers are called for, and the response is immediate.
577	1:03:37.8	1:03:48.5		Students from the tourist club, young teachers, experienced hikers, men who knew the mountains, all of them come forward and ask how they can help.
578	1:03:48.8	1:03:55.1		They gather in a hall at the Polytechnic, pore over the map, and begin to plan.
579	1:03:55.1	1:03:58.8	46-search-volunteers-institute-hall	The first small groups leave the city by train and truck.
580	1:03:59.1	1:04:03.8		They are followed, in the days after, by larger ones.
581	1:04:04.1	1:04:07.9		Soldiers join them, and local people from the villages.
582	1:04:08.2	1:04:21.0		The authorities send aircraft, which fly low over the forests and the ridges in the clear cold weather, looking for any sign of a tent, a fire, or a line of ski tracks.
583	1:04:21.5	1:04:29.0		At the same time, Mansi hunters, who know the land best of all, take part in the search.
584	1:04:29.3	1:04:36.7		They ski in their fur-lined boots across the valleys, reading the snow as another person might read a page.
585	1:04:37.0	1:04:42.4		They look for broken branches, old fire-sites, the marks of skis.
586	1:04:42.7	1:04:43.7		They say little.
587	1:04:44.0	1:04:50.5		They simply keep going, hour after hour, up the long valleys of the north.
588	1:04:50.5	1:04:54.3	47-search-plane-over-winter-forest	The searchers follow the route that Dyatlov described in his plan.
589	1:04:54.6	1:04:56.0		They go up the Lozva.
590	1:04:56.3	1:04:57.9		They go up the Auspiya.
591	1:04:58.2	1:05:09.3		They find a few traces, an old campsite, a trail of ski marks half-filled with snow, and the little platform in the forest where the friends left their spare things.
592	1:05:09.6	1:05:16.7		Everything on it is untouched, wrapped in canvas and tied down exactly as it was left.
593	1:05:17.2	1:05:21.6		This is a good sign, and at the same time a puzzling one.
594	1:05:21.9	1:05:24.6		The group never returned to collect their things.
595	1:05:24.9	1:05:29.4		So they must be somewhere further up, on the open mountain.
596	1:05:29.7	1:05:33.7		The searchers climb out of the forest and start to look at the high ridge.
597	1:05:33.7	1:05:45.5	48-search-party-skiing-valley	On the twenty-sixth of February, in the middle of the afternoon, two students from the search party, skiing along the slope of Kholat Syakhl, see something strange.
598	1:05:45.8	1:05:53.6		It is a small shape on the snow, a darker line against the white, half hidden by a drift.
599	1:05:53.9	1:05:55.0		They move closer.
600	1:05:55.3	1:05:56.3		It is a tent.
601	1:05:56.8	1:05:58.4		The tent is sagging.
602	1:05:58.7	1:06:01.8		One end is partly collapsed under the weight of the snow.
603	1:06:02.1	1:06:04.3		The canvas is frozen stiff.
604	1:06:04.6	1:06:09.4		Some of the skis and ski poles that were planted around it still stand in the snow.
605	1:06:09.7	1:06:11.9		A few things lie scattered nearby.
606	1:06:12.2	1:06:14.0		There is no sign of anyone.
607	1:06:14.0	1:06:18.3	49-searchers-approach-tent-slope	Carefully, the students call out, and no one answers.
608	1:06:18.6	1:06:19.9		They step to the tent.
609	1:06:20.2	1:06:26.4		The side of the canvas has been cut open from the inside, in a long, clean slit.
610	1:06:26.7	1:06:38.5		Through the opening, they can see the interior, with sleeping bags, rucksacks, boots, warm clothing, notebooks, cameras and food.
611	1:06:38.8	1:06:44.7		It looks as though the people who lived there have only just gone out, and might be back at any moment.
612	1:06:45.2	1:06:49.5		A little further down, there is a line of footprints in the snow.
613	1:06:49.8	1:07:00.9		They are the prints of people walking in socks, or with a single shoe, or even with bare feet, and they lead away from the tent down the slope toward the forest.
614	1:07:01.2	1:07:05.7		For a few hundred metres, the searchers can follow them.
615	1:07:06.0	1:07:10.9		Then the wind and snow have erased them, and the trail disappears.
616	1:07:10.9	1:07:12.5	50-abandoned-tent-snow-slope-day	The news travels fast.
617	1:07:12.8	1:07:20.6		By the evening, more of the search party have arrived at the tent, and the first reports are sent down the mountain by radio.
618	1:07:20.9	1:07:24.7		The tent is photographed, measured and described.
619	1:07:25.0	1:07:26.7		Everything is noted down.
620	1:07:27.0	1:07:37.0		And the young men stand there for a long time in the late afternoon light, looking down the slope into the forest, and wondering where their friends have gone.
621	1:07:37.0	1:07:42.4	51-cedar-at-forest-edge-snow	The footprints that the searchers have found lead down the slope in a nearly straight line.
622	1:07:42.7	1:07:52.8		They go toward the edge of the forest, which lies more than a kilometre below the tent, where the bare mountain ends and the first cedars and pines begin.
623	1:07:53.1	1:08:00.1		The searchers follow the line on skis, slowly, in the fading light, with their lanterns lit.
624	1:08:00.6	1:08:10.0		At the very edge of the trees, they find a tall old cedar standing alone, with its lowest branches broken off high above the ground.
625	1:08:10.3	1:08:17.7		Beneath it lie the burnt remains of a small fire, a ring of ashes and charred twigs in the snow.
626	1:08:18.0	1:08:25.3		Someone had tried to light a fire here, in the dark, in the cold, with very little to work with.
627	1:08:25.6	1:08:29.9		Around the tree, the snow has been trampled flat.
628	1:08:30.4	1:08:34.0		It is here that the search turns into something far sadder.
629	1:08:34.3	1:08:40.3		In this place, and in the days that follow, the searchers find the first of the friends.
630	1:08:40.6	1:08:42.5		They were not far from one another.
631	1:08:42.8	1:08:51.2		They had come down the mountain together, and had tried to warm themselves, and the cold had been stronger than they were.
632	1:08:51.5	1:08:59.6		The findings are described in the reports in plain, careful language, and nothing needs to be added to them here.
633	1:08:59.6	1:09:03.1	52-footprint-trail-down-slope-dusk	In the days after that, the search continues.
634	1:09:03.4	1:09:24.3		The line of footprints between the cedar and the tent is followed again and again, and three more of the friends are found along that line, spaced out across the slope, as though they had been trying to climb back toward the tent, to the warm clothes and the sleeping bags, but had not been able to reach it.
635	1:09:24.6	1:09:31.4		Among them is Igor Dyatlov, the leader, who stayed with his friends to the very end.
636	1:09:31.9	1:09:35.6		By the beginning of March, five of the nine have been found.
637	1:09:35.9	1:09:37.3		Four are still missing.
638	1:09:37.6	1:09:48.3		The search party works on, probing the snow with long poles, ski by ski, metre by metre, across the slope and the edge of the forest.
639	1:09:48.6	1:09:55.2		The snow is deep, in some places three or four metres, and the wind has packed it hard.
640	1:09:55.5	1:09:59.4		It is slow, patient, silent work.
641	1:09:59.4	1:10:06.6	53-search-camp-lanterns-night	At the search camp, in the evenings, the volunteers gather in a big tent around a stove.
642	1:10:06.9	1:10:08.3		They are quiet.
643	1:10:08.6	1:10:16.5		Some are the friends of the lost group, young people who studied with them and sang with them and walked with them on earlier trips.
644	1:10:16.8	1:10:23.3		They write their reports, drink their tea, and listen to the radio crackling messages down the mountain.
645	1:10:23.6	1:10:26.5		Outside, the wind moves in the trees.
646	1:10:27.0	1:10:29.4		The news reaches Sverdlovsk.
647	1:10:29.7	1:10:34.5		In the city, the first five funerals are held on a cold March day.
648	1:10:34.8	1:10:49.5		Hundreds of people come, students, teachers, neighbours, workers, and a long, silent line of young people in dark coats stands in the snow at the cemetery gate.
649	1:10:49.8	1:10:51.7		The families hold one another.
650	1:10:52.0	1:10:57.7		A band plays a slow tune, and the air is full of breath and steam.
651	1:10:58.0	1:11:01.1		It is a day that many in the city will never forget.
652	1:11:01.1	1:11:13.1	54-funeral-gathering-sverdlovsk-snow	Among the volunteers who have joined the search is a young engineer named Yevgeny Maslennikov, a skilled hiker who studied at the same institute and knew several of the missing friends.
653	1:11:13.4	1:11:23.9		He is one of those who examine the tent on the slope, and he notices, with a careful eye, that the cut in the canvas was made from the inside.
654	1:11:24.2	1:11:36.3		He is also one of those who will carry the heavy weight of this search for the rest of his life, and who will speak of it, years later, with gentleness and with respect for the families.
655	1:11:36.8	1:11:40.9		By then, the authorities have opened an official investigation.
656	1:11:41.2	1:11:47.2		In the town of Ivdel, a prosecutor named Lev Ivanov is put in charge.
657	1:11:47.5	1:11:59.3		He is a thorough, serious man, with a lined face and a deep sense of duty, and he travels to the mountain, studies the tent, and speaks with the searchers.
658	1:11:59.6	1:12:01.1		He reads the diaries.
659	1:12:01.4	1:12:02.7		He reads the notes.
660	1:12:03.0	1:12:08.0		He looks at the photographs, and puts every object in the tent on a list.
661	1:12:08.5	1:12:12.6		The questions he must answer seem simple, but they are not.
662	1:12:12.9	1:12:14.2		Who were these people?
663	1:12:14.5	1:12:15.8		What had they been doing?
664	1:12:16.1	1:12:19.7		Why did they leave their tent in the middle of a freezing night?
665	1:12:20.0	1:12:22.1		Why did they not take their boots?
666	1:12:22.4	1:12:24.1		What happened on that slope?
667	1:12:24.4	1:12:29.3		And, perhaps most of all, was anybody else there?
668	1:12:29.3	1:12:33.1	55-prosecutor-desk-files-lamp	He begins with the possibility that other people might have been involved.
669	1:12:33.4	1:12:36.4		The mountain is remote, but not empty.
670	1:12:36.7	1:12:38.8		The Mansi hunters live in the forest.
671	1:12:39.1	1:12:46.0		The district has old prison camps, and the investigators have to ask whether anyone might have escaped from one of them.
672	1:12:46.3	1:12:49.1		But the evidence does not point that way.
673	1:12:49.4	1:12:54.7		On the snow around the tent, there are no footprints but the group's own.
674	1:12:55.0	1:13:00.7		The valuables are all there, the money, the cameras, the watches, the food.
675	1:13:01.0	1:13:13.7		And the Mansi, who have been questioned with great patience and respect, have no quarrel with anyone, and no reason at all to harm a group of young skiers passing through.
676	1:13:14.2	1:13:15.9		Ivanov looks at the weather.
677	1:13:16.2	1:13:17.4		He looks at the tent.
678	1:13:17.7	1:13:22.8		He looks at the slope, and he does not see any sign of an avalanche.
679	1:13:23.1	1:13:35.3		The angle of the hillside is gentle, only about twenty degrees, and no mass of snow has swept across it, because the skis and poles around the tent are still standing upright.
680	1:13:35.6	1:13:37.8		Nothing has been buried or broken.
681	1:13:38.1	1:13:43.0		So the avalanche theory, in the first months, is put aside.
682	1:13:43.0	1:13:46.1	56-mansi-elders-questioned-room	In the spring, the melting begins.
683	1:13:46.4	1:13:51.5		Day by day, the great white blanket over the forest shrinks.
684	1:13:51.8	1:13:52.8		Streams trickle.
685	1:13:53.1	1:13:58.7		The snow sags and cracks, and the ground begins to show through, dark and wet.
686	1:13:59.0	1:14:10.9		At the beginning of May, the search party returns to the slope, and begins to work along the little stream that runs through a ravine in the forest, a short distance beyond the cedar.
687	1:14:11.4	1:14:18.9		It is here, under a thick layer of old snow, that the last four friends are finally found.
688	1:14:19.2	1:14:27.7		They are lying near one another in the ravine, about seventy-five metres from the cedar and the ashes of the fire.
689	1:14:28.0	1:14:37.3		Their discovery brings a certain sorrow, but it also brings, at last, an end to the long uncertainty for the families.
690	1:14:37.3	1:14:40.6	57-ravine-forest-spring-thaw	What the doctors find is not entirely simple.
691	1:14:40.9	1:14:44.3		The first five friends are found to have died of the cold.
692	1:14:44.6	1:14:55.4		That is a sad but a plain explanation, and it seems to fit the story of a group that left its tent without proper clothing and tried to survive in a freezing forest.
693	1:14:55.7	1:15:11.1		But among the last four, three have serious injuries that the doctors find hard to explain, injuries of a kind that might normally come from a very heavy blow, though there are no marks on the skin to show where it came from.
694	1:15:11.6	1:15:14.1		Another small detail adds to the puzzle.
695	1:15:14.4	1:15:17.9		Some of the friends are wearing garments that do not belong to them.
696	1:15:18.2	1:15:22.6		A piece of clothing has been taken from one friend and worn by another.
697	1:15:22.9	1:15:30.3		It seems that those who were still able to move took warm things from those who could not, and shared them out.
698	1:15:30.6	1:15:41.1		It is a quiet, human detail, a small story of kindness in the darkest of hours, and it is part of what makes the mystery so affecting.
699	1:15:41.1	1:15:43.4	58-investigators-table-cameras-notebooks	The investigators examine everything.
700	1:15:43.7	1:15:45.9		They develop the film from the cameras.
701	1:15:46.2	1:15:54.0		They read through the diaries again and again, looking for a hint of conflict or fear, and find none.
702	1:15:54.3	1:15:56.5		They study the clothing and the equipment.
703	1:15:56.8	1:16:03.7		A few pieces of clothing, they report, carry small traces of radioactivity.
704	1:16:04.0	1:16:18.7		The finding is noted in the file, though later researchers will say that it was very small, and probably had ordinary causes, such as the minerals in the soil, or the materials of old lanterns.
705	1:16:19.2	1:16:21.3		Others tell of lights in the sky.
706	1:16:21.6	1:16:34.8		On the nights of February and March, in that same part of the northern Urals, some people said that they had seen glowing orange spheres floating high above the mountains, silent and slow.
707	1:16:35.1	1:16:42.6		A group of hikers camped some fifty kilometres to the south reported such a sight, and so did a few local people.
708	1:16:42.9	1:16:53.3		In those years, rockets were being launched and tested in the far north of the country, and some have suggested that what was seen might have come from them.
709	1:16:53.6	1:16:57.0		Others think it was simply a trick of the clouds and the cold.
710	1:16:57.0	1:17:03.2	59-orange-lights-night-sky-urals	In the end, after months of work, the investigators have to write something down.
711	1:17:03.5	1:17:08.0		At the end of May, the prosecutor's office closes the case.
712	1:17:08.3	1:17:12.4		The final report is short, and its wording has become famous.
713	1:17:12.7	1:17:19.7		It says that the cause of the deaths was a compelling natural force, which the hikers were not able to overcome.
714	1:17:20.2	1:17:21.2		That is all.
715	1:17:21.5	1:17:24.5		The report does not say what the force was.
716	1:17:24.8	1:17:32.7		It does not say whether it was snow, or wind, or cold, or something else.
717	1:17:33.0	1:17:38.7		It simply puts a small, careful line around the mystery, and closes the folder.
718	1:17:39.2	1:17:42.3		The mountains are closed to hikers for three years.
719	1:17:42.6	1:17:45.6		The files are sealed and stored in a secret archive.
720	1:17:45.9	1:17:53.7		For decades, the families and friends have only the briefest official answer, and a great deal of silence.
721	1:17:54.0	1:17:58.2		The rest is left to rumour, memory and imagination.
722	1:17:58.2	1:18:05.0	60-closed-case-folder-sealed-lamp	And so the story of the Dyatlov group goes quiet for a while, like a stone dropped into deep water.
723	1:18:05.3	1:18:07.1		But it does not disappear.
724	1:18:07.4	1:18:16.9		In the apartments and dormitories of Sverdlovsk, in the tourist clubs, in the memories of those who joined the search, the questions remain.
725	1:18:17.2	1:18:27.6		People tell the story again, with more details, and more theories, and in time it becomes one of the best-known mysteries of the twentieth century.
726	1:18:28.1	1:18:34.4		Let us now look at the questions that remain, one by one, as calmly as we can.
727	1:18:34.9	1:18:36.4		The first is the tent.
728	1:18:36.7	1:18:38.4		Why did the friends leave it?
729	1:18:38.7	1:18:47.8		The cut in the canvas shows that they left in a hurry, so something must have made them believe that it was no longer safe to stay inside.
730	1:18:48.1	1:19:01.0		Whatever happened must have happened suddenly, and it must have been strong enough to make nine experienced hikers leave their warm sleeping bags and their boots, in a wind of thirty degrees below zero.
731	1:19:01.0	1:19:02.6	61-tent-interior-boots-warm-clothes	The second is the clothing.
732	1:19:02.9	1:19:08.3		Experienced hikers know that their boots and their warm clothes are what keep them alive.
733	1:19:08.6	1:19:14.2		To leave them behind, in such cold, is to put oneself in great danger.
734	1:19:14.5	1:19:18.6		It tells us that the people who left the tent were not thinking about the cold.
735	1:19:18.9	1:19:26.2		They were thinking about something else, and they believed that they would be able to come back for their things within a few minutes.
736	1:19:26.7	1:19:28.6		The third is the direction.
737	1:19:28.9	1:19:32.9		When the friends left the tent, they did not scatter.
738	1:19:33.2	1:19:38.8		They went down the slope in a line, toward the forest, a long distance in the dark.
739	1:19:39.1	1:19:42.1		They seem to have had a purpose, and a plan.
740	1:19:42.4	1:19:44.9		They made a fire at the edge of the trees.
741	1:19:45.2	1:19:52.1		They broke branches from the cedar, perhaps to feed the flames, or perhaps to climb.
742	1:19:52.4	1:19:54.7		They tried to make a shelter in the ravine.
743	1:19:55.0	1:20:03.1		All of this speaks of people who were thinking clearly, who were working together, and who were doing what trained hikers do.
744	1:20:03.1	1:20:04.6	62-ravine-shelter-branches-forest	The fourth is the injuries.
745	1:20:04.9	1:20:07.2		The cold alone does not explain them.
746	1:20:07.5	1:20:17.8		The doctors believe that a strong force, such as a heavy fall, or a great weight of snow, or a blow from something, may have caused them.
747	1:20:18.1	1:20:22.1		Yet there is no sign of a fight, and no sign of a struggle.
748	1:20:22.4	1:20:25.2		The friends do not seem to have harmed one another.
749	1:20:25.5	1:20:31.1		They seem, rather, to have helped one another until the very end.
750	1:20:31.6	1:20:33.5		And the fifth is the silence.
751	1:20:33.8	1:20:40.1		For many years, the official file said so little that it left room for every kind of story.
752	1:20:40.4	1:20:50.3		When at last the papers were opened in the nineteen nineties, some pages had gone missing, and people wondered about that, and went on wondering.
753	1:20:50.8	1:20:54.4		It is on these five questions that the later theories are built.
754	1:20:54.4	1:20:58.7	63-investigator-reading-old-pages	In the decades that followed, hundreds of explanations were put forward.
755	1:20:59.0	1:21:01.7		Some were practical and scientific.
756	1:21:02.0	1:21:04.0		Some were dramatic and strange.
757	1:21:04.3	1:21:13.2		Many of them came from people who had walked on that slope, or lived in the mountains, or spent long years studying the case.
758	1:21:13.5	1:21:19.7		Each one tried to answer the same few questions, and none of them was able to answer them all.
759	1:21:20.2	1:21:27.9		Let us go through the main ones, calmly, and see what each one explains, and what it leaves open.
760	1:21:27.9	1:21:34.8	64-snow-slab-slope-theory-dusk	The first theory is the one that many people thought of right away, and that the first investigators put aside.
761	1:21:35.1	1:21:36.6		It is the avalanche.
762	1:21:37.1	1:21:41.8		A snow slope can look perfectly safe and still carry a hidden weakness.
763	1:21:42.1	1:21:50.0		Over the winter, the snow lies down in layers, and some layers are firm while others are loose and sugary.
764	1:21:50.3	1:22:00.6		If a heavy slab of firm snow comes to rest on a loose layer beneath, it can hang there on the hillside, quietly, until something disturbs it.
765	1:22:00.9	1:22:02.4		A footstep can be enough.
766	1:22:02.7	1:22:04.0		So can a cut.
767	1:22:04.5	1:22:15.1		Cutting a terrace into a slope, as the hikers did, to make a flat floor for their tent, is just the kind of change that can start the process.
768	1:22:15.4	1:22:18.5		The cut leaves the snow above it without support.
769	1:22:18.8	1:22:34.4		At the same time, a wind blowing across the top of the mountain can carry fresh snow and deposit it along the slope above the tent, adding weight, slowly, hour after hour, through the evening.
770	1:22:34.9	1:22:45.7		In the year two thousand and twenty-one, two scientists, Johan Gaume and Alexander Puzrin, published a study of this very question.
771	1:22:46.0	1:22:54.1		They built a computer model of the slope and the tent, using what is known about snow and about the wind of that night.
772	1:22:54.4	1:23:06.3		Their model suggested that a small slab might indeed have broken loose some hours after the terrace was cut, perhaps after nightfall, with a soft, dull sound.
773	1:23:06.6	1:23:08.6		It would not have buried the tent.
774	1:23:08.9	1:23:15.2		It would have been only a short, heavy slide of snow, across one side of it.
775	1:23:15.2	1:23:19.2	65-tent-in-night-wind-snow-gusts	For the people inside, that would have been startling.
776	1:23:19.5	1:23:27.6		A few hundred kilograms of snow sliding onto a canvas wall, in the dark, at thirty degrees below zero.
777	1:23:27.9	1:23:29.8		The side of the tent would sag.
778	1:23:30.1	1:23:32.3		Someone might be pressed against the stove.
779	1:23:32.6	1:23:34.3		Someone might cry out.
780	1:23:34.6	1:23:48.5		And in the first confusion, with the wind howling and the canvas collapsing, the group might well decide to cut their way out and leave, believing that the whole slope above them was about to come down.
781	1:23:49.0	1:23:54.8		This is a powerful idea, because it can explain several of the questions at once.
782	1:23:55.1	1:24:00.8		It explains why the group left in such haste, and why they went out of the tent through a cut.
783	1:24:01.1	1:24:10.9		It explains why the heavy injuries appeared in some of the friends, for a slab of snow can press on a body with great force without leaving a mark.
784	1:24:11.2	1:24:21.3		And it explains why an experienced group might leave their boots, because at the moment of the slide they would have been thinking only about getting out.
785	1:24:21.8	1:24:32.9		In two thousand and twenty, the Russian prosecutor's office, after a new review of the old case, announced that an avalanche was the most likely cause.
786	1:24:33.2	1:24:45.1		They said that the hikers had probably left the tent in fear of a second avalanche, and that they had died of the cold in the following hours, though some had also suffered injuries.
787	1:24:45.6	1:24:47.2		Not everybody agrees.
788	1:24:47.5	1:24:54.6		People who have studied the slope point out that it is quite gentle, and that avalanches on such slopes are rare.
789	1:24:54.9	1:24:59.3		They say that there was no clear sign of a slide when the tent was found.
790	1:24:59.6	1:25:06.2		They add that the group had enough experience to know that a small slide did not mean the whole slope would come down.
791	1:25:06.5	1:25:12.6		The debate continues, politely, in books and conferences and on the internet.
792	1:25:12.6	1:25:15.4	66-wind-over-rounded-summit-snow-plume	The second theory is about the wind itself.
793	1:25:15.7	1:25:21.7		On the open slopes of the northern Urals, the wind can blow with astonishing force.
794	1:25:22.0	1:25:29.6		On a winter night, cold air pours down off the summit like water down a hill, picking up speed as it goes.
795	1:25:29.9	1:25:33.2		Meteorologists call this a katabatic wind.
796	1:25:33.5	1:25:37.8		It can reach the speed of a storm, and it can last for hours.
797	1:25:38.3	1:25:44.2		For the nine friends in their tent, that wind would have been a continuous roar.
798	1:25:44.5	1:25:46.2		The canvas would have drummed.
799	1:25:46.5	1:25:49.2		Snow would have been forced through the seams.
800	1:25:49.5	1:25:52.9		It would have been difficult to speak, and hard to sleep.
801	1:25:53.2	1:26:02.4		In the dark, some of them might have begun to worry that the tent was being torn from its moorings, and to fear that it would be swept away.
802	1:26:02.9	1:26:11.9		But experienced hikers are used to wind, and a strong wind alone seems too ordinary to explain such a dramatic decision.
803	1:26:12.2	1:26:16.9		Perhaps it was part of the story, a push in a certain direction.
804	1:26:17.2	1:26:23.1		It may have loaded the slope with snow, or made it impossible to stay calm.
805	1:26:23.4	1:26:28.8		But most people think that something more than wind alone was needed to make the group leave.
806	1:26:28.8	1:26:32.1	67-infrasound-vortices-summit-evening	There is a human side to the wind theory, too.
807	1:26:32.4	1:26:37.1		Anyone who has spent a night in a tent in a gale knows how tiring it is.
808	1:26:37.4	1:26:39.3		The noise never stops.
809	1:26:39.6	1:26:41.5		The canvas pulls at its ropes.
810	1:26:41.8	1:26:49.2		Every few minutes, someone has to check that the ropes are holding and that the snow is not building up against the wall.
811	1:26:49.5	1:26:57.1		After a long day of climbing, in the dark, with the temperature falling, it would be natural to be anxious.
812	1:26:57.4	1:27:06.3		And an anxious group, hearing a loud, strange sound outside, might reach a decision very quickly.
813	1:27:06.8	1:27:13.1		A third idea is a stranger one, and it came from a writer who walked to the slope himself.
814	1:27:13.4	1:27:24.6		In his book about the mystery, published in two thousand and thirteen, Donnie Eichar offered an explanation based on the way wind moves around a rounded mountain top.
815	1:27:24.9	1:27:37.7		When a steady wind flows past a smooth, rounded obstacle, it can form a regular pattern of whirling currents behind it, which scientists call vortices.
816	1:27:38.0	1:27:47.7		In the right conditions, these vortices can produce a very low sound, deeper than the human ear can hear, called infrasound.
817	1:27:48.2	1:27:52.4		Infrasound is known to affect people in unusual ways.
818	1:27:52.7	1:28:02.4		A person who is exposed to it may feel a sense of dread, a pressure in the chest, a feeling of dizziness, without knowing why.
819	1:28:02.7	1:28:15.5		If the hikers in the tent experienced such a feeling, so the idea goes, they might have been seized by sudden, powerful, unexplained fear, and rushed out into the night.
820	1:28:16.0	1:28:21.0		It is a poetic idea, and it has attracted a great deal of interest.
821	1:28:21.3	1:28:23.8		But it is also very difficult to prove.
822	1:28:24.1	1:28:36.7		Nobody measured sounds on the slope that night, and scientists who have looked at the idea say that the effect is not well understood, and may not be strong enough to cause such behaviour.
823	1:28:37.0	1:28:43.0		For now, it remains an interesting possibility, one among several.
824	1:28:43.0	1:28:48.4	68-secret-tests-sky-theory-night	The fourth family of theories is the one that appears most often in films and television.
825	1:28:48.7	1:28:52.8		It says that the group stumbled into something they were never meant to see.
826	1:28:53.1	1:28:59.9		In the nineteen fifties, the Soviet Union was testing new weapons across its vast territory.
827	1:29:00.2	1:29:02.8		Rockets were launched from remote sites.
828	1:29:03.1	1:29:05.6		Strange new devices were being developed.
829	1:29:05.9	1:29:12.4		The northern Urals, empty and far from the cities, would have been a quiet place for such work.
830	1:29:12.9	1:29:26.4		Those who favour this theory point to the lights in the sky that were seen that winter, to the traces of radiation on a few pieces of clothing, to the fact that the area was closed and the files were sealed.
831	1:29:26.7	1:29:36.6		They say that the group might have been frightened by a flash, or a blast of air from a distant explosion, and that the friends might have fled from it.
832	1:29:37.1	1:29:44.2		It is true that the files were sealed, and it is true that the authorities of the time said very little.
833	1:29:44.5	1:29:48.8		But sealing a file does not prove that a secret lies inside it.
834	1:29:49.1	1:29:56.6		When the files were later opened, researchers found nothing to show that any test took place on the mountain that night.
835	1:29:56.9	1:30:03.7		There were no craters, no burns, no damage to the trees, no damage to the tent.
836	1:30:04.0	1:30:11.7		The lights may have been rockets, or atmospheric tricks, or something that happened on another night altogether.
837	1:30:12.0	1:30:16.7		The question is still open, but there is no real evidence to answer it.
838	1:30:16.7	1:30:20.8	69-snowman-legend-cartoon-newspaper	There are also ideas that belong more to legend than to science.
839	1:30:21.1	1:30:30.7		Some people say that the group was frightened by a creature of the mountains, the legendary snowman, or Yeti, which was in the newspapers that winter.
840	1:30:31.0	1:30:34.2		The friends had made jokes about it in their little paper.
841	1:30:34.5	1:30:44.6		But there is no sign whatsoever of such a creature, no tracks and no remains, and the group's own diaries show that they were cheerful and at ease.
842	1:30:45.1	1:30:50.1		Others have suggested that the Mansi attacked the group to protect their sacred mountain.
843	1:30:50.4	1:31:01.7		But the Mansi were questioned at the time with great care, and the investigators found no evidence against them, and no footprints but those of the nine friends.
844	1:31:02.0	1:31:12.6		Today, the Mansi people themselves say that the story has been told about them unfairly, and that their ancestors would have welcomed travellers in need.
845	1:31:13.1	1:31:21.0		Before we turn to what researchers think today, it helps to remember what the friends left behind in their own words.
846	1:31:21.3	1:31:26.9		Their diaries and notes, written on the evenings of the journey, are cheerful.
847	1:31:27.2	1:31:37.5		They describe good food and tired legs, a funny remark at lunch, a song in the tent, the beauty of the pines in the sunlight.
848	1:31:37.8	1:31:43.2		There is no mention of any quarrel, no sign of illness or fear.
849	1:31:43.5	1:31:51.1		On the last pages, there is only the account of an ordinary day, and the plan for the next one.
850	1:31:51.4	1:31:60.0		Whatever happened on the slope, it came without warning, and it came to people who were in good spirits and good company.
851	1:32:00.5	1:32:01.8		So what are we left with?
852	1:32:02.1	1:32:22.9		Most of the researchers who have looked at the case in recent years lean toward a combination of ordinary forces, the cold, the wind, the slope, and a sudden slide of snow, which may have set off a chain of events in which a group of skilled friends made quick decisions in the dark and fought bravely against the cold.
853	1:32:23.2	1:32:25.4		This explanation is not complete.
854	1:32:25.7	1:32:31.8		It leaves small questions unanswered, and it will probably never satisfy everyone.
855	1:32:32.3	1:32:35.9		It is worth noticing what this explanation does not need.
856	1:32:36.2	1:32:46.8		It needs no monster, no plot, no terrible secret on that mountain, only the mountain itself, with its snow and its wind and its night.
857	1:32:47.1	1:32:52.8		And it shows us nine people at their best, helping one another to the end.
858	1:32:52.8	1:33:01.9	70-yudin-older-man-holding-photograph	Yuri Yudin, the friend who turned back at the Second Northern, goes home and lives the rest of his life with a heavy and tender memory.
859	1:33:02.2	1:33:05.4		He is twenty-one years old when the news reaches him.
860	1:33:05.7	1:33:12.1		He has already said goodbye to nine friends on a snowy morning, and he will never see them again.
861	1:33:12.4	1:33:15.6		For years afterward, he is asked about it.
862	1:33:15.9	1:33:23.3		He answers, patiently, in a quiet voice, and he never stops thinking about them.
863	1:33:23.8	1:33:34.0		He finishes his studies, finds work, and builds an ordinary, useful life, and he is known to his neighbours for his gentle manner.
864	1:33:34.3	1:33:38.7		He keeps the photographs, the letters, and the handwritten notes.
865	1:33:39.0	1:33:48.6		Over the years he goes back to the north more than once, and he speaks to journalists and to young hikers who want to hear the story from someone who was there.
866	1:33:49.1	1:33:56.2		He often says that the friends were not a group of careless students, as some newspapers would later suggest.
867	1:33:56.5	1:34:04.8		They were strong, serious, and kind to one another, and he is certain that they did everything they could.
868	1:34:05.1	1:34:13.4		He keeps their memory alive until his own death, in the year two thousand and thirteen, at the age of seventy-five.
869	1:34:13.7	1:34:15.4		He is the last of the ten.
870	1:34:15.4	1:34:20.8	71-cemetery-snow-memorial-stones-yekaterinburg	In the city, the families of the lost friends face their grief in their own ways.
871	1:34:21.1	1:34:24.6		Mothers and fathers keep their children's rooms as they were.
872	1:34:24.9	1:34:30.5		Brothers and sisters tell their own children the stories of the uncles and aunts who went to the mountains.
873	1:34:30.8	1:34:40.2		Old classmates meet, year after year, on the first of February, and light a candle, and drink a quiet glass of tea.
874	1:34:40.7	1:34:53.8		Most of the friends are buried in the Mikhailovskoe cemetery, in Sverdlovsk, which is today called Yekaterinburg, since the city took back its old name in the nineteen nineties.
875	1:34:54.1	1:35:04.1		Their graves lie close together, in a row among tall birches and pines, with dark stone markers and small photographs set into them.
876	1:35:04.4	1:35:10.8		Each photograph shows a smiling young face, someone who was loved and who is still remembered.
877	1:35:11.1	1:35:14.5		In winter, snow covers the stones.
878	1:35:14.8	1:35:17.1		In summer, there are flowers.
879	1:35:17.6	1:35:23.6		The institute that they studied at is now a large university, and it keeps their memory.
880	1:35:23.9	1:35:31.3		In a corridor near the lecture halls, there is a memorial, with photographs and a few small objects.
881	1:35:31.6	1:35:45.2		Every year, in the first days of February, students gather there to remember the group, and to talk about the lessons that the story holds about friendship, about courage and about caution.
882	1:35:45.2	1:35:50.4	72-memorial-plaque-at-the-pass	On the slope itself, far in the north, there is a memorial too.
883	1:35:50.7	1:35:58.9		Not long after the tragedy, friends and fellow hikers placed a small plaque on a rock near the place where the tent had stood.
884	1:35:59.2	1:36:02.2		Later, other memorials were added.
885	1:36:02.5	1:36:06.0		There is a stone in the forest near the old cedar.
886	1:36:06.3	1:36:10.6		There is a plaque with the nine names, and a few photographs.
887	1:36:10.9	1:36:21.8		There are flags and small tokens, a cup, a candle, a pair of gloves, a woollen hat left by someone who walked a very long way to be there.
888	1:36:22.3	1:36:33.9		The place has become known as the Dyatlov Pass, named after the leader of the group, even though the tent was not exactly on a pass at all, but on the slope of the mountain beside it.
889	1:36:34.2	1:36:42.5		Mountain tourists make the long trip to the area each year, usually in winter, by snowmobile and on skis.
890	1:36:42.8	1:36:50.1		They set up tents near the forest edge, and sometimes they stay for a night, and talk quietly around a fire.
891	1:36:50.6	1:36:52.3		They bring warm clothes.
892	1:36:52.6	1:36:53.7		They look at the weather.
893	1:36:54.0	1:36:59.4		They remember that the mountains, however gentle they look, deserve respect.
894	1:36:59.7	1:37:10.9		Many winter hikers say that the story of the Dyatlov group taught them a rule that they now follow almost without thinking: when the weather turns, go down to the trees.
895	1:37:10.9	1:37:23.8	73-foundation-museum-yekaterinburg-evening	After the political changes of the early nineteen nineties, when the files of the case were opened to the public, a foundation was created in Yekaterinburg to study the story and to keep its memory.
896	1:37:24.1	1:37:35.7		Retired investigators, relatives, former search party members and mountain tourists helped to gather documents, photographs and recollections.
897	1:37:36.0	1:37:37.9		A small museum was set up.
898	1:37:38.2	1:37:49.8		Books were written, and expeditions were made, and a great many people, in Russia and far beyond it, became fascinated by the mystery.
899	1:37:50.3	1:37:53.0		The case has been reopened more than once.
900	1:37:53.3	1:38:09.1		In the year two thousand and nineteen, Russian prosecutors announced that they would take another look, and a team travelled to the slope in the middle of winter, to measure it, to study the snow and to ask the old questions again.
901	1:38:09.4	1:38:15.3		In two thousand and twenty, their report suggested that an avalanche was the likely cause.
902	1:38:15.6	1:38:29.5		Scientists from other countries have studied the case, too, and have written papers, and given talks, and argued gently with one another about snow and wind and sound.
903	1:38:30.0	1:38:32.7		Songs have been written about the group, too.
904	1:38:33.0	1:38:44.0		Young people in Yekaterinburg still sing about the road north, about the tent on the white slope, and about the friends who did not come home.
905	1:38:44.3	1:39:00.4		Some of the songs are written by hikers who have walked the same route and slept in the same forest, and they are sung quietly by a campfire, with a guitar, in the old tradition of the tourist clubs that the nine friends loved so much.
906	1:39:00.9	1:39:03.7		Perhaps that is the most remarkable thing about it.
907	1:39:04.0	1:39:17.6		The story of nine young friends in a tent on a cold mountain has been told for nearly seventy years, and it is still being told, in many languages, to people who were not born when it happened.
908	1:39:17.9	1:39:23.3		It has been the subject of films, novels, songs, and documentaries.
909	1:39:23.6	1:39:32.7		And every one of them has had to admit the same plain thing, that we do not know everything, and that some things we may never know.
910	1:39:32.7	1:39:36.0	74-stars-over-kholat-syakhl-quiet	Yet it would be a pity to remember the group only by the mystery.
911	1:39:36.3	1:39:37.5		They were not a puzzle.
912	1:39:37.8	1:39:41.8		They were nine people with names and faces and plans.
913	1:39:42.3	1:39:48.3		Igor Dyatlov, the careful leader with the slide rule and the notebook of numbers.
914	1:39:48.6	1:39:54.4		Zina Kolmogorova, who wrote her diary every evening and sang in a clear voice.
915	1:39:54.7	1:39:59.0		Lyudmila Dubinina, the youngest, with her quick laughter.
916	1:39:59.3	1:40:04.7		Alexander Kolevatov, the quiet physicist with a camera.
917	1:40:05.0	1:40:09.7		Rustem Slobodin, the sturdy one, who was never tired.
918	1:40:10.0	1:40:16.1		Nikolai Thibeaux-Brignolles, whose warm voice ended many a long day.
919	1:40:16.4	1:40:26.6		Yuri Doroshenko and Yuri Krivonischenko, two of the three Yuris, one making people laugh, the other fixing anything that broke.
920	1:40:26.9	1:40:33.4		And Alexander Zolotaryov, the veteran, who came along to share what he knew.
921	1:40:33.9	1:40:37.4		They had spent the last days of their lives doing what they loved.
922	1:40:37.7	1:40:44.6		They travelled through a beautiful country, in company, in good spirits, on skis.
923	1:40:44.9	1:40:49.4		They wrote their diaries and sang their songs and made a joke newspaper.
924	1:40:49.7	1:40:54.3		They helped each other in the cold, and they shared what warmth they had.
925	1:40:54.6	1:41:02.6		We cannot say what happened in the dark, but we can say how they lived, and that is perhaps the part that matters.
926	1:41:02.6	1:41:07.1	75-nine-skis-in-snow-sunrise	It is a good thing to think about what the tourist movement of those years meant.
927	1:41:07.4	1:41:18.6		In the nineteen fifties, thousands of young Soviet people spent their holidays on skis and on foot, in the mountains and forests of their enormous country.
928	1:41:18.9	1:41:31.3		For many of them, it was the first taste of freedom, a chance to choose a route, to decide for themselves when to stop and when to go on, to rely on a friend and be relied upon.
929	1:41:31.6	1:41:38.4		Songs were written about it, and poems, and a whole culture grew up around the campfire.
930	1:41:38.7	1:41:41.4		The Dyatlov group belonged to that world.
931	1:41:41.7	1:41:51.9		It was the world of people who believed that a group of friends, with a good map, strong legs and a warm stove, could go almost anywhere.
932	1:41:52.4	1:41:59.0		And so we leave the mountain as it is now, on a winter night, far from any road.
933	1:41:59.3	1:42:02.4		The pines stand in the dark at the edge of the forest.
934	1:42:02.7	1:42:05.6		The wind moves lightly over the bare ridge.
935	1:42:05.9	1:42:24.4		Under a huge sky full of stars, the long white slope lies silent and undisturbed, and a small stone and a few ribbons mark the place where, in the winter of nineteen fifty-nine, a group of friends once put up their tent.
936	1:42:24.9	1:42:29.9		If you enjoyed this quiet story, you are welcome to subscribe.
937	1:42:30.2	1:42:33.1		It helps other sleepy listeners find their way here.
938	1:42:34.1	1:42:39.6		There should be another quiet story waiting on the screen now, if you are still awake.
939	1:42:40.6	1:42:43.4		Sleep well, and good night.
