#	start	end	image	text
1	0:00:04.1	0:00:05.6	intro-taiga-dawn-mist	Close your eyes if you'd like.
2	0:00:07.4	0:00:13.8		Tonight, we are going north and east, to a very big and very quiet place.
3	0:00:15.7	0:00:21.5		It is a place of tall trees, slow rivers, and long, pale summer evenings.
4	0:00:23.3	0:00:27.5		It is the great forest of Siberia, which people call the taiga.
5	0:00:29.6	0:00:34.7		We are going back more than a hundred years, to the summer of 1908.
6	0:00:36.4	0:00:44.6		And we are going to listen to the story of one calm summer morning in that forest, a morning that nobody who lived through it ever forgot.
7	0:00:47.1	0:00:48.9		It is a story about the sky.
8	0:00:50.3	0:00:54.8		It is a story about a sudden light, and a great and distant sound.
9	0:00:56.4	0:01:05.4		It is a story about a forest, and the people who live in it, and the scientists who came, years later, to ask what had happened.
10	0:01:08.0	0:01:11.4		But tonight, we are not here to be frightened.
11	0:01:13.0	0:01:19.2		We are here to walk slowly through the trees, to look up at the sky, and to listen.
12	0:01:21.5	0:01:23.4		You don't need to remember any of this.
13	0:01:24.8	0:01:28.8		You don't need to follow every name, or every date.
14	0:01:30.4	0:01:35.8		Just let the story drift past you, the way a slow river drifts through a quiet forest.
15	0:01:38.0	0:01:40.9		If you fall asleep before the end, that's alright.
16	0:01:42.4	0:01:45.5		The forest has kept this story for a very long time.
17	0:01:47.0	0:01:48.4		It can keep it a little longer.
18	0:01:50.3	0:01:52.0	siberia-forest-sea-of-green	Let us begin with the place itself.
19	0:01:53.8	0:01:55.5		Siberia is enormous.
20	0:01:56.9	0:02:03.5		It stretches across the top of Asia, from the Ural Mountains in the west all the way to the Pacific Ocean in the east.
21	0:02:05.4	0:02:11.1		It is so large that you could set the whole of Europe down inside it, and still have room to spare.
22	0:02:13.3	0:02:15.6		Most of Siberia is covered by forest.
23	0:02:17.1	0:02:22.6		It is the largest forest on our planet, a green belt that runs for thousands of kilometres.
24	0:02:24.3	0:02:32.7		Seen from far above, it looks like a deep, dark, soft carpet that goes on and on, with no end in sight.
25	0:02:35.3	0:02:37.7		The people who live there have a simple word for it.
26	0:02:39.1	0:02:40.5		They call it the taiga.
27	0:02:42.3	0:02:45.7		The taiga is made mostly of trees that like the cold.
28	0:02:47.3	0:02:57.0		There are larches, which are strange and lovely, because they are cones that shed their needles every autumn, and turn a soft golden colour before they do.
29	0:02:59.2	0:03:06.1		There are tall spruces, and firs, and pines, with long needles that smell sweet and sharp in the sun.
30	0:03:07.9	0:03:19.8		And along the rivers, and in the places where the light can reach the ground, there are birches, with their pale papery bark, and their small leaves that tremble in even the faintest breeze.
31	0:03:22.7	0:03:27.2		Walk into the taiga in summer, and the first thing you notice is the quiet.
32	0:03:28.9	0:03:31.9		It is not a silence, exactly.
33	0:03:33.4	0:03:40.8		There is the hum of insects, and the whisper of wind high in the needles, and now and then the call of a bird.
34	0:03:42.7	0:03:48.7		But it is a wide and gentle sound, the sound of a very big place that is not in any hurry.
35	0:03:51.0	0:03:53.0		The ground is soft under your feet.
36	0:03:54.4	0:04:02.1		It is covered in moss, and in low green plants, and in cranberries and bilberries that ripen in the late summer.
37	0:04:04.1	0:04:10.1		In some places the moss is so deep and so springy that every step feels like walking on a mattress.
38	0:04:12.4	0:04:17.5		And under the moss, not very far down, the earth is frozen.
39	0:04:19.2	0:04:26.4		In much of Siberia the ground stays frozen all year round, summer and winter, for hundreds of metres deep.
40	0:04:28.3	0:04:30.3		People call this permafrost.
41	0:04:31.7	0:04:39.0		It is like a great cold sleeper, lying under the forest, keeping the water in the soil from sinking away.
42	0:04:41.5	0:04:50.3		That is why, in the summer, so much of the taiga is dotted with small lakes, and wet places, and bogs.
43	0:04:52.3	0:05:00.4		The warm sun thaws the top of the ground a little, but the water has nowhere to go, because the frozen earth lies just below.
44	0:05:02.4	0:05:09.5		So it gathers in the hollows, and shines there in the light, like pieces of the sky that have fallen among the trees.
45	0:05:12.0	0:05:16.6	river-bend-evening-light	Through this forest, long ago, the rivers carved their roads.
46	0:05:18.7	0:05:23.4		The great rivers of central Siberia flow north, towards the Arctic Ocean.
47	0:05:25.1	0:05:29.6		Among them is the Yenisei, one of the longest and widest rivers in the world.
48	0:05:31.2	0:05:43.8		It begins in the mountains near Mongolia, and flows for thousands of kilometres, past towns and villages and wide empty shores, until at last it reaches the icy northern sea.
49	0:05:46.8	0:05:48.6		The Yenisei has many helpers.
50	0:05:50.0	0:05:54.7		There are smaller rivers that bring their waters to it from the east and from the west.
51	0:05:56.3	0:06:02.1		One of the helpers, coming in from the east, is a long and winding river called the Tunguska.
52	0:06:04.4	0:06:06.8		In fact there are three Tunguskas.
53	0:06:08.3	0:06:16.5		There is the Lower Tunguska, the Upper Tunguska, and the one that matters for our story, the Stony Tunguska.
54	0:06:18.5	0:06:23.2		In Russian, it is called the Podkamennaya Tunguska.
55	0:06:24.9	0:06:29.5		The name means something like, the Tunguska that flows beneath the rocks.
56	0:06:31.6	0:06:35.6		The Stony Tunguska is a quiet river with many bends.
57	0:06:37.2	0:06:45.5		It runs through low hills and thick forest, over shallow places and deep pools, past rocks and gravel banks.
58	0:06:47.5	0:06:58.5		In the summer, its water is clear and cool, and in the long evenings it turns the colours of the sky, pink, and gold, and pale blue.
59	0:07:01.3	0:07:10.1		In the winter, it freezes so thickly that people can travel along it on sledges, as if it were a white road laid through the trees.
60	0:07:12.7	0:07:18.9		Along the Stony Tunguska, and in the forest around it, there are very few towns.
61	0:07:20.7	0:07:26.0		There are small settlements, and trading places, and camps.
62	0:07:27.8	0:07:35.0		Many of the people who live here have lived here for a very long time, because their families have lived here for hundreds of years.
63	0:07:37.4	0:07:47.6		And it is in this region, far from any city, far from any railway station, in the deep green quiet of central Siberia, that our story takes place.
64	0:07:50.3	0:07:56.7	evenki-camp-chum-evening	Before we go to the summer of 1908, let us spend a little while with the people who lived in this forest.
65	0:07:59.1	0:08:00.7		They are called the Evenki.
66	0:08:02.0	0:08:09.4		In the past, outsiders sometimes called them Tungus, which is the word that gave the river and the region its name.
67	0:08:11.4	0:08:16.1		But they call themselves Evenki, and that is the name we will use tonight.
68	0:08:18.2	0:08:21.4		The Evenki are among the oldest peoples of Siberia.
69	0:08:22.9	0:08:30.7		Their homeland stretches across a huge part of the taiga, from the Yenisei River in the west to the Pacific coast in the east.
70	0:08:32.7	0:08:41.3		For many centuries, their families have followed the seasons through the forest, travelling lightly, and living gently on the land.
71	0:08:43.9	0:08:46.1		Their lives were built around reindeer.
72	0:08:48.0	0:08:53.7		The reindeer of the Evenki are not wild, but they are not quite tame, either.
73	0:08:55.5	0:09:03.9		They are gentle, quiet animals, with soft grey and brown coats, and wide, branching antlers.
74	0:09:05.9	0:09:13.7		They are used to people, and they follow them through the forest, but they also love to wander, and to find their own food.
75	0:09:16.2	0:09:19.0		An Evenki family might keep a small herd.
76	0:09:20.5	0:09:23.6		The reindeer carried bags and bundles on their backs.
77	0:09:25.1	0:09:28.2		They gave milk, and skins, and warmth.
78	0:09:29.7	0:09:38.9		In the old days, a person could even ride a reindeer, sitting well back on its shoulders, with a light saddle, and a stick to keep balance.
79	0:09:41.0	0:09:51.8		This is quite different from riding a horse, and it takes a little practice, but the reindeer are calm and patient, and they can walk through places where a horse would sink in the bog.
80	0:09:54.6	0:09:59.8		Because the reindeer must always find fresh food, the families moved often.
81	0:10:01.5	0:10:09.8		In the summer, they went to the higher ground and the open places near the rivers, where the breeze kept away some of the biting insects.
82	0:10:11.8	0:10:18.0		In the winter, they moved to sheltered places in the forest, where there was food under the snow.
83	0:10:20.4	0:10:22.0		Their homes moved with them.
84	0:10:23.3	0:10:31.1		The traditional home of the Evenki is a tent, shaped like a cone, and made of long thin poles leaned together at the top.
85	0:10:33.1	0:10:43.0		In the summer, these poles were covered with sheets of birch bark, sewn together with thread, and laid over the frame, like the scales of a fish.
86	0:10:45.2	0:10:49.8		In the winter, they used animal skins, which kept the warmth in.
87	0:10:51.5	0:10:53.1		The tent is called a chum.
88	0:10:54.9	0:11:02.0		Inside a chum, there is a fire in the middle, and a small opening at the top to let the smoke out.
89	0:11:03.9	0:11:11.9		Around the fire, the family sleeps on soft furs, and keeps its cups, and its pots, and its sewing.
90	0:11:13.9	0:11:21.8		At night, when the fire burns low, the tent glows faintly orange, like a lantern in the dark forest.
91	0:11:24.3	0:11:27.0	evenki-hunter-forest-river	The Evenki were also hunters and fishermen.
92	0:11:29.0	0:11:40.4		In the autumn, the men went out to hunt for elk and for wild reindeer, and for the small furry animals whose fur is so warm that it has been valued all over the world.
93	0:11:42.7	0:11:51.1		One of these is the sable, a small, quick, dark-brown animal that lives in the forest and moves between the trees like a shadow.
94	0:11:53.2	0:12:01.4		In those years, sable fur was very precious, and was traded far to the west, to the cities of Russia and beyond.
95	0:12:03.9	0:12:07.0		In the rivers and lakes, they caught fish.
96	0:12:08.5	0:12:15.6		In the summer, there were berries to pick, and mushrooms, and the young green shoots of plants.
97	0:12:17.5	0:12:25.0		Every part of the forest gave something, and the families took only what they needed, because they knew they would come back the next year.
98	0:12:27.5	0:12:29.4		They knew the forest very well.
99	0:12:30.7	0:12:33.5		They knew every river and every ridge by name.
100	0:12:35.0	0:12:44.0		They knew which hill had good grass for the reindeer, and which marsh was safe to cross, and where the bears liked to feed on berries in the late summer.
101	0:12:46.1	0:12:53.7		Children learned these things from their parents and grandparents, not from books, but from walking beside them through the woods.
102	0:12:56.2	0:12:57.4		And they knew the sky.
103	0:12:58.7	0:13:02.9		In a place with no city lights, the night sky is very bright.
104	0:13:04.5	0:13:13.1		On a clear winter night, the stars seem to be close enough to touch, and sometimes the northern lights dance in slow green curtains.
105	0:13:15.2	0:13:21.5		The Evenki had stories about the stars, and about the moon, and about the long journey of the sun.
106	0:13:23.8	0:13:29.4	evenki-storyteller-by-fire	Like many peoples of the north, the Evenki had a rich tradition of stories and of belief.
107	0:13:31.7	0:13:34.2		They believed that the world was full of spirits.
108	0:13:35.6	0:13:40.5		There were spirits of the rivers, and of the mountains, and of the animals.
109	0:13:42.2	0:13:47.0		There were spirits of the sky, too, and of the thunder and the lightning.
110	0:13:49.2	0:13:53.9		The Evenki respected these spirits, and tried to live in harmony with them.
111	0:13:55.6	0:13:59.4		When a hunter took an animal, he thanked the forest.
112	0:14:00.9	0:14:08.1		When a family moved camp, they left things in good order, so that the place would be welcoming if they returned.
113	0:14:10.6	0:14:13.1		Some people among the Evenki were shamans.
114	0:14:14.5	0:14:18.6		A shaman was a kind of guide between the world of people and the world of spirits.
115	0:14:20.2	0:14:29.9		The shaman would sing, and play a drum, and in this way would help the community with sickness, and trouble, and hard decisions.
116	0:14:32.1	0:14:38.4		The drum was important, and its sound, slow and deep and steady, was like a heartbeat.
117	0:14:40.7	0:14:47.7		The Evenki also told stories of a powerful being who lived in the sky, and who was linked with thunder, and with fire.
118	0:14:49.6	0:14:55.1		The name of this being was Agdy, and sometimes the name Ogdy is used.
119	0:14:56.9	0:15:07.4		We should be careful here, because the different Evenki groups had different versions of their stories, and the stories were passed along by mouth, and changed a little each time they were told.
120	0:15:09.6	0:15:18.3		But in many of the stories, the great spirit of the sky was shown as powerful, and a little frightening, and not to be disturbed.
121	0:15:20.9	0:15:22.4		We will come back to this later.
122	0:15:23.7	0:15:41.4		For now, simply picture a family at the edge of the forest, in the long, pale light of a Siberian summer evening, with the reindeer resting nearby, a thin line of smoke rising from the chum, and the first stars beginning to show in the pale blue sky.
123	0:15:44.6	0:15:47.9	reindeer-herd-misty-clearing	Summer in the taiga has one more thing that we must not forget.
124	0:15:49.5	0:15:51.4		It has a great many insects.
125	0:15:53.3	0:16:00.1		In June and July, the warm, damp air fills with mosquitoes and midges and biting flies.
126	0:16:01.9	0:16:06.8		They rise out of the wet ground in clouds, and they are impossible to ignore.
127	0:16:08.5	0:16:13.6		People wear nets over their heads, and keep smoky fires burning to drive them off.
128	0:16:15.3	0:16:25.0		Even the reindeer are troubled by them, and in the worst weeks, they gather around the smoke, and stand close to the fires, flicking their ears.
129	0:16:27.7	0:16:35.3		For this reason, the families often moved to windy places, along the rivers and on the open ridges.
130	0:16:37.3	0:16:43.2		There, the breeze carried the insects away, and the reindeer could graze in peace.
131	0:16:45.5	0:16:56.4		So when we picture the Evenki in the summer of 1908, we should picture them scattered widely over the land, in small camps, each one a little home in the green.
132	0:16:58.7	0:17:00.9		Each family a long way from the next.
133	0:17:02.3	0:17:10.8		Each living quietly, beside the river, with their reindeer, their smoke, and their simple daily work.
134	0:17:13.3	0:17:19.8		It was an old way of life, and a good one, and it had gone on for a very long time.
135	0:17:21.7	0:17:30.4		And on the morning of the thirtieth of June, in the year 1908, it was going on, just as it always had.
136	0:17:32.4	0:17:34.0		But we are not quite there yet.
137	0:17:35.4	0:17:38.0		First, let us look at the wider world.
138	0:17:40.0	0:17:44.9	trans-siberian-train-station-1908	In the year 1908, Russia was a vast empire.
139	0:17:47.1	0:17:56.6		It stretched from the Baltic Sea in the west to the Pacific Ocean in the east, across eleven time zones, and it was ruled by an emperor, called the Tsar.
140	0:17:58.7	0:18:00.5		His name was Nicholas the Second.
141	0:18:01.9	0:18:12.6		He lived in a palace near the capital, Saint Petersburg, a city of canals and bridges and pale pastel-coloured buildings, a very long way from the Siberian forest.
142	0:18:15.4	0:18:21.6		For a long time, getting from Saint Petersburg to the far east of the empire had been very difficult.
143	0:18:23.4	0:18:30.4		Travellers had to go by horse and cart, or by boat along the rivers, or by sledge in the winter.
144	0:18:32.3	0:18:41.6		A journey across Siberia could take many months, and in the spring and the autumn, when the roads turned to mud, it could take longer still.
145	0:18:44.2	0:18:45.8		But a great change had come.
146	0:18:47.2	0:18:52.9		In the 1890s, the Russian government began to build a railway across the whole of Siberia.
147	0:18:54.6	0:19:00.9		It was called the Trans-Siberian Railway, and it became one of the great building projects of its age.
148	0:19:03.3	0:19:07.8		Thousands of workers laid track through forest and marsh and over wide rivers.
149	0:19:09.4	0:19:16.1		They built bridges, and stations, and water towers, and little wooden towns along the way.
150	0:19:18.0	0:19:27.1		By around 1904, the line was open, and you could travel by train all the way from the west of Russia to the shores of the Pacific.
151	0:19:29.7	0:19:33.8		For the first time, Siberia felt a little closer.
152	0:19:35.4	0:19:38.2		The trains brought goods and letters and newspapers.
153	0:19:39.7	0:19:41.0		They also brought people.
154	0:19:42.8	0:19:49.0	siberian-village-wooden-houses-street	In the years after the railway opened, many thousands of families moved to Siberia from the west.
155	0:19:50.8	0:19:54.6		They were farmers, mostly, looking for land.
156	0:19:56.2	0:20:03.9		The government encouraged them, and offered them help, because there was so much empty space and so much fertile soil.
157	0:20:06.4	0:20:13.8		They built small villages of wooden houses, with carved window frames, and fences, and vegetable gardens.
158	0:20:15.7	0:20:18.2		They grew wheat and rye and potatoes.
159	0:20:19.7	0:20:21.8		They kept cows and chickens and horses.
160	0:20:23.2	0:20:35.1		In the evenings, they sat on their porches and watched the long sunsets, and in the winters, they sat close to their great brick stoves, and told stories, and mended tools.
161	0:20:38.0	0:20:43.5		One of the railway's stops was a town called Krasnoyarsk, on the Yenisei River.
162	0:20:45.2	0:20:49.7		It was a busy trading town, with merchants and sailors and craftsmen.
163	0:20:51.4	0:21:02.6		Not far to the east was another railway place called Kansk, and further along the line was Taishet, and then the big town of Irkutsk, near the shining blue waters of Lake Baikal.
164	0:21:05.4	0:21:09.1		From the railway, there were no more rails going north.
165	0:21:10.7	0:21:24.7		If you wanted to go into the deep forest, to the country of the Stony Tunguska, you had to leave the train, and take a rough track, or a river, and go on slowly by horse, or by boat, or on foot.
166	0:21:27.8	0:21:30.4		It was a journey of several hundred kilometres.
167	0:21:31.8	0:21:36.0		And at the end of it, you would find a very small place indeed.
168	0:21:38.1	0:21:40.5	vanavara-trading-post-river-summer	This small place was called Vanavara.
169	0:21:42.5	0:21:45.4		It stood on a hill above the Stony Tunguska River.
170	0:21:46.9	0:21:57.8		In 1908, it was a trading post, a modest little settlement with a handful of wooden houses, built by farmers and traders who had made the long journey from the south.
171	0:22:00.1	0:22:07.1		Its position was a good one, because the river was a natural road for the Evenki, and the traders came to meet them there.
172	0:22:09.5	0:22:17.4		Here, in the warm months, the Evenki families brought their furs, and their meat, and the things they had made.
173	0:22:19.4	0:22:31.0		And the traders offered tea, and flour, and salt, and iron pots, and knives, and cloth, and needles.
174	0:22:33.3	0:22:43.2		It was a place of quiet bargaining, with polite words and long pauses, and cups of hot tea, and sometimes a good deal of laughing.
175	0:22:45.9	0:22:53.2		The people of Vanavara were farmers, and traders, and a few families who had come to start a new life.
176	0:22:55.1	0:23:01.1		They had small fields, with barley and potatoes, and sheds for horses and cattle.
177	0:23:02.9	0:23:06.7		They cut hay in the summer, and put up wood for the winter.
178	0:23:08.3	0:23:13.4		They knew their neighbours, and they knew the forest edge, and they knew the river.
179	0:23:15.6	0:23:18.1	vanavara-spring-ice-breaking-river	Many of them lived by the rhythm of the seasons.
180	0:23:19.6	0:23:28.8		In the spring, the ice broke up on the river, with a crack, and a rumble, and floated away downstream in great white plates.
181	0:23:30.9	0:23:34.2		In the summer, the days grew very long.
182	0:23:35.7	0:23:39.8		At that northern latitude, it never got properly dark in June.
183	0:23:41.4	0:23:55.7		The sun dipped below the horizon late at night, and then rose again after only a few hours, and in between, the sky glowed softly, pink and green and silver, in what people sometimes call the white nights.
184	0:23:58.9	0:24:03.5	farmer-porch-morning-tea	Imagine a farmer in Vanavara, getting up early on a summer morning.
185	0:24:05.6	0:24:07.6		He wakes before the sun is high.
186	0:24:09.0	0:24:12.1		He puts on his boots, and a rough cotton shirt.
187	0:24:13.6	0:24:21.1		He walks out to the yard, where the grass is wet with dew, and the air smells of smoke from the stove and of damp earth.
188	0:24:23.6	0:24:25.3		A rooster is calling somewhere.
189	0:24:26.7	0:24:32.9		A horse is shifting in the stable, and the hens are walking about, pecking at the ground.
190	0:24:34.7	0:24:40.9		The sky is already pale and bright, and there are only a few high clouds, drifting slowly.
191	0:24:43.2	0:24:44.3		He has work to do.
192	0:24:45.6	0:24:53.1		There is a harrow to mend, there is hay to cut, and there are a few things to buy at the trading post.
193	0:24:55.1	0:25:01.4		He thinks about the day ahead, in the ordinary way that anyone does, on any ordinary morning.
194	0:25:03.7	0:25:10.2		He has no idea that this day is going to be remembered, in books, for more than a century.
195	0:25:12.0	0:25:20.3		He is simply a man, standing on his porch, in the warm morning air, with the whole of the Siberian summer in front of him.
196	0:25:22.9	0:25:24.5		We will meet this man again.
197	0:25:25.8	0:25:32.3		But first, we should look further out, at the world around him, and at the year in which he lived.
198	0:25:34.7	0:25:38.5	edwardian-street-london-1908-morning	The year 1908 was a hopeful time in many parts of the world.
199	0:25:40.6	0:25:48.1		In Britain, the king was Edward the Seventh, and the years of his reign are often called the Edwardian age.
200	0:25:50.0	0:26:00.8		It was a time of long skirts and tall hats, of horse-drawn omnibuses and the first motor cars, of garden parties and brass bands and afternoon tea.
201	0:26:03.1	0:26:13.3		In the big cities, gas lamps were being replaced by electric lights, and the streets were full of people walking to work, and newsboys calling out the headlines.
202	0:26:16.0	0:26:18.8		The newspapers mattered a great deal in those days.
203	0:26:20.3	0:26:24.7		There was no radio yet, and no television, and of course no internet.
204	0:26:26.3	0:26:32.5		If you wanted to know what was happening in the world, you read the paper, or you waited for a letter.
205	0:26:34.8	0:26:38.7		But news could now travel quickly, because of the telegraph.
206	0:26:40.3	0:26:48.4		Long cables ran under the oceans, and along railway lines, carrying short messages in a code of dots and dashes.
207	0:26:50.4	0:26:54.1		A report from one side of the world could reach the other in a few hours.
208	0:26:55.7	0:26:58.9		It felt like a miracle, and people were proud of it.
209	0:27:00.9	0:27:02.6		Science was moving fast.
210	0:27:04.0	0:27:12.1		In the year 1908, people were discussing electricity, and X-rays, and the strange new idea of radioactivity.
211	0:27:14.1	0:27:16.6		They were wondering about the structure of the atom.
212	0:27:18.1	0:27:24.8		They were looking through bigger and better telescopes, and arguing about whether there might be canals on Mars.
213	0:27:27.1	0:27:30.5	early-aeroplane-field-france-summer	In that same summer, people were learning to fly.
214	0:27:32.6	0:27:46.2		Only five years earlier, in 1903, two brothers from America, Wilbur and Orville Wright, had made the first flights in a motorised aeroplane, at a place called Kitty Hawk, on a windy beach.
215	0:27:48.7	0:27:57.4		In 1908, Wilbur Wright travelled to France and gave public flying demonstrations, over a field near the town of Le Mans.
216	0:27:59.5	0:28:02.9		Crowds came to watch, and they were amazed.
217	0:28:04.4	0:28:10.4		Here was a machine that rose from the ground, turned in the air, and landed gently where it began.
218	0:28:12.7	0:28:17.2		In July of that same year, London was hosting the Olympic Games.
219	0:28:18.9	0:28:23.9		It was a grand event, with a new stadium, and thousands of spectators.
220	0:28:25.6	0:28:40.6		The marathon race that year was run from Windsor Castle to the stadium, and the distance, twenty-six miles and three hundred and eighty-five yards, was later chosen as the standard length for every marathon, as it still is today.
221	0:28:43.8	0:28:53.6		In the autumn, in the city of Detroit, a company led by Henry Ford began to produce a simple, sturdy car called the Model T.
222	0:28:55.8	0:28:59.5		It would change how ordinary people lived, in the years to come.
223	0:29:01.5	0:29:06.6		And all over the world, people were doing quiet, everyday things.
224	0:29:08.4	0:29:09.8		They were planting gardens.
225	0:29:11.1	0:29:12.2		They were going to school.
226	0:29:13.5	0:29:17.9		They were writing letters, and sewing, and cooking, and building.
227	0:29:19.5	0:29:23.9		It was a busy world, and it was, mostly, a hopeful one.
228	0:29:26.1	0:29:30.6	observatory-dome-night-stars-1908	In the world of astronomy, 1908 was a year of great interest.
229	0:29:32.7	0:29:41.4		Astronomers had been studying the sky for thousands of years, but in the early twentieth century, they were beginning to understand it in a new way.
230	0:29:43.5	0:29:48.5		They had photographic plates, which could capture faint light over long hours.
231	0:29:50.2	0:29:57.5		They had spectroscopes, which could split light into its colours, and so reveal what distant stars are made of.
232	0:29:59.4	0:30:05.5		They had large telescopes, built on quiet mountaintops, far from the city smoke.
233	0:30:07.8	0:30:10.7		They also knew that space was not entirely empty.
234	0:30:12.2	0:30:17.9		They knew about comets, the long-tailed visitors that appear from the dark and swing around the sun.
235	0:30:19.7	0:30:25.1		They knew about shooting stars, the brief streaks of light that cross the sky on summer nights.
236	0:30:26.8	0:30:34.2		And they knew that, now and then, a piece of rock or metal from space survives the fall, and lands on the ground.
237	0:30:36.2	0:30:38.4		These pieces are called meteorites.
238	0:30:40.3	0:30:42.4		Collectors and museums prized them.
239	0:30:43.8	0:30:56.9		But in 1908, most people believed that meteorites were small things, which came down one at a time, now and then, in odd places, and were mostly of interest to scientists.
240	0:30:59.4	0:31:02.0		Nobody was seriously worried about the sky falling.
241	0:31:04.0	0:31:07.7		There was one celestial event that everyone was looking forward to.
242	0:31:09.3	0:31:15.4		Halley's Comet, the most famous comet of all, was expected to return in 1910.
243	0:31:17.2	0:31:20.7		When it came, the Earth would even pass through its tail.
244	0:31:22.2	0:31:33.9		Newspapers wrote excited articles about it, and some enterprising people sold pills and umbrellas to protect against the comet's gases, which, of course, were harmless.
245	0:31:36.8	0:31:44.0	european-garden-summer-evening-1908	So, in the summer of 1908, the world was looking at the sky in a calm and curious way.
246	0:31:46.4	0:31:51.4		It was a time of long evenings, and open windows, and gardens in bloom.
247	0:31:53.1	0:32:01.0		A time of long train journeys, and brass bands in the park, and newspapers read slowly, with a cup of tea.
248	0:32:03.0	0:32:09.1		A time when most people, in most places, expected the next day to be a great deal like the last.
249	0:32:11.4	0:32:17.8		And far away in Siberia, as the middle of the year approached, the days grew longer and longer.
250	0:32:19.6	0:32:28.3		By the end of June, the sun stayed up for about nineteen hours at that latitude, and the nights were no more than a short blue twilight.
251	0:32:30.4	0:32:34.1		In the forest, the larches were in fresh green needle.
252	0:32:35.7	0:32:38.3		The rivers were running full from the melted snow.
253	0:32:39.7	0:32:42.0		The insects were rising in clouds.
254	0:32:44.0	0:32:49.3		And high above, the Earth was travelling along its yearly path around the sun.
255	0:32:51.0	0:33:06.0		Each year, at about this time, in the early summer, it passes through a stream of tiny particles left by an old comet, and for a few days, people see more shooting stars than usual.
256	0:33:08.7	0:33:16.3		These are known as the Beta Taurids, though they are only visible by day, so people at the time would not have noticed them.
257	0:33:18.8	0:33:27.0		We should say, gently, that nobody knows for certain whether the object that came in on the thirtieth of June belonged to this stream.
258	0:33:29.0	0:33:31.4		Some scientists have suggested it might have.
259	0:33:32.8	0:33:34.1		Others are not so sure.
260	0:33:35.5	0:33:41.2		For now, let us leave that question open, as we leave so many questions open tonight.
261	0:33:42.9	0:33:54.6		Let us simply picture the Earth, rolling quietly through space, with its green forests and its blue seas, on the last day of June, nineteen hundred and eight.
262	0:33:57.5	0:34:02.8	night-sky-meteor-over-field	Let us look up at the sky for a little while, and think about where the thing came from.
263	0:34:05.0	0:34:07.6		Our solar system is not as empty as it looks.
264	0:34:09.1	0:34:23.1		Out beyond the sun and its planets, beyond even the farthest of them, there are countless small bodies, made of rock, and metal, and ice, all travelling quietly in their own long orbits.
265	0:34:25.7	0:34:32.7		Most of them have been circling in the dark for more than four and a half billion years, since the planets themselves were formed.
266	0:34:35.1	0:34:41.0		Between Mars and Jupiter, there is a wide belt of rocky pieces, called the asteroid belt.
267	0:34:42.8	0:34:45.7		Some of them are tiny, like pebbles.
268	0:34:47.2	0:34:50.7		A few are vast, hundreds of kilometres across.
269	0:34:52.2	0:34:54.9		Most travel peacefully in the belt for ages.
270	0:34:56.9	0:35:06.1		But now and then, a gentle tug from a planet, or a small nudge from a collision between two rocks, sends one of them on a new path.
271	0:35:08.2	0:35:15.5		Over millions of years, some of these wanderers drift inward, towards the sun, and cross the path of the Earth.
272	0:35:17.9	0:35:19.5		Comets live farther out.
273	0:35:20.9	0:35:30.2		They are made of ice and dust, like great dirty snowballs, and they spend most of their lives in the deep cold, a long way from the sun.
274	0:35:32.3	0:35:41.0		When one of them swings in close, the sunlight warms it, and its ice turns to gas, and streams out behind it in a shining tail.
275	0:35:43.1	0:35:46.3		That is the beautiful sight that people have always loved to watch.
276	0:35:48.3	0:35:52.2		The Earth, meanwhile, moves on its own track.
277	0:35:53.8	0:35:57.7		It travels around the sun at about thirty kilometres every second.
278	0:35:59.3	0:36:07.7		That is so fast that it is hard to imagine, and yet we never feel it, because everything around us is moving at the same speed.
279	0:36:10.2	0:36:15.3		So when a small rock from space meets our planet, it meets it at great speed.
280	0:36:17.0	0:36:23.6		Not at the speed of a car, or even of a jet plane, but at tens of thousands of kilometres an hour.
281	0:36:25.5	0:36:27.9		It is this speed that makes the difference.
282	0:36:29.8	0:36:38.7	meteor-streak-over-mountains-dawn	When a meteoroid, which is the name for such a piece of rock or metal in space, enters the Earth's atmosphere, something remarkable happens.
283	0:36:41.3	0:36:44.5		The air in front of it cannot get out of the way quickly enough.
284	0:36:46.1	0:36:52.2		It is squeezed, and squeezed, and as it is squeezed it grows extremely hot.
285	0:36:54.0	0:36:58.5		The rock does not burn, exactly, in the way that wood burns.
286	0:37:00.1	0:37:11.0		Instead, the air in front of it becomes a glowing cushion of heat, and this heat strips the surface of the rock away, layer by layer, in a shower of sparks.
287	0:37:13.8	0:37:19.5		That is what we see as a shooting star, a thin streak of light across a night sky.
288	0:37:21.3	0:37:30.6		Most shooting stars are caused by tiny grains, no bigger than a grain of sand, which burn away completely, high above our heads, in less than a second.
289	0:37:33.2	0:37:35.2		Larger pieces make brighter streaks.
290	0:37:36.6	0:37:44.3		A piece the size of a fist can make a brilliant flash, called a fireball, which may light up the whole landscape for a moment.
291	0:37:46.3	0:37:57.5		A piece the size of a car can make a fireball bright enough to be seen from hundreds of kilometres away, and it can end with a rumble that rolls across the countryside, like far-off thunder.
292	0:38:00.3	0:38:02.2		Sometimes the object breaks apart.
293	0:38:03.6	0:38:13.6		The great pressure of the air builds up on one side, and the stone, which may be full of tiny cracks, splits, and the pieces spread out.
294	0:38:15.8	0:38:18.7		Then the heat and pressure grow even more suddenly.
295	0:38:20.2	0:38:24.7		The whole thing can end in an enormous burst of energy, high in the sky.
296	0:38:26.3	0:38:28.1		This is called an airburst.
297	0:38:30.0	0:38:35.2		Meteorites, the pieces that reach the ground, are what is left over.
298	0:38:36.9	0:38:38.0		Often they are small.
299	0:38:39.3	0:38:47.2		Sometimes, though, a large body will survive much of the way down, and make a crater where it lands.
300	0:38:49.2	0:38:58.5		There is a famous one in the desert of Arizona, a bowl in the ground more than a kilometre wide, made about fifty thousand years ago.
301	0:39:01.2	0:39:02.8		An airburst is different.
302	0:39:04.1	0:39:08.2		In an airburst, the object does not need to land at all.
303	0:39:09.8	0:39:11.4		It does its work in the air.
304	0:39:13.3	0:39:18.3	comet-bright-tail-over-forest-night	For many years, people had very little idea how often such things happened.
305	0:39:20.5	0:39:25.5		Throughout history, ordinary people have occasionally seen great lights in the sky.
306	0:39:27.2	0:39:35.0		There are records, in many cultures, of fireballs, and loud bangs, and showers of stones.
307	0:39:37.0	0:39:39.0		Some of these records are very old.
308	0:39:40.4	0:39:53.1		In one case, a stone that fell in a field near the town of Ensisheim, in what is now eastern France, in the year 1492, was carried to a church and kept there for centuries.
309	0:39:56.0	0:40:02.2		But before the twentieth century, scientists were not sure that stones really fell from the sky at all.
310	0:40:04.1	0:40:08.6		It was only in the early 1800s that this idea became fully accepted.
311	0:40:10.2	0:40:16.5		Before that, many learned people thought that stories of falling stones were simply country legends.
312	0:40:18.8	0:40:23.4		By 1908, the idea of meteorites was well understood.
313	0:40:25.1	0:40:32.1		But nobody knew how large an object could be, or what would happen if a big one came in over a populated area.
314	0:40:34.0	0:40:35.7		Nobody had ever recorded it.
315	0:40:37.1	0:40:42.7		It was a possibility that scientists could imagine, but that nobody had seen.
316	0:40:44.9	0:40:49.2		That was about to change, in a place that no scientist had thought to watch.
317	0:40:51.4	0:40:53.9		There is something rather lovely about this.
318	0:40:55.3	0:40:58.8		The sky is very big, and the Earth is mostly empty.
319	0:41:00.4	0:41:05.7		Most of its surface is ocean, and much of the rest is forest or desert or ice.
320	0:41:07.4	0:41:12.2		If something were to arrive from space, it would most likely fall where nobody would see it.
321	0:41:14.4	0:41:19.3		And on the morning of the thirtieth of June, that is more or less what happened.
322	0:41:21.0	0:41:30.6		The object came in over a thinly settled, forested region of central Siberia, where only a few hundred people lived within a day's journey.
323	0:41:32.7	0:41:42.6		Had it arrived a few hours earlier or later, the Earth would have turned, and the same object might have crossed over the sea, or a different land.
324	0:41:44.8	0:41:52.5		But the world was in just this position, at just this hour, and so the story belongs to the taiga.
325	0:41:55.0	0:41:57.2	wide-taiga-sunrise-clear-sky	So here is how that morning began.
326	0:41:59.1	0:42:01.0		It was the thirtieth of June.
327	0:42:02.4	0:42:09.6		According to the old calendar, which Russia still used at that time, the date was the seventeenth of June.
328	0:42:11.5	0:42:17.5		That is a small detail, but it explains why you will sometimes read two different dates in old accounts.
329	0:42:19.8	0:42:24.0		In the central Siberian forest, the sun had risen early.
330	0:42:25.6	0:42:28.8		It was a fine, still, clear morning.
331	0:42:30.3	0:42:36.3		The sky, over the Stony Tunguska river, was a pale and cloudless blue.
332	0:42:38.6	0:42:40.2		The air was already warm.
333	0:42:41.6	0:42:47.6		There was a light haze over the river, rising slowly, as the sun heated the water.
334	0:42:49.4	0:42:58.3		The reindeer were up, and some of the Evenki families were already moving about their camps, tending fires, and checking their animals.
335	0:43:00.4	0:43:04.5		In Vanavara, the farmers and traders were beginning the day.
336	0:43:06.6	0:43:08.1		Everything was ordinary.
337	0:43:09.5	0:43:11.5		Everything was as it should be.
338	0:43:13.4	0:43:21.1		Somewhere above them, high up and a very long way off, a body from space was already falling towards the Earth.
339	0:43:23.0	0:43:36.1		It was moving at an astonishing speed, many kilometres every second, and it was coming in from the south-east, at a fairly shallow angle, crossing the sky above Siberia from one side to the other.
340	0:43:39.1	0:43:48.0		It had been travelling through the dark for a very long time, perhaps for millions of years, and in a few moments, its journey would end.
341	0:43:50.6	0:43:56.1	fireball-distant-over-taiga-dawn	At about a quarter past seven in the morning, local time, the first people saw it.
342	0:43:58.4	0:44:03.3		Those who looked up at that moment saw a streak of bright light moving across the sky.
343	0:44:05.0	0:44:12.6		Some described it as a brilliant, blue-white column, as bright as the sun, or even brighter.
344	0:44:14.5	0:44:23.0		Others said it looked like a flying fire, or a long, glowing pipe, or a sheet of light that grew larger as it came.
345	0:44:25.6	0:44:30.7		It seemed to move from the south towards the north, over a very wide area.
346	0:44:32.4	0:44:46.9		People who saw it from more than a hundred kilometres away, in different villages and camps along the river, all described something similar, a bright body, a long tail of light, and a feeling that the whole sky was changing.
347	0:44:50.0	0:44:54.8		Some people said they saw it clearly, and that the brightness hurt their eyes.
348	0:44:56.5	0:45:00.8		Others only noticed that the light of the morning suddenly seemed very strange.
349	0:45:02.4	0:45:07.8		Some heard a low rumbling, like thunder, even before anything else happened.
350	0:45:10.1	0:45:14.9		It is very hard to know, from this distance, exactly what each person saw.
351	0:45:16.6	0:45:21.1		These accounts were written down later, and in some cases many years later.
352	0:45:22.7	0:45:27.5		But there are many of them, from many different places, and they tell a similar tale.
353	0:45:29.2	0:45:31.4		Something very bright crossed the sky.
354	0:45:33.3	0:45:38.9	bright-sky-over-river-valley-midmorning	Then, over the forest to the north of Vanavara, there was a flash.
355	0:45:41.2	0:45:52.5		Scientists now believe that the object, somewhere between five and ten kilometres above the ground, reached the point where the pressure of the air on its front became too great to bear.
356	0:45:54.8	0:45:55.6		It broke apart.
357	0:45:56.9	0:46:05.2		In a fraction of a second, the whole of its energy, which had been stored in its great speed, was released into the air.
358	0:46:07.7	0:46:09.2		The energy was enormous.
359	0:46:10.6	0:46:22.5		Most estimates say that it was equal to the explosion of between ten and fifteen million tonnes of ordinary explosive, though some researchers think it was a little less, and some a little more.
360	0:46:24.9	0:46:28.9		It is a very large number, and it is hard to picture.
361	0:46:30.5	0:46:37.4		It was about a thousand times more energy than the first atomic bomb, though we will not talk further about that tonight.
362	0:46:39.2	0:46:44.6		It is enough to say that it was one of the biggest natural blasts that people have ever recorded.
363	0:46:46.9	0:46:50.1		The explosion happened in the air, well above the ground.
364	0:46:51.6	0:46:59.8		There was a huge ball of heat, glowing and expanding, for a moment brighter than the sun, high above the forest.
365	0:47:01.8	0:47:11.1		It sent out a wave of pressure in every direction, rolling outward through the air, like the ripple that spreads when a stone is thrown into a still pond.
366	0:47:13.8	0:47:18.1		This wave was invisible, but its effects were very real.
367	0:47:19.7	0:47:29.0		And because it began high above the trees, it reached the ground over a wide circle, and pressed down on the forest like an enormous hand.
368	0:47:31.6	0:47:34.1	farmer-on-porch-sky-glow-vanavara	Now let us go back to the farmer on the porch.
369	0:47:36.1	0:47:38.6		His name was Semyon Semyonov.
370	0:47:40.0	0:47:49.0		He was a peasant farmer, and he was sitting on the steps of a trading post in Vanavara, about sixty kilometres from the place beneath the explosion.
371	0:47:51.1	0:47:58.7		It was a bright morning, and he was relaxing, perhaps waiting for a friend, perhaps simply enjoying the sun.
372	0:48:01.2	0:48:07.0		Years later, he described what he remembered to the scientists who came to ask.
373	0:48:08.8	0:48:14.0		We should say that he spoke years after the event, and that memory changes with time.
374	0:48:15.7	0:48:20.7		But his account has been told and retold, and it is one of the most important we have.
375	0:48:22.9	0:48:27.2		He remembered that, suddenly, he saw a great light in the north.
376	0:48:28.8	0:48:37.4		The sky seemed to split in two, and a sheet of fire appeared, high above the forest, and spread wide across the northern horizon.
377	0:48:40.0	0:48:43.4		At that moment, he felt a heat on his skin.
378	0:48:44.9	0:48:48.5		It was so strong that he said it seemed as if his shirt had caught fire.
379	0:48:50.1	0:48:52.7		He wanted to tear it off, and throw it away.
380	0:48:54.1	0:48:59.0		But just then, the sky seemed to close up again, and there was a loud thump.
381	0:49:01.2	0:49:02.7		The blast wave arrived.
382	0:49:04.1	0:49:10.6		It threw him from the porch, a few metres across the ground, and for a moment he lost his senses.
383	0:49:12.9	0:49:15.5		His wife ran out and helped him back to the house.
384	0:49:17.0	0:49:18.2		And then came the sound.
385	0:49:19.5	0:49:26.8		It was a great crashing, as if rocks were falling from the sky, or as if cannons were being fired all around.
386	0:49:28.7	0:49:30.4		The earth shook beneath them.
387	0:49:31.8	0:49:37.5		He lay on the ground, and held his head, afraid that stones might fall on it.
388	0:49:39.8	0:49:45.8		Afterwards, a hot wind blew between the houses, like the breath from a great cannon.
389	0:49:47.6	0:49:53.4		It left marks on the ground, like paths, and it flattened parts of the barley crop.
390	0:49:55.1	0:49:57.1		Many windows in the village were broken.
391	0:49:58.5	0:50:01.5		The iron lock on a barn door was snapped in two.
392	0:50:03.5	0:50:08.2		That was what happened to a man, sixty kilometres away.
393	0:50:09.9	0:50:16.6		By the grace of distance, he was unhurt, apart from a bruise or two, and a great fright.
394	0:50:19.0	0:50:22.6	horses-and-houses-vanavara-after-wind	All around Vanavara, people felt the same things.
395	0:50:24.6	0:50:25.7		There was a flash.
396	0:50:27.1	0:50:28.3		There was a wave of heat.
397	0:50:29.6	0:50:30.5		There was a roar.
398	0:50:31.8	0:50:40.8		And then there was a strong shaking of the ground, and gusts of wind, which shook the houses, and rattled the dishes in the cupboards.
399	0:50:43.4	0:50:44.5		Horses panicked.
400	0:50:45.8	0:50:46.6		Cattle bolted.
401	0:50:47.9	0:50:49.4		Dogs ran for cover.
402	0:50:50.7	0:51:00.3		Many people, up and down the river valley, ran out of their houses, thinking that a storm had come, or that the world was ending.
403	0:51:03.0	0:51:11.7		In the next few minutes, as the dust settled and the sounds died away, the strange thing was how quickly the world went back to a kind of quiet.
404	0:51:13.7	0:51:15.1		The sky was clear again.
405	0:51:16.5	0:51:18.3		The birds were silent for a while.
406	0:51:19.7	0:51:30.2		But the sun was still shining, and the river was still flowing, and the forest to the north was hidden behind a very high, slowly spreading column of smoke and dust.
407	0:51:32.9	0:51:35.1		People in Vanavara talked about it all day.
408	0:51:36.5	0:51:38.9		They told each other what they had seen and heard.
409	0:51:40.4	0:51:42.2		Some believed it was an earthquake.
410	0:51:43.5	0:51:45.7		Some thought a great thunderstorm had passed.
411	0:51:47.2	0:51:52.2		Some may have wondered about a volcano, though there are none anywhere near.
412	0:51:53.9	0:52:00.3		Others had no idea at all, and simply shook their heads, and set about repairing what was broken.
413	0:52:02.6	0:52:05.3		In those days, there was no one to ask.
414	0:52:06.8	0:52:08.8		There was no scientist in Vanavara.
415	0:52:10.2	0:52:12.7		There was no radio station to report the news.
416	0:52:14.1	0:52:21.0		There was only the quiet, and the question, and the long summer day still stretching ahead.
417	0:52:23.4	0:52:29.1	column-of-dust-rising-over-distant-forest	Further north, closer to the centre, there were Evenki families in their summer camps.
418	0:52:31.4	0:52:36.4		They were closer than the villagers, and they felt the blast more strongly.
419	0:52:38.1	0:52:49.3		We must be gentle in telling this part, because it is a place where the accounts are less clear, and where some of the stories were told many years later, and shaped by many retellings.
420	0:52:52.1	0:52:53.5		What we know is this.
421	0:52:54.8	0:52:59.3		A number of the Evenki reported that they had been thrown to the ground by the wave of air.
422	0:53:01.0	0:53:06.7		Their chums, their tents, were blown down, or lifted, or scattered.
423	0:53:08.5	0:53:13.7		Reindeer ran off in fright, and in some places a number of the animals were lost.
424	0:53:15.4	0:53:19.7		A few people were hurt, mostly by falling, or by being thrown.
425	0:53:21.3	0:53:32.0		But there are no certain records that anyone was killed, which is a remarkable thing, given the size of the event, and one that is often told as a kind of small miracle.
426	0:53:34.8	0:53:44.9		Because the explosion was in the air, and not on the ground, and because the region was so thinly inhabited, the harm to people was far smaller than it might have been.
427	0:53:47.1	0:53:49.0		The forest took the force of it.
428	0:53:50.9	0:54:00.2		In the days that followed, the families who lived in the area gathered what they could, and looked for their reindeer, and made their camps anew.
429	0:54:02.3	0:54:07.3		Many of them left that part of the forest, and for a long time, they avoided it.
430	0:54:09.0	0:54:10.7		It was no longer the same place.
431	0:54:12.1	0:54:19.6		It had been touched by something large, and strange, and powerful, and it seemed wise to leave it alone.
432	0:54:22.0	0:54:35.7		And above it all, as the morning went on, the great cloud of dust that the explosion had thrown up was beginning to drift, slowly, high in the air, to the east, and to the west, and to the north.
433	0:54:38.8	0:54:45.8	seismograph-needle-quiet-room-1908	Far away from the forest, in other parts of the world, instruments were quietly noticing that something had happened.
434	0:54:48.2	0:54:53.7		In 1908, scientists had two useful kinds of machine for this.
435	0:54:55.5	0:54:57.4		The first was the seismograph.
436	0:54:58.7	0:55:03.7		A seismograph is a very sensitive instrument that records the shaking of the ground.
437	0:55:05.4	0:55:19.1		In its simplest form, it has a heavy weight hanging from a spring, so that when the ground moves, the weight stays still, and a pen attached to it draws a line on a slowly turning drum of paper.
438	0:55:22.2	0:55:26.3		On the calmest days, the line is almost flat.
439	0:55:27.9	0:55:31.4		When the earth shakes, the line begins to dance.
440	0:55:33.5	0:55:45.3		On the thirtieth of June, in the city of Irkutsk, about nine hundred kilometres to the south-east, a seismograph in an observatory recorded a series of small tremors.
441	0:55:47.7	0:55:52.2		The people there noticed the marks on the paper, and wrote them down in their records.
442	0:55:53.8	0:55:58.6		They were not large, but they were clear, and they were unusual.
443	0:56:00.3	0:56:02.8		They matched no earthquake that anyone knew of.
444	0:56:04.7	0:56:09.4		Other seismographs, farther away, also recorded faint signals.
445	0:56:11.1	0:56:18.2		In some stations in Europe, tiny ripples appeared on the paper, arriving a little after the time of the event.
446	0:56:20.1	0:56:23.3		At that time, no one connected them with Siberia.
447	0:56:24.8	0:56:28.6		They were simply part of the great quiet record of a restless planet.
448	0:56:30.7	0:56:33.1	barograph-drum-paper-english-observatory	The second instrument was the barograph.
449	0:56:34.6	0:56:37.2		A barograph records the pressure of the air.
450	0:56:39.1	0:56:47.0		It has a thin, sealed metal box, which swells slightly when the pressure is high, and shrinks when it is low.
451	0:56:49.0	0:57:03.0		A long arm connected to this box moves a pen across a slowly turning roll of paper, and so, hour by hour, day by day, it draws a gentle line that rises and falls with the weather.
452	0:57:05.6	0:57:11.6		In 1908, many weather stations around the world had barographs, and kept careful records of them.
453	0:57:13.9	0:57:25.3		Some years afterwards, a British scientist named Francis Whipple, who was the director of an observatory at Kew, near London, looked back through the records from that day.
454	0:57:27.6	0:57:29.6		He found something rather wonderful.
455	0:57:31.0	0:57:43.6		On the thirtieth of June, 1908, several barographs in England had recorded a tiny, quick bump in the pressure, a little blip on the line, which came in the afternoon.
456	0:57:46.6	0:57:47.8		It was very small.
457	0:57:49.1	0:57:52.4		It was far too small to be noticed by anyone in the street.
458	0:57:54.0	0:57:57.5		But it was clear, and the timing made sense.
459	0:57:59.0	0:58:08.3		It was the pressure wave from the explosion in Siberia, travelling through the air around the world, and reaching England, many hours later.
460	0:58:10.9	0:58:12.2		Think of that for a moment.
461	0:58:13.6	0:58:28.6		An enormous sound, made in a Siberian forest in the morning, had spread out across the sky, as a very low and slow ripple, and had passed over Britain, and over the quiet English gardens, in the afternoon.
462	0:58:31.3	0:58:32.1		Nobody heard it.
463	0:58:33.3	0:58:36.3		But the instruments felt it, and wrote it down.
464	0:58:38.3	0:58:44.5	telegraph-wires-sunrise-railway-siberia	Meanwhile, back in Siberia, news was beginning to move, but slowly.
465	0:58:46.9	0:58:52.3		In the days after the event, a few of the local newspapers printed short reports.
466	0:58:54.0	0:58:59.5		Some told about the bright flash and the loud sounds, and about the shaking of the ground.
467	0:59:01.3	0:59:10.2		There was a newspaper in Irkutsk, and there was one in Krasnoyarsk, and in them, a small number of people wrote about what they had seen.
468	0:59:12.7	0:59:20.9		One report, from a town to the south, described a great ball of fire moving in the sky, and a sound like gunfire.
469	0:59:23.0	0:59:32.5		Another described how a train driver on the new railway had stopped his train, because he thought the ground was shaking, or that something had gone wrong with the track.
470	0:59:34.6	0:59:46.2		We cannot be sure about each of these small stories, but together they give a sense of how widely the event was noticed, along the whole length of the great railway, and across a huge region.
471	0:59:49.1	0:59:53.8		But then, as the days passed, the reports faded.
472	0:59:55.4	0:59:58.8		No one in the towns knew what had happened in the northern forest.
473	1:00:00.4	1:00:07.3		They knew that the sky had flashed, and the earth had trembled, and that something had come down somewhere.
474	1:00:09.2	1:00:16.1		They guessed that it was a meteorite, a large one, and that it had landed in some distant place.
475	1:00:18.0	1:00:19.8		And then they went back to their work.
476	1:00:21.6	1:00:23.6		There was a great deal else going on.
477	1:00:25.0	1:00:31.3		There were harvests to bring in, and bills to pay, and a whole political world to worry about.
478	1:00:33.2	1:00:39.2		Nobody was in a position to send an expedition into the Siberian wilderness, to look for a stone.
479	1:00:41.5	1:00:45.6	russian-newspaper-reading-summer-evening	It is worth pausing, here, to wonder at this.
480	1:00:47.7	1:00:53.8		Nowadays, if an object exploded over a forest, thousands of people would film it with their phones.
481	1:00:55.6	1:00:57.9		Satellites would pick it up within seconds.
482	1:00:59.3	1:01:01.6		Scientists would be on the radio within the hour.
483	1:01:03.1	1:01:05.7		Aeroplanes would fly over the spot the next day.
484	1:01:07.6	1:01:10.8		In 1908, none of this existed.
485	1:01:12.3	1:01:19.0		The event was a great mystery, in a place with no roads, no telephones, and almost no witnesses.
486	1:01:20.9	1:01:24.7		It took the world nearly twenty years to find out what had really happened.
487	1:01:26.8	1:01:31.3		And yet the world did notice something, in its own gentle way.
488	1:01:32.9	1:01:41.8		Because in the days after the thirtieth of June, far to the west, over the cities of Europe, a strange thing began to happen to the sky.
489	1:01:44.4	1:01:49.1	bright-twilight-sky-over-london-rooftops-midnight	It began on the night of the thirtieth of June, and it went on for several nights.
490	1:01:51.3	1:01:56.8		In many parts of Europe, and in western Siberia, the night sky stayed bright.
491	1:01:58.5	1:01:59.8		It did not get dark.
492	1:02:01.2	1:02:12.5		Instead, even after midnight, a soft, pale glow lingered across the northern sky, as if the sun had not quite gone down.
493	1:02:15.3	1:02:21.8		At that time of year in northern places, the nights are short, and the sky never gets completely dark anyway.
494	1:02:23.7	1:02:26.1		But this was different, and people noticed.
495	1:02:27.5	1:02:32.7		The glow was brighter than usual, and it was spread across a wider part of the sky.
496	1:02:34.4	1:02:41.8		It had a silvery, pearly, slightly pink quality, and there were soft clouds in it, which seemed to shine on their own.
497	1:02:44.3	1:02:46.0		People in London were amazed.
498	1:02:47.3	1:02:56.9		Newspapers in England reported that the sky was so bright, at midnight, that it was possible to read a newspaper outdoors without a lamp.
499	1:02:59.1	1:03:09.1		Some people took photographs at night, which was very difficult in those days, and found that they could do it, with a short exposure, as if it were dusk.
500	1:03:11.8	1:03:18.2		In Germany, in Sweden, and in Russia, there were similar reports.
501	1:03:20.0	1:03:31.3		Observers in different places wrote that the northern sky was glowing with a strange, steady light, and that the clouds were lit from below, long after the sun should have gone.
502	1:03:33.7	1:03:38.7		Some people, in the countryside, went out into the fields to look.
503	1:03:40.4	1:03:45.0		They stood quietly, in the warm night air, and gazed at the sky.
504	1:03:47.1	1:03:50.4	glowing-clouds-over-swedish-lake-night	The glow lasted several nights, and then faded.
505	1:03:52.4	1:03:54.9		At the time, nobody could explain it.
506	1:03:56.4	1:04:00.7		Some people thought it was an unusual kind of aurora, the northern lights.
507	1:04:02.3	1:04:07.6		Others suggested that it might be dust from a volcano, or the tail of a comet.
508	1:04:09.4	1:04:13.2		There were many guesses, but no one could prove any of them.
509	1:04:15.2	1:04:18.9	noctilucent-clouds-silver-blue-high-sky	Nowadays, scientists think they have a good idea.
510	1:04:20.5	1:04:29.4		When the object exploded over Siberia, it threw a great deal of fine dust and water vapour high up into the atmosphere, far above the clouds.
511	1:04:31.5	1:04:42.8		The very high air, in the region called the mesosphere, is cold and thin, and the dust and ice crystals that reached it spread slowly around the northern part of the Earth.
512	1:04:45.6	1:04:54.1		When the sun is just below the horizon, its light can still reach these very high clouds, even though the ground below is in shadow.
513	1:04:56.2	1:05:00.3		So the clouds glowed, softly, in the night sky.
514	1:05:01.9	1:05:08.8		These are sometimes called noctilucent clouds, which means, night-shining clouds.
515	1:05:10.7	1:05:21.4		They are real, and you can still see them today, on some summer evenings, very high and very thin and blue-white, like a thin silk veil.
516	1:05:24.1	1:05:31.3		But in 1908, the glow was far brighter than usual, and it seemed that something special had happened.
517	1:05:33.8	1:05:36.5	astronomer-notebook-lamplit-desk-midnight	At least one thoughtful observer noticed a link.
518	1:05:38.4	1:05:47.3		Some astronomers in Europe wrote down that the unusual glow in the sky, in early July, was something they had never seen so strongly before.
519	1:05:49.4	1:05:53.5		They recorded the times, and the directions, and the colours.
520	1:05:55.1	1:06:03.5		They made notes, in tidy handwriting, and put them in drawers and archives, where they stayed for a long time.
521	1:06:06.1	1:06:10.5		And here, again, is a lovely thing about the story.
522	1:06:12.1	1:06:17.2		The sky itself, in a gentle way, carried the news around the world.
523	1:06:18.9	1:06:31.6		A great event had taken place in Siberia, and a few days later, in Britain, and in Sweden, and in Germany, people were standing in their gardens at midnight, looking up in wonder at a sky that glowed.
524	1:06:34.1	1:06:35.2		They did not know why.
525	1:06:36.5	1:06:38.4		They only knew it was beautiful.
526	1:06:40.3	1:06:43.7		Some of them said it was one of the loveliest things they had ever seen.
527	1:06:45.2	1:06:46.7		Some wrote poems about it.
528	1:06:48.1	1:06:51.8		Others simply stood quietly, and did not say anything at all.
529	1:06:53.9	1:06:56.1	quiet-european-meadow-pale-night-sky	We can imagine one person among them.
530	1:06:58.0	1:07:05.1		She is a woman, in an English village, stepping out of her back door at midnight, because she cannot sleep.
531	1:07:07.0	1:07:09.2		She wears a shawl over her nightdress.
532	1:07:10.6	1:07:16.8		The grass is cool and wet under her slippers, and the air smells of roses and cut hay.
533	1:07:19.1	1:07:30.1		She looks up, and sees that the whole northern sky is glowing, pale green and pearl and gold, with thin clouds floating in it, silvery and still.
534	1:07:32.4	1:07:35.6		There are no stars in that part of the sky, only light.
535	1:07:37.1	1:07:43.3		It is so bright that she can see her shadow, faint but clear, on the garden path.
536	1:07:45.7	1:07:47.6		She stands there for a long time.
537	1:07:49.0	1:07:53.6		Somewhere, a late bird sings one or two soft notes.
538	1:07:55.2	1:08:00.9		Somewhere, far off, a church clock strikes the hour, slowly.
539	1:08:03.2	1:08:15.7		She does not know that, across a continent, and a mountain range, and half of Russia, a great forest lies flattened and silent, in the pale light of the same sky.
540	1:08:18.1	1:08:25.1		She only knows that the night is beautiful, and that for a moment the world feels very large, and very gentle.
541	1:08:27.5	1:08:29.0		Then she goes back to bed.
542	1:08:30.4	1:08:37.9		And the glow in the northern sky fades, night by night, until by the middle of July, it is gone.
543	1:08:40.3	1:08:41.8		And so the world forgot.
544	1:08:43.7	1:08:46.6	empty-taiga-clearing-autumn-light	For many years, the forest was left alone.
545	1:08:48.6	1:08:49.8		The seasons turned.
546	1:08:51.1	1:08:57.4		The summer of 1908 ended, and the larches turned gold, and dropped their needles.
547	1:08:59.2	1:09:06.3		The first snow came, and the rivers froze, and the long Siberian winter closed over the land.
548	1:09:08.2	1:09:12.9		Then the spring came again, and the ice cracked, and the river ran.
549	1:09:15.1	1:09:20.4		In the part of the forest beneath the explosion, something very strange was happening.
550	1:09:22.1	1:09:25.0		The trees that had been knocked down lay where they had fallen.
551	1:09:26.5	1:09:32.0		Over the years, the moss grew over them, and the rain softened their bark.
552	1:09:33.8	1:09:37.6		New seedlings sprouted among them, small and green.
553	1:09:39.2	1:09:40.7		The animals came back.
554	1:09:42.0	1:09:44.3		Birds nested in the broken branches.
555	1:09:46.2	1:09:48.5		It was a landscape that nobody visited.
556	1:09:50.0	1:09:55.2		The Evenki, who knew the forest best, kept away from it, as we have said.
557	1:09:56.9	1:10:01.7		The few Russian settlers did not go that way, because there was no reason to.
558	1:10:03.4	1:10:11.2		It was a long, hard, wet journey, through swamp and thicket, to a place where there was nothing to hunt, and little to gather.
559	1:10:13.6	1:10:17.9		And the rest of the world, as we have seen, did not know.
560	1:10:19.6	1:10:21.4		It had other things to think about.
561	1:10:23.3	1:10:26.1	european-city-1914-crowd-summer-morning	The years that followed were hard ones in that part of the world.
562	1:10:28.0	1:10:31.4		In 1914, a great war began in Europe.
563	1:10:33.0	1:10:39.1		It was a war that drew in many countries, and lasted for four years, and changed everything.
564	1:10:40.9	1:10:44.9		Russia was deeply involved, and the whole country was shaken.
565	1:10:46.5	1:10:50.2		In 1917, there was a revolution.
566	1:10:51.8	1:10:53.7		The Tsar was no longer in power.
567	1:10:55.0	1:11:04.3		A new government, and then another, took charge, and there followed a long and troubled period of change, struggle, and rebuilding.
568	1:11:07.0	1:11:12.8		In those years, almost no one had the time or the means to go looking for a meteorite in the far north.
569	1:11:14.6	1:11:21.2		Scientists were busy with other things, or had left, or had found their work interrupted.
570	1:11:23.0	1:11:24.8		Many of the old records were lost.
571	1:11:26.7	1:11:28.1		But a few people remembered.
572	1:11:29.4	1:11:36.8		In Siberian villages along the great rivers, the old story of the morning of the great fire in the sky was told and retold.
573	1:11:38.8	1:11:44.7		Families would say, on certain summer evenings, "do you remember the day the sky split?"
574	1:11:46.5	1:11:49.7		The older people would nod, and begin to talk.
575	1:11:51.7	1:11:54.6		And in some places, a few people wrote things down.
576	1:11:56.1	1:12:05.8		Teachers, and local officials, and curious travellers, took notes, and put them in little notebooks and folders.
577	1:12:07.9	1:12:12.6		They asked questions of those who had been there, and wrote down what they were told.
578	1:12:14.3	1:12:22.7		It was patient, humble work, and it turned out to be extremely valuable, because it kept the memory safe.
579	1:12:25.3	1:12:29.4	small-school-classroom-siberian-village-lamp	One thing that the early notebooks make clear is how different the stories were.
580	1:12:31.5	1:12:35.5		Some witnesses said that the fiery object had moved from the south to the north.
581	1:12:37.1	1:12:41.0		Others said that it had come from the east, or the south-east.
582	1:12:42.6	1:12:45.4		Some said there had been a single great flash.
583	1:12:46.8	1:12:51.5		Some said there had been two or three loud bangs, spread over a minute or so.
584	1:12:53.2	1:12:55.2		Some said the sound was like thunder.
585	1:12:56.6	1:12:58.3		Others said it was like gunfire.
586	1:12:59.7	1:13:02.2		Some even said that the sky had turned red.
587	1:13:04.1	1:13:05.4		This is not surprising.
588	1:13:06.8	1:13:10.8		People were in different places, and saw different parts of the sky.
589	1:13:12.4	1:13:17.8		They were frightened, or startled, or were looking in another direction.
590	1:13:19.5	1:13:25.1		And over the years, as they told their story, it grew and changed, as stories do.
591	1:13:27.4	1:13:35.7		But if you collect many of them, and compare them carefully, as the scientists later did, a pattern appears.
592	1:13:37.7	1:13:46.0		It tells you the direction the object was travelling, and how steeply it came down, and roughly how high it was when it burst.
593	1:13:48.0	1:13:51.9		It is like a puzzle, in which each person has one small piece.
594	1:13:54.0	1:14:01.3		That work took years, and it was begun by a man whose name is now known to everyone who studies the Tunguska event.
595	1:14:03.2	1:14:05.0		His name was Leonid Kulik.
596	1:14:06.9	1:14:13.9	young-scientist-museum-meteorite-collection	Leonid Alekseyevich Kulik was born in 1883, in a small town near the city of Saint Petersburg.
597	1:14:15.8	1:14:21.3		He grew up in a family that valued learning, and as a young man he trained as a teacher.
598	1:14:23.1	1:14:34.6		But he was drawn to the world of the sky and the stones, and he found his way to the study of minerals, and then to something even more particular, which was the study of meteorites.
599	1:14:37.4	1:14:41.9		He was a patient, determined, rather stubborn person.
600	1:14:43.6	1:14:54.4		Those who knew him described him as a man of great energy, who could march for days through the wilderness, and sleep in a damp tent, and never lose his enthusiasm.
601	1:14:56.6	1:15:02.6		He had a fine, thick moustache, and a pair of quick, curious eyes.
602	1:15:04.9	1:15:13.0		After the revolution, Kulik worked for the Russian Academy of Sciences, in a department that looked after the national collection of meteorites.
603	1:15:15.1	1:15:23.4		He was in charge of a small museum in Petrograd, as Saint Petersburg was then called, which held stones that had fallen from space.
604	1:15:25.4	1:15:26.7		He loved those stones.
605	1:15:28.0	1:15:35.3		He would take them in his hands, and turn them gently, and read their surface as if it were a very old book.
606	1:15:37.7	1:15:39.5		His task was to find more.
607	1:15:40.9	1:15:48.8		The Soviet government wanted to know about meteorites that had fallen on its land, and Kulik was the person for the job.
608	1:15:50.8	1:15:58.0		He travelled to many places, collecting reports, and talking to farmers, and studying maps.
609	1:16:00.4	1:16:05.6	old-map-siberia-lamplight-notes	In the early 1920s, Kulik was working in the east, in Siberia.
610	1:16:07.9	1:16:16.7		He had come across a number of old reports, in the archives and the newspapers, about a great fall of stones in the summer of 1908.
611	1:16:18.7	1:16:25.4		Some of these reports said that a bright body had crossed the sky, and then an immense noise had followed.
612	1:16:27.3	1:16:32.6		Some said the ground had shaken, and that a huge cloud of smoke had risen in the north.
613	1:16:34.8	1:16:35.8		He was intrigued.
614	1:16:37.1	1:16:44.1		It seemed to him that this might be a very large meteorite, much larger than the famous ones in the museums.
615	1:16:46.0	1:16:50.2		It might have fallen somewhere in the taiga, where nobody had yet looked.
616	1:16:52.4	1:16:54.2		He began to collect accounts.
617	1:16:55.5	1:16:59.7		He talked to railway workers, and teachers, and traders.
618	1:17:01.4	1:17:11.1		In some of the villages near the great river, he heard stories of a place in the north where the forest had been knocked flat, and where the earth was said to be burned.
619	1:17:13.2	1:17:20.8		He was told about the Evenki families who had run away from the north, and about the odd quiet that lay over that land.
620	1:17:23.3	1:17:27.2		At first, he did not know if he believed them.
621	1:17:28.8	1:17:30.9		Some of the stories sounded exaggerated.
622	1:17:32.3	1:17:38.5		But there were so many of them, and they agreed so closely, that he could not set them aside.
623	1:17:40.3	1:17:43.0		He made up his mind to find out for himself.
624	1:17:45.0	1:17:46.8	expedition-sledges-frozen-river-snow	It took a long time to organise.
625	1:17:48.2	1:17:51.4		Money was short in those years, and travel was hard.
626	1:17:52.9	1:18:00.1		But in 1927, the Academy agreed to support a small expedition, and Kulik set out.
627	1:18:02.5	1:18:03.7		The journey was long.
628	1:18:05.0	1:18:10.6		He took the railway across Russia and into Siberia, to a station in the south.
629	1:18:12.4	1:18:19.9		From there, he went north with a few companions, and a handful of supplies, to the village of Vanavara.
630	1:18:21.8	1:18:23.1		The route was difficult.
631	1:18:24.5	1:18:31.0		There were rivers to cross, and marshes to wade through, and thick forest to push through with axes.
632	1:18:33.3	1:18:37.1		It was a land of mosquitoes and mud, and little else.
633	1:18:38.7	1:18:44.8		The expedition members hired local guides, some of them Evenki, who knew the paths and the water.
634	1:18:46.6	1:18:50.4		Some of the guides were reluctant to go too near the place they had heard about.
635	1:18:52.0	1:18:57.3		They said it was a bad place, a place of power, and best left alone.
636	1:18:59.0	1:19:01.8		But some agreed to take the party as far as they dared.
637	1:19:03.8	1:19:11.7		Kulik talked with the farmers of Vanavara, and he heard the story of Semyon Semyonov, and of others who had been there on the morning.
638	1:19:13.7	1:19:18.1		The villagers told him of the flash, and the roar, and the hot wind.
639	1:19:19.7	1:19:30.6		They told him about the forest to the north, and how, in the years since, travellers had come back with tales of trees lying on the ground, like matchsticks.
640	1:19:33.4	1:19:35.1		He was more eager than ever.
641	1:19:36.5	1:19:41.3		He packed his supplies, hired a few horses, and set off north.
642	1:19:43.5	1:19:48.6	ridge-top-view-over-flattened-forest-valley	After several days of hard travel, the expedition came to a high ridge.
643	1:19:50.3	1:19:57.2		It is called the Makirta ridge, and from its top, one can look out over a wide stretch of the land.
644	1:19:59.6	1:20:04.1		Kulik stood at the top, in the clear air, and looked north.
645	1:20:05.7	1:20:08.2		What he saw was beyond his imagination.
646	1:20:10.2	1:20:15.1		In front of him, as far as he could see, the forest lay flat.
647	1:20:16.7	1:20:32.2		Thousands upon thousands of trees, tall spruces and larches, each many metres long, lay on the ground, all pointing the same way, all pointing away from a distant centre, as if a great hand had combed them smooth.
648	1:20:34.9	1:20:39.8		They were silvery grey, and many of them were stripped of their branches.
649	1:20:41.5	1:20:49.0		The whole landscape was like a vast, silent, orderly graveyard of trees, stretching to the horizon.
650	1:20:51.5	1:20:54.7		He wrote in his diary that it was a scene he would never forget.
651	1:20:56.2	1:20:58.9		It was so large, and so quiet.
652	1:21:00.4	1:21:03.9		It was not chaotic, like the ruins of a storm.
653	1:21:05.4	1:21:06.9		It was strangely neat.
654	1:21:08.8	1:21:10.6		There was no sound but the wind.
655	1:21:12.0	1:21:14.4		The air smelled of damp wood and moss.
656	1:21:15.8	1:21:20.9		The sun glinted on the grey trunks, and a few small birds hopped between them.
657	1:21:23.1	1:21:27.7		For the first time, Kulik understood how big the event had been.
658	1:21:29.4	1:21:31.0		It was not a small meteorite.
659	1:21:32.3	1:21:34.4		It was something of a very different scale.
660	1:21:36.3	1:21:41.4		He stood for a long time on the ridge, gazing out at the silent forest.
661	1:21:43.1	1:21:48.1		And then he took a deep breath, and set off down the slope, towards the centre.
662	1:21:50.3	1:21:54.2	expedition-camp-tents-fallen-trees-evening	The journey from the ridge to the centre of the fallen forest was hard.
663	1:21:56.3	1:22:03.2		The ground was wet and uneven, covered with moss, and with the long grey trunks lying criss-cross over it.
664	1:22:05.1	1:22:12.7		The party had to climb over them, one after another, step by step, pulling themselves along by their hands.
665	1:22:14.7	1:22:18.3		The horses could not follow, so supplies had to be carried.
666	1:22:19.8	1:22:21.4		The mosquitoes were fierce.
667	1:22:23.3	1:22:32.9		Each night, they made camp in a small open place, and lit a smoky fire, and cooked a simple supper of tea and bread and dried meat.
668	1:22:35.1	1:22:39.7		Each morning they woke, stiff and damp, and went on.
669	1:22:41.8	1:22:44.9		As they went, they noticed a curious thing.
670	1:22:46.4	1:22:51.6		The trees all lay with their tops pointing away from a single place, in front of them.
671	1:22:53.4	1:22:59.7		It was as if the whole forest had been blown outward from a centre, like the spokes of an enormous wheel.
672	1:23:01.5	1:23:06.2		And as the party got closer to this centre, they saw an even stranger thing.
673	1:23:08.4	1:23:12.2		Near the middle, the trees were not lying down at all.
674	1:23:13.7	1:23:14.7		They were standing.
675	1:23:16.0	1:23:26.2		Hundreds of tall, straight trunks stood upright, with every branch and all their bark stripped away, like a forest of bare telegraph poles.
676	1:23:29.0	1:23:31.3		Scientists later explained why.
677	1:23:32.7	1:23:39.7		At the very centre, directly beneath the explosion, the blast wave came straight down from above.
678	1:23:41.6	1:23:50.2		It pushed down on the treetops, and stripped away the branches, but it could not push the trunks over, for there was no sideways force.
679	1:23:52.2	1:23:57.5		Farther away, the wave came in at an angle, and pushed the trees flat.
680	1:23:59.3	1:24:05.6		It is a beautiful pattern, and it is one of the best clues we have to where the explosion took place.
681	1:24:07.9	1:24:09.0	standing-bare-trunks-in-misty-bog-dawn	Kulik was thrilled.
682	1:24:10.3	1:24:16.6		He thought that, in the middle of the standing trees, he would find the crater of a great meteorite.
683	1:24:18.4	1:24:21.9		That was what he expected, and what he hoped.
684	1:24:24.0	1:24:24.7		He searched.
685	1:24:26.0	1:24:37.2		In the centre of the devastated area, he found a number of round, shallow holes in the ground, some of them full of water, and ringed with a lip of moss.
686	1:24:39.5	1:24:41.0		They looked like small craters.
687	1:24:42.3	1:24:44.9		Some were as wide as a hundred metres across.
688	1:24:46.9	1:24:54.5		He decided that these must be places where the fragments of the meteorite had hit the ground, and he spent a great deal of effort on them.
689	1:24:56.5	1:25:00.7		He measured them, and photographed them, and pondered them.
690	1:25:02.8	1:25:07.6		But when he looked more closely, they did not behave like impact craters.
691	1:25:09.3	1:25:11.6		They were not surrounded by throwing-out of earth.
692	1:25:13.0	1:25:15.3		They had no pieces of meteorite in them.
693	1:25:16.7	1:25:30.0		Many of them, as later study showed, were simply the kind of thaw hollows, or marshy depressions, that are common in the permafrost lands of Siberia, and had been there long before 1908.
694	1:25:33.0	1:25:36.4		Kulik was puzzled, and a little disappointed.
695	1:25:38.0	1:25:39.2		But he did not give up.
696	1:25:41.0	1:25:47.7		He wrote that there must be a hidden meteorite, buried deep in the ground, perhaps under the swamp.
697	1:25:49.6	1:25:55.5		He decided to return, with more people, and better tools, and look again.
698	1:25:57.8	1:25:59.0	scientists-drilling-wet-bog-summer	And return he did.
699	1:26:00.3	1:26:04.7		In 1928, he came back with a larger group.
700	1:26:06.3	1:26:10.8		In 1929 and 1930, he made two more journeys.
701	1:26:12.5	1:26:16.8		Each time, he and his team worked with great determination.
702	1:26:18.9	1:26:20.1		They dug trenches.
703	1:26:21.4	1:26:25.8		They drained marshy pools by cutting channels, and looked at the mud.
704	1:26:27.5	1:26:31.4		They drilled long holes with hand tools, and looked at what came up.
705	1:26:33.0	1:26:37.1		They dragged boats and tools and sacks of supplies across the swamp.
706	1:26:38.7	1:26:40.1		They fought off the insects.
707	1:26:41.4	1:26:47.8		They slept in damp tents, and ate rough meals, and were often cold and often tired.
708	1:26:50.1	1:26:52.6		Through it all, Kulik kept hoping.
709	1:26:54.1	1:27:02.7		He imagined a huge iron meteorite lying beneath the peat, a shining mass of metal, which would be the greatest in the world.
710	1:27:04.8	1:27:09.6		He sent reports back to Leningrad, and told his colleagues that he was close.
711	1:27:11.7	1:27:12.9		Yet nothing was found.
712	1:27:14.3	1:27:15.5		No giant stone.
713	1:27:16.8	1:27:18.1		No iron mass.
714	1:27:19.4	1:27:22.2		No crater, in the ordinary sense.
715	1:27:24.2	1:27:25.2		It was a puzzle.
716	1:27:26.5	1:27:32.2		The forest had been flattened over a huge area, so something very powerful had happened.
717	1:27:34.0	1:27:36.0		But the thing that did it was not there.
718	1:27:37.9	1:27:40.3		Today, we understand the answer.
719	1:27:41.7	1:27:43.7		The object did not hit the ground.
720	1:27:45.1	1:27:53.6		It burst in the air, and the pieces, small and hot, were scattered, or turned to vapour, or to dust.
721	1:27:55.6	1:27:59.4		But in the late 1920s, nobody had yet worked this out.
722	1:28:01.0	1:28:09.5		The idea of an airburst was new, and Kulik, with his heart set on a great meteorite, was not ready to accept it.
723	1:28:12.1	1:28:14.9	forest-photograph-expedition-large-format-camera	Still, his work was of great value.
724	1:28:16.9	1:28:19.8		He and his team made maps of the flattened forest.
725	1:28:21.2	1:28:25.7		They measured the directions of the fallen trees, and plotted them on paper.
726	1:28:27.4	1:28:31.2		They photographed the scene, and made careful notes.
727	1:28:32.8	1:28:36.0		They collected stories from every eyewitness they could find.
728	1:28:38.0	1:28:39.4		And they told the world about it.
729	1:28:40.7	1:28:51.3		In the late 1920s, newspapers in Russia, and then in other countries, began to print stories about the mysterious devastation in the Siberian forest.
730	1:28:53.6	1:28:58.0		Scientists in Europe and America began to read about it, and to wonder.
731	1:29:00.1	1:29:09.8		In the 1930s, aeroplanes were used for the first time, and in 1938, Kulik arranged for aerial photographs to be taken.
732	1:29:12.0	1:29:15.8		From the air, the pattern was even clearer.
733	1:29:17.4	1:29:23.6		The fallen trees formed a great shape, like the wings of a butterfly, spread out over the forest.
734	1:29:25.4	1:29:32.2		It covered an area of about two thousand square kilometres, an area larger than many a modern city.
735	1:29:34.6	1:29:36.3		It was a remarkable picture.
736	1:29:37.7	1:29:46.1		It showed that the blast had not come from a single point on the ground, but from above, from a body that was moving as it burst.
737	1:29:48.1	1:29:50.9		This gave the first strong hint to what had really happened.
738	1:29:52.9	1:29:57.6		The photographs were carefully stored, and they are still studied today.
739	1:29:59.2	1:30:06.5		They are a kind of portrait of the forest, taken from the sky, in the pale light of an ordinary northern day.
740	1:30:09.0	1:30:12.5	evenki-elder-tea-table-warm-tent-interior	While Kulik was searching the swamp, other people were listening.
741	1:30:14.5	1:30:22.5		Over the years, researchers travelled through the region to talk with the Evenki and with the settlers, and collected their memories of the morning.
742	1:30:24.5	1:30:31.1		Some of these stories were written down in the late 1920s, and others in the 1930s, and later.
743	1:30:33.0	1:30:37.0		The people who told them were, by then, middle-aged or old.
744	1:30:38.6	1:30:48.1		They remembered what they had felt, and seen, and heard, with great clarity, as one remembers a day that changes one's life.
745	1:30:50.7	1:30:57.2		One family told how they had been sleeping in their tent, when a great force lifted it, and threw them about.
746	1:30:59.1	1:31:02.6		They said the tent was torn, and blown away.
747	1:31:04.1	1:31:10.1		The father was thrown, and woke up lying on the ground, far from where he had been.
748	1:31:11.9	1:31:14.7		They thought at first that it must be the end of the world.
749	1:31:16.7	1:31:24.6		Another man told how he had been far from the centre, with his reindeer, and had seen a bright light and felt the earth shake.
750	1:31:26.6	1:31:31.5		He said that the reindeer had all run away, and that it took many days to find them.
751	1:31:33.2	1:31:36.2		Some of the animals, he said, were never found.
752	1:31:38.2	1:31:45.3		A third person recalled that it had been so hot, for a moment, that the skin of the face felt burned.
753	1:31:47.2	1:31:57.6		Another told that the trees were all falling, one by one, like a row of tall, slow dominoes, and that the noise was louder than anything they had ever heard.
754	1:32:00.3	1:32:05.1		These stories are very moving, and their strength comes from how ordinary they are.
755	1:32:06.8	1:32:09.1		These are not the accounts of scientists.
756	1:32:10.6	1:32:19.4		They are the stories of families, with their tents and their animals, and their daily lives, caught up in an event that they had no way of understanding.
757	1:32:21.9	1:32:25.2	evenki-camp-after-storm-people-rebuilding	We must be careful, though, about one thing.
758	1:32:26.8	1:32:35.1		Some of the stories told about the Evenki in connection with this event have been told and retold in the wrong way, and have grown into legends of their own.
759	1:32:37.6	1:32:42.3		You may sometimes read that the Evenki saw the event as a kind of divine punishment.
760	1:32:44.0	1:32:53.9		There are accounts where it is said that the sky god, Agdy, had come down, and had cursed the forest, and that the people were afraid to go there for years.
761	1:32:56.1	1:32:59.5		Some versions of this story are told in books and on television.
762	1:33:01.5	1:33:08.2		It is hard to know how much of this comes from the Evenki themselves, and how much was added by outsiders.
763	1:33:10.1	1:33:21.2		Many of the accounts that we have were gathered by Russian scientists, who were writing in a hurry, in difficult conditions, and who did not always understand the language or the traditions.
764	1:33:23.5	1:33:29.8		Some people have argued that the stories were shaped, over time, by the way they were asked for.
765	1:33:32.1	1:33:35.8		What does seem true is that the area became a place of caution.
766	1:33:37.4	1:33:43.1		It was a place of great power, as many people said, and one did not go there without good reason.
767	1:33:44.8	1:33:51.1		That sort of feeling is very common in the world, around places that have seen strange or powerful events.
768	1:33:53.0	1:33:55.8		It does not need any more explanation than that.
769	1:33:57.8	1:34:09.3		We might say simply that the Evenki, who had lived in this forest for centuries, knew that something very big had happened, and felt that the right thing was to treat the place with respect.
770	1:34:11.6	1:34:17.3		And that is a wise thing to do, for any place that has been touched by something larger than ourselves.
771	1:34:19.6	1:34:24.7	soviet-expedition-aerial-survey-plane-meadow	After Kulik's last expedition in 1939, the story took a sad turn.
772	1:34:26.9	1:34:29.9		In 1941, the war came.
773	1:34:31.4	1:34:37.7		Germany invaded the Soviet Union, and the whole country was drawn into one of the hardest struggles in its history.
774	1:34:39.5	1:34:45.3		Kulik, who was by then in his late fifties, joined a volunteer unit of the army.
775	1:34:47.1	1:34:52.3		In the fighting around Moscow in the autumn of 1941, he was taken prisoner.
776	1:34:54.0	1:35:00.7		He fell ill in a prison camp, and he died in the spring of 1942, at the age of fifty-eight.
777	1:35:03.1	1:35:04.8		He never found his meteorite.
778	1:35:06.2	1:35:11.6		He never knew that he had, in fact, found something even more extraordinary.
779	1:35:13.8	1:35:16.2		But he had done what no one else had done.
780	1:35:17.6	1:35:23.8		He had gone to the place, and seen it with his own eyes, and measured it, and told the world.
781	1:35:25.7	1:35:33.5		Without his stubbornness, and his enthusiasm, and his patient labour in the swamps, the story might have been lost.
782	1:35:35.9	1:35:39.3		Today, Kulik is remembered with great respect.
783	1:35:40.9	1:35:44.8		In the Tunguska region, there are places named after him.
784	1:35:46.4	1:35:48.6		A crater on the Moon bears his name.
785	1:35:50.0	1:35:57.2		And scientists who study the event still use the maps and the photographs and the notes that he made, almost a hundred years ago.
786	1:35:59.6	1:36:01.4		His work reminds us of something.
787	1:36:02.8	1:36:16.3		That curiosity, and effort, and care, even when they do not lead to the answer we expected, can lead to an answer that is just as good, or better, for those who come after.
788	1:36:19.3	1:36:25.0	quiet-wartime-library-lamp-notes-evening	During the war years, and for a while after, research on the Tunguska event stopped.
789	1:36:27.3	1:36:33.0		But the notes, and the photographs, and the maps stayed safe in the archives.
790	1:36:34.8	1:36:41.7		And as the war ended, and the country slowly rebuilt, a new generation of scientists began to take an interest.
791	1:36:44.1	1:36:51.8		In the late 1940s, a writer of science stories named Alexander Kazantsev published a tale about the event.
792	1:36:53.7	1:37:03.5		In his story, the explosion in Siberia was not caused by a rock at all, but by a visiting spaceship that had blown up in the air.
793	1:37:05.7	1:37:12.8		It was only a work of fiction, written for fun, and Kazantsev himself did not claim it was true.
794	1:37:14.7	1:37:20.4		But the idea caught on, and for years afterwards, it was repeated in books and magazines.
795	1:37:22.7	1:37:26.1		It is worth saying clearly that there is no evidence for this.
796	1:37:27.6	1:37:31.4		The science that has been done since then points to a natural cause.
797	1:37:33.0	1:37:38.0		But the fiction is a sign of how much the event had captured the public imagination.
798	1:37:39.7	1:37:47.7		People wanted there to be a great mystery, and it was a kind of tribute to the power of the story that so many wanted to explain it in their own ways.
799	1:37:50.2	1:37:54.9		Meanwhile, the real scientists got on with the real work.
800	1:37:56.6	1:38:07.0		In the 1950s and 1960s, they began to travel to the forest in larger groups, with better instruments, and a much clearer idea of what they were looking for.
801	1:38:09.7	1:38:15.0	soviet-scientists-sieving-soil-forest-camp	In 1958, a new expedition set out for the Tunguska forest.
802	1:38:17.3	1:38:26.8		It was led by a geochemist named Kirill Florensky, and it was the first of many that would be organised by the Academy of Sciences in the following years.
803	1:38:28.9	1:38:37.4		The team was larger than Kulik's had been, and better equipped, with trucks, radios, and modern instruments.
804	1:38:39.5	1:38:41.5		They were not looking for a big stone.
805	1:38:42.9	1:38:44.9		They were looking for small clues.
806	1:38:46.8	1:38:48.6		They made maps with great care.
807	1:38:49.9	1:38:55.4		They studied the fallen trees, tree by tree, and measured the directions in which they lay.
808	1:38:57.2	1:39:02.0		They collected soil, and sifted it, and looked at it under microscopes.
809	1:39:03.7	1:39:10.3		They took samples of the peat, and of the resin in the trees, and of the water in the little pools.
810	1:39:12.6	1:39:16.2		In the soil, they found something remarkable.
811	1:39:17.8	1:39:28.8		Mixed into the top layers of the ground, in the area of the explosion, there were tiny round particles, like microscopic beads, made of metal and glass.
812	1:39:31.1	1:39:33.0		They were smaller than grains of sand.
813	1:39:34.4	1:39:40.2		Some were made of iron and nickel, and some of silicate, a kind of glassy stone.
814	1:39:42.5	1:39:53.4		These beads, called spherules, are formed when a body from space melts in the air and breaks into droplets, which cool and fall as a fine rain of tiny balls.
815	1:39:55.6	1:39:57.9		They are typical of meteoritic dust.
816	1:39:59.4	1:40:11.8		Their presence in the Tunguska soil was strong evidence that the object had indeed been a natural body from space, and that it had broken up high in the atmosphere, scattering its remains over the landscape.
817	1:40:14.7	1:40:16.7		It was a very satisfying discovery.
818	1:40:18.1	1:40:19.6		And it was only the beginning.
819	1:40:21.5	1:40:25.4	tree-ring-cross-section-closeup-sunlit-lab	Over the following decades, many more studies were carried out.
820	1:40:27.5	1:40:35.7		Scientists looked at the rings of trees that had survived the blast, and found that the rings from the year 1908 told a story.
821	1:40:37.7	1:40:45.9		The trees that were still standing, after the event, had grown more slowly in the next few years, as if they had been shocked.
822	1:40:47.9	1:40:58.1		But some of them, after a period of recovery, grew faster than before, perhaps because the surrounding trees had been cleared away, and there was more light and space.
823	1:41:00.3	1:41:03.0		Rings are like a diary, written in wood.
824	1:41:05.0	1:41:11.4	peat-bog-core-sample-researcher-hands	They studied the peat in the bogs, which laid down a layer each year, like pages in a book.
825	1:41:13.2	1:41:24.1		In the layer for 1908, they found small changes in the chemistry, which fit with the dust of a meteoroid, and with a short rise in the amount of certain elements.
826	1:41:26.4	1:41:35.2		They even found traces of the same elements in ice cores from the polar regions, from the year 1908, thousands of kilometres away.
827	1:41:37.8	1:41:49.0		They studied the fallen trees, and worked out, from the angle at which the trunks lay, and from how the bark was scorched, the exact place where the explosion had happened.
828	1:41:51.3	1:42:00.0		They found that the blast had come from a point about eight kilometres above the ground, though newer studies give a range of between five and ten.
829	1:42:02.6	1:42:09.4		They collected more accounts, and compared them with the measurements, and slowly the whole picture came together.
830	1:42:11.3	1:42:18.6		It was patient work, done in the summers, in the mud and the mosquitoes, by dozens of people.
831	1:42:20.5	1:42:26.9		In the winters, they sat in their offices, in the cities, and studied the numbers.
832	1:42:28.7	1:42:30.0		And it all added up.
833	1:42:31.9	1:42:37.0	laboratory-microscope-tiny-silver-spheres	By the end of the twentieth century, the story had been pieced together with much more care.
834	1:42:39.2	1:42:48.1		The object had come in at a shallow angle, from the south-east, travelling at a speed of perhaps fifteen to thirty kilometres a second.
835	1:42:50.2	1:42:58.6		It was most likely about fifty to sixty metres across, roughly the size of a large building, though some estimates are smaller or larger.
836	1:43:00.6	1:43:08.0		It exploded about five to ten kilometres above the forest, releasing energy of about ten to fifteen megatons.
837	1:43:10.4	1:43:16.5		It flattened some eighty million trees over an area of about two thousand one hundred and fifty square kilometres.
838	1:43:18.4	1:43:24.5		It threw out heat, and a shock wave, and a roar that was heard hundreds of kilometres away.
839	1:43:26.3	1:43:32.3		It set some of the forest on fire, in places, though the fires did not spread widely.
840	1:43:34.1	1:43:42.6		And it left no great crater, only a landscape of fallen trees, tiny beads, and a quiet that lasted a very long time.
841	1:43:45.1	1:43:54.1		All of this was learned by people who walked through that forest, sat beside those bogs, and looked closely at things that most would have passed by.
842	1:43:56.2	1:44:02.5		It is a good example of how science works, with slow, careful, modest steps.
843	1:44:04.8	1:44:08.0		And still, some questions remain open.
844	1:44:10.1	1:44:13.9	comet-bright-head-tail-over-dark-hills	One of the biggest questions is what the object actually was.
845	1:44:15.9	1:44:18.9		For a long time, scientists have disagreed.
846	1:44:20.4	1:44:22.3		There have been two main ideas.
847	1:44:23.7	1:44:28.2		Both are about natural objects, and both fit much of the evidence.
848	1:44:29.9	1:44:33.2		Let us look at them calmly, one by one.
849	1:44:35.2	1:44:37.5		The first idea is that it was a comet.
850	1:44:38.9	1:44:46.0		Remember that a comet is a ball of ice and dust, a bit like a very large, loose snowball.
851	1:44:48.0	1:44:54.8		If a small comet entered the atmosphere, it would be heated rapidly, and the ice would turn to steam.
852	1:44:56.6	1:45:02.0		The whole thing would blow apart in the air, in a great burst, leaving no stony remains.
853	1:45:04.3	1:45:06.4		This idea fits several of the facts.
854	1:45:07.8	1:45:14.9		It explains why no large fragments were found, because ice melts, and the dust spreads away.
855	1:45:16.8	1:45:26.6		It might explain the bright night skies, because a comet carries a lot of water, and the water would have gone high into the sky, to form clouds that shine.
856	1:45:28.8	1:45:35.7		This idea was suggested in the 1930s by the British scientist who studied the barograph records, and by others.
857	1:45:38.1	1:45:39.7		But there are difficulties.
858	1:45:41.0	1:45:42.6		A comet is very fragile.
859	1:45:44.0	1:45:51.0		It would probably break up much higher in the atmosphere, long before reaching the height where the explosion took place.
860	1:45:52.9	1:45:56.4		Some scientists think a comet would not penetrate deeply enough.
861	1:45:57.9	1:46:03.4		And the tiny spherules found in the soil seem to point to rock and metal, not ice.
862	1:46:05.7	1:46:09.0	rocky-asteroid-in-space-quiet-stars	The second idea is that it was a stony asteroid.
863	1:46:11.0	1:46:15.4		An asteroid is a piece of rock, and it is much stronger than a comet.
864	1:46:17.1	1:46:23.9		If one of about fifty metres entered the air, it would plunge much deeper into the atmosphere before breaking up.
865	1:46:25.7	1:46:34.2		It would then burst at a height of a few kilometres, with a shockwave strong enough to knock down trees, just as was seen in the forest.
866	1:46:36.8	1:46:39.9		This idea fits the tiny beads of metal and glass.
867	1:46:41.4	1:46:45.7		It also fits the calculations of how deep the object went before bursting.
868	1:46:47.3	1:46:53.9		Many scientists today favour it, and a number of detailed studies, using computers, point the same way.
869	1:46:56.3	1:46:59.2		It also explains why no large pieces were found.
870	1:47:00.7	1:47:12.9		In the explosion, the stone was shattered into countless small fragments, and most of the material was turned into very fine dust, or vapour, and spread through the air.
871	1:47:15.3	1:47:18.8		Only a small portion may have landed in the form of tiny particles.
872	1:47:20.8	1:47:27.3		So today, most researchers think it was probably a stony asteroid that exploded in the air.
873	1:47:29.2	1:47:37.0		But there is no single piece of evidence that settles the matter entirely, and some scientists still think a comet is possible.
874	1:47:39.5	1:47:46.7	small-forest-lake-still-water-morning	In 2007, a team of Italian scientists from the University of Bologna suggested something new.
875	1:47:49.1	1:47:54.2		They had been studying a small lake in the Tunguska region, called Lake Cheko.
876	1:47:55.9	1:48:06.4		It lies about eight kilometres north-west of the centre of the fallen forest, and it is a small, almost perfectly oval lake, about five hundred metres across.
877	1:48:08.7	1:48:12.2		It is quiet and deep, and ringed with trees.
878	1:48:14.2	1:48:23.5		The Italian scientists proposed that the lake might be a crater, made by a fragment of the object that had survived and fallen to the ground in 1908.
879	1:48:25.6	1:48:32.6		They studied the shape of the lake, and the layers of mud on its floor, and they found some features that seemed to fit.
880	1:48:35.0	1:48:36.6		It was an exciting idea.
881	1:48:38.0	1:48:46.4		If true, it would mean that a piece of the object had been found, hidden beneath the water, for all those years.
882	1:48:48.9	1:48:53.0		Other scientists, however, were not convinced.
883	1:48:54.6	1:49:02.8		Some argued that the lake was much older than 1908, and pointed to the age of the sediments, and to the shape of the basin.
884	1:49:04.9	1:49:08.1		Others said it was simply one of many small lakes in the region.
885	1:49:09.6	1:49:11.9		Studies since have gone back and forth.
886	1:49:13.8	1:49:18.5		At the time of this recording, the question of Lake Cheko has not been settled.
887	1:49:20.2	1:49:22.9		It may be a crater, and it may not.
888	1:49:24.4	1:49:33.1		It is one of those quiet puzzles that are left for people in the future to solve, perhaps with better drills, and a more careful look at the mud.
889	1:49:35.6	1:49:38.3	night-sky-aurora-over-lonely-forest-cabin	There have also been many wilder theories.
890	1:49:40.3	1:49:47.2		Over the years, people have suggested that the explosion was caused by a tiny black hole, passing through the Earth.
891	1:49:49.1	1:49:51.3		Some said it was a lump of antimatter.
892	1:49:52.7	1:49:56.1		Some said it was a burst of gas from deep underground.
893	1:49:57.6	1:50:08.9		Some said that the great inventor Nikola Tesla had done it with an experiment, though this is simply not possible, since Tesla's machines could not do anything remotely like it.
894	1:50:11.3	1:50:17.0		And some, as we have said, have suggested that it was a spaceship.
895	1:50:19.2	1:50:21.6		None of these ideas is supported by evidence.
896	1:50:23.1	1:50:28.0		Most are rather like fairy stories, told for fun on long winter nights.
897	1:50:29.7	1:50:37.0		They are not harmful, and they are part of the charm of the Tunguska story, but they are not what the scientists think happened.
898	1:50:39.4	1:50:43.0		It is good to remember that a mystery does not have to be a miracle.
899	1:50:44.6	1:50:49.9		Something can be wonderful, and strange, and still have a natural explanation.
900	1:50:51.6	1:51:10.0		In fact, the true explanation, an object from space, no bigger than a block of flats, travelling fast enough to cross a continent in minutes, and bursting in the sky with the energy of millions of tonnes of explosive, is every bit as marvellous as anything made up.
901	1:51:13.2	1:51:15.5		And the best part is that we are still learning.
902	1:51:17.4	1:51:23.5	supercomputer-hall-soft-blue-light-screens	In the early years of the twenty-first century, scientists found a new way to look at the Tunguska event.
903	1:51:25.8	1:51:27.1		They used computers.
904	1:51:28.5	1:51:34.6		Very powerful ones, of the kind that can carry out billions of calculations every second.
905	1:51:36.4	1:51:48.5		With these machines, researchers at several laboratories, including one in New Mexico, in America, built detailed simulations of an object entering the atmosphere.
906	1:51:51.4	1:51:54.7		The idea is simple, though the numbers are not.
907	1:51:56.2	1:52:05.0		You tell the computer what the object is made of, how big it is, how fast it is moving, and at what angle it comes in.
908	1:52:07.1	1:52:17.9		Then you let the computer work out, step by step, how the air presses on it, how it heats, how it breaks up, and how the energy is released.
909	1:52:20.2	1:52:26.9		It is like running a very detailed film of the explosion, frame by frame, in slow motion.
910	1:52:29.2	1:52:34.6		One surprising result of these simulations was that the object may have been smaller than people had thought.
911	1:52:36.4	1:52:42.3		In the simulations, the fragments of the broken object did not simply fall as a cloud of dust.
912	1:52:44.1	1:52:52.0		They travelled together, as a kind of fiery jet, which pushed deeper into the air, and released its energy lower down, closer to the ground.
913	1:52:54.0	1:52:57.7		This made the explosion more efficient at knocking down trees.
914	1:52:59.7	1:53:11.2		So, an object of perhaps thirty to fifty metres, and an energy of about three to five megatons, could have flattened the forest in the way that was seen.
915	1:53:13.6	1:53:19.3		That is smaller than the older estimates, and it makes the event a little less rare than people feared.
916	1:53:21.6	1:53:24.6	digital-map-fan-shaped-pattern-fallen-trees	The simulations also reproduced the butterfly pattern.
917	1:53:26.6	1:53:41.0		When the computer models were run with an object coming in at a shallow angle, from the south-east, the pattern of blast damage on the ground came out in the shape of two wings, spreading out from the burst point, with a quiet zone in the middle.
918	1:53:43.6	1:53:49.4		This was just what Kulik's aerial photographs had shown, almost seventy years earlier.
919	1:53:51.7	1:53:55.0		It must have been a strange and wonderful moment for the scientists.
920	1:53:56.5	1:54:09.5		They had set up a virtual world, and run a virtual meteoroid, and watched a pattern appear on their screens that matched, tree for tree, what a small team had mapped by hand in the swamps long ago.
921	1:54:12.5	1:54:14.7		This is the quiet joy of science.
922	1:54:16.1	1:54:19.2		It is when a modern machine and an old notebook agree.
923	1:54:20.7	1:54:29.1		It means that the people who came before us did good work, and that our understanding, slowly and carefully, is on the right track.
924	1:54:31.7	1:54:35.0		We should say that the simulations do not settle every question.
925	1:54:36.5	1:54:40.4		Different teams use different assumptions, and get different numbers.
926	1:54:42.0	1:54:47.3		There is still much debate about the exact size of the object, and its exact makeup.
927	1:54:49.0	1:54:58.3		But the broad picture, an asteroid, a shallow angle, an airburst, a flattened forest, seems solid.
928	1:55:01.0	1:55:04.2	forest-research-station-evening-light-wooden-cabin	Over the years, expeditions have continued.
929	1:55:06.2	1:55:17.4		In the 1990s, and in the 2000s, groups of scientists from Russia and from other countries, including Italy and Germany and the United States, returned to the forest.
930	1:55:19.7	1:55:24.8		They carried lighter equipment, and satellite navigation, and cameras.
931	1:55:26.5	1:55:33.0		They studied the bogs, the lakes, the trees and the soil, and gathered more and more evidence.
932	1:55:35.4	1:55:41.3		Some of them stayed for weeks, in simple camps, in tents or in wooden cabins.
933	1:55:43.0	1:55:50.9		They would get up with the sun, and walk long distances through the forest, carrying heavy bags, and measure and record.
934	1:55:52.9	1:55:59.6		In the evenings, they would sit around a small fire, and talk about their day, and drink tea.
935	1:56:02.0	1:56:11.8		They were joined, at times, by local people, and by the Evenki, who helped as guides, and who shared their own knowledge of the land.
936	1:56:14.0	1:56:21.0		It was a small, friendly kind of science, based on shared curiosity, patience, and respect.
937	1:56:23.4	1:56:26.5		Today, much of the area is protected.
938	1:56:28.0	1:56:37.6		In the 1990s, the Russian government set up a nature reserve, called the Tunguska Nature Reserve, which covers a large part of the region.
939	1:56:39.8	1:56:49.2		Its purpose is to look after the forest, and the rivers, and the wildlife, and to allow scientists to continue their work in peace.
940	1:56:51.8	1:56:54.3		It is a fitting thing, we might say.
941	1:56:55.7	1:57:00.5		A place that was struck by a force from the sky is now kept as a place of calm.
942	1:57:02.7	1:57:04.8	desert-crater-arizona-sunrise-wide	The Tunguska event was a large one.
943	1:57:06.2	1:57:09.6		But it was not the only time the Earth has met a visitor from space.
944	1:57:11.7	1:57:19.6		In the desert of Arizona, in the United States, there is a great round hollow in the land, called Meteor Crater.
945	1:57:21.6	1:57:27.3		It is about one and a quarter kilometres across, and nearly two hundred metres deep.
946	1:57:29.0	1:57:37.6		It was made about fifty thousand years ago, when an iron meteorite, perhaps fifty metres wide, struck the ground at high speed.
947	1:57:39.7	1:57:50.1		Today, you can stand at its edge, in the dry desert air, and look out across it, and feel how large the world is, and how old.
948	1:57:52.8	1:58:06.0		In February of 1947, in the far east of Russia, in the Sikhote-Alin mountains, a bright fireball crossed the morning sky, and a shower of iron meteorites fell on the snowy forest.
949	1:58:08.6	1:58:13.7		Many people saw it, and some of them were able to paint and draw what they had seen.
950	1:58:15.4	1:58:20.1		Scientists collected thousands of pieces, and found a number of small craters.
951	1:58:21.7	1:58:32.7		It was a very large fall, but it came apart in the air, and fell as a rain of metal pieces over a wide place, so that none of them was large enough to cause great harm.
952	1:58:35.5	1:58:38.6		And in more recent times, there have been others.
953	1:58:40.1	1:58:52.0		Observation networks, and cameras, and satellites now record dozens of small events each year, as bright fireballs flash in the sky, and are noticed from space.
954	1:58:54.4	1:58:58.0		Most are small, and burn away without a sound.
955	1:58:59.6	1:59:06.5		A few are brighter, and are seen by many people, and make a boom that rolls through the countryside.
956	1:59:08.9	1:59:13.4	winter-morning-sky-bright-trail-over-city-skyline	One of these, in particular, was widely seen.
957	1:59:15.5	1:59:24.2		On a cold morning in February of 2013, over the city of Chelyabinsk in Russia, a bright fireball appeared in the sky.
958	1:59:26.3	1:59:30.8		It was about twenty metres across, much smaller than the Tunguska object.
959	1:59:32.5	1:59:38.2		It entered the air at a shallow angle, and exploded about thirty kilometres above the ground.
960	1:59:40.4	1:59:42.4		It was seen by thousands of people.
961	1:59:43.8	1:59:46.4		Many of them were on their way to work or to school.
962	1:59:47.9	1:59:55.9		They looked up, and saw a brilliant white streak, brighter than the sun, with a long trail of smoke curling behind it.
963	1:59:57.9	2:00:02.2		And then, a minute or two later, the shock wave arrived.
964	2:00:03.8	2:00:11.2		It rolled across the city, and broke a great many windows, and rattled doors and cars and buildings.
965	2:00:13.7	2:00:20.8		Because it was a morning in a city, with lots of cars and cameras, the event was filmed from every angle.
966	2:00:22.7	2:00:26.5		Within hours, the videos were seen all over the world.
967	2:00:28.0	2:00:32.7		It was the first time that an event of this kind had been recorded in such detail.
968	2:00:34.9	2:00:43.5		Scientists used the videos, and other data, to work out exactly where the object had come from, and what it was made of.
969	2:00:45.6	2:00:51.7		It turned out to be a stony asteroid, which had been travelling in a path that had never been noticed.
970	2:00:53.5	2:01:01.4		Nobody had seen it coming, because it was too small and too dark to detect, and it had come in from the direction of the sun.
971	2:01:03.9	2:01:05.9		Chelyabinsk was a useful reminder.
972	2:01:07.3	2:01:13.5		It showed that objects from space do reach the Earth, not just in ancient times, but now.
973	2:01:15.3	2:01:20.2		And it showed that, with careful study, we can learn a great deal from them.
974	2:01:22.4	2:01:25.6	gentle-meteor-shower-over-quiet-lake-night	Now, let us put all of this in proportion.
975	2:01:27.6	2:01:30.7		The Earth is struck by small objects every day.
976	2:01:32.2	2:01:41.6		Some, no bigger than grains of dust, fall in their millions, and drift softly down through the air, as a fine, invisible rain.
977	2:01:43.8	2:01:53.8		Perhaps forty tonnes of material, from space, lands on our planet each day, most of it as very fine dust, and no one notices.
978	2:01:56.5	2:02:00.9		Objects the size of a pebble make the shooting stars that you can see on a summer night.
979	2:02:02.5	2:02:13.4		An object the size of a car, entering the atmosphere, makes a bright fireball a few times a year, somewhere in the world, usually over the ocean or empty land.
980	2:02:15.7	2:02:19.9		One the size of the Chelyabinsk object comes along every few decades.
981	2:02:22.0	2:02:28.0		Objects the size of the Tunguska body, around fifty metres, are far rarer.
982	2:02:29.8	2:02:39.5		Scientists estimate that one such object strikes the Earth about once in several hundred years, or once in a thousand years, or perhaps more.
983	2:02:41.7	2:02:49.0		The exact figure is uncertain, and more recent studies suggest that these events may be less frequent than we thought.
984	2:02:50.9	2:02:52.0		But the point is clear.
985	2:02:53.3	2:03:01.1		It is a rare event, and most likely it will not happen again in our lifetime, or in the lifetime of anyone we know.
986	2:03:03.6	2:03:11.7		And even if it did, there is a good chance it would fall in the sea, or in empty land, as the Tunguska body did.
987	2:03:13.7	2:03:17.4		The Earth is a very large place, and most of it is quiet.
988	2:03:19.5	2:03:23.9	observatory-telescope-dome-open-night-sky	There is a hopeful part to this story, and it is the part that comes next.
989	2:03:26.0	2:03:33.1		Because of Tunguska, and because of other events like it, people began to take the sky more seriously.
990	2:03:35.0	2:03:41.1		Over the last few decades, astronomers have begun to watch for objects that might cross the path of the Earth.
991	2:03:42.9	2:03:50.5		They are called near-Earth objects, and they are the small asteroids and comets whose orbits bring them close to our planet.
992	2:03:53.0	2:04:06.4		In the 1990s, a number of observatories began to search for them, patiently, night after night, using telescopes and cameras that can detect very faint, slow-moving points of light.
993	2:04:08.9	2:04:16.0		Each night, they compare their pictures with those from the night before, and look for any dot that has moved.
994	2:04:17.9	2:04:26.3		When they find one, they measure its position again and again, and work out its orbit, as precisely as they can.
995	2:04:28.9	2:04:30.8		The work has been very successful.
996	2:04:32.2	2:04:36.7		Today, we know of tens of thousands of near-Earth asteroids.
997	2:04:38.3	2:04:47.4		We have found nearly all of the very big ones, those a kilometre across or more, and we know that none of them is going to hit us for a very long time.
998	2:04:49.5	2:04:55.6		We are now working our way down to the smaller ones, which are harder to see, and more numerous.
999	2:04:57.9	2:04:59.9		New telescopes are coming into use.
1000	2:05:01.3	2:05:17.3		A great observatory in the mountains of Chile, named after the American astronomer Vera Rubin, began to take its first images in 2025, and will photograph the whole southern sky again and again, finding many new moving objects.
1001	2:05:20.0	2:05:29.8		And space agencies are building telescopes that will fly in space, and look for asteroids that approach from the direction of the sun, where ground telescopes cannot see.
1002	2:05:32.5	2:05:36.5	spacecraft-approaching-small-asteroid-quiet-space	And there is something else, which would have astonished the people of 1908.
1003	2:05:38.1	2:05:41.6		We have begun to test ways of moving an asteroid out of the way.
1004	2:05:43.7	2:05:56.8		In September of 2022, a small spacecraft named DART, built by the American space agency, travelled for ten months through space, and met a tiny asteroid called Dimorphos.
1005	2:05:59.3	2:06:08.2		Dimorphos is a little moon, about a hundred and sixty metres wide, that circles a larger asteroid, called Didymos.
1006	2:06:10.3	2:06:12.1		Neither of them was a danger to the Earth.
1007	2:06:13.5	2:06:15.7		They were chosen because they made a good test.
1008	2:06:17.6	2:06:22.2		The spacecraft was not large, about the size of a vending machine.
1009	2:06:23.8	2:06:33.0		It travelled all that way, and then, on purpose, flew straight into the little moon, at a speed of around six kilometres a second.
1010	2:06:35.2	2:06:43.3		It was a gentle experiment, in a sense, because it was done in complete safety, a very long way from home.
1011	2:06:45.8	2:06:48.0		Telescopes on Earth watched the result.
1012	2:06:49.4	2:06:55.7		They saw that the little moon, after the impact, took slightly less time to circle its partner.
1013	2:06:57.5	2:07:02.0		Before, it had taken about eleven hours and fifty-five minutes.
1014	2:07:03.7	2:07:07.9		Afterwards, it took about thirty-two minutes less.
1015	2:07:10.0	2:07:14.9	telescopes-watching-dimorphos-night-observatory	It was a small change, but it was exactly what the scientists had hoped for.
1016	2:07:16.6	2:07:26.4		It showed that, if we find a dangerous asteroid early enough, with years of warning, we can nudge it gently, so that it misses us.
1017	2:07:28.6	2:07:34.6		For the first time in history, human beings had changed the motion of a natural body in space.
1018	2:07:36.9	2:07:38.2	small-probe-in-orbit-over-asteroid-surface	The story continues.
1019	2:07:40.0	2:07:55.6		A second spacecraft, built by the European Space Agency, and called Hera, was launched in October of 2024, and is travelling to the same pair of asteroids, to study the place of the impact in close detail.
1020	2:07:58.3	2:08:07.7		It will measure the size and the shape of the crater, and the makeup of the little moon, and so help us understand exactly what happened.
1021	2:08:09.8	2:08:17.5		Scientists want to know everything they can, so that, if the day ever comes, they will be ready.
1022	2:08:20.0	2:08:25.9		Meanwhile, astronomers have been keeping a friendly eye on another asteroid, named Apophis.
1023	2:08:27.7	2:08:37.3		It is about three hundred and forty metres wide, and in the year 2004, it was briefly thought to have a small chance of hitting the Earth.
1024	2:08:39.4	2:08:42.3		Careful measurements since then have shown that it will not.
1025	2:08:44.3	2:08:56.9		On the thirteenth of April, in the year 2029, Apophis will pass close by our planet, closer than many of our satellites, at a distance of about thirty-two thousand kilometres.
1026	2:08:59.4	2:09:08.3		It will be bright enough to see with the naked eye, a small, quick star, moving across the sky, in the evening, over Europe and Africa.
1027	2:09:10.4	2:09:13.9		Millions of people will be able to look up, and watch it.
1028	2:09:15.9	2:09:17.9		It is a lovely thing to think about.
1029	2:09:19.3	2:09:28.5		An asteroid, passing safely by, in the dark, on a spring evening, while ordinary people look up and wonder.
1030	2:09:30.7	2:09:35.6		It is one of those visits that remind us we are part of a great and gentle solar system.
1031	2:09:37.7	2:09:41.7	night-sky-family-looking-up-hillside-stars	There is even a special day, now, to remember all this.
1032	2:09:43.8	2:09:51.1		In the year 2016, the United Nations declared the thirtieth of June to be International Asteroid Day.
1033	2:09:53.1	2:09:56.9		It was chosen because it is the anniversary of the Tunguska event.
1034	2:09:58.5	2:10:08.1		Each year, on that day, schools and museums and observatories around the world hold talks, and events, and quiet evenings of watching the sky.
1035	2:10:10.7	2:10:15.4		It is a day to learn about asteroids, and about how we can watch for them.
1036	2:10:17.1	2:10:22.3		It is a day to remember that the sky is not just a distant roof, but a part of our home.
1037	2:10:24.0	2:10:32.9		And it is a day to give thanks, a little, for all the people who spend their nights looking at faint dots of light, so that the rest of us can sleep.
1038	2:10:35.5	2:10:39.2		When you think about it, that is a rather beautiful job.
1039	2:10:40.8	2:10:53.2		Somewhere, tonight, an astronomer is sitting in a small, quiet room, in front of a screen, watching the stars move, with a cup of tea in her hand.
1040	2:10:55.6	2:10:58.7		She is looking for something that is very probably not there.
1041	2:11:00.2	2:11:05.9		And if it is there, she will notice it, and write it down, and tell the world.
1042	2:11:08.2	2:11:11.5		So tonight, we can rest a little easier.
1043	2:11:13.0	2:11:17.8		The Tunguska event was a wonder, and a warning, and also a kind of gift.
1044	2:11:19.5	2:11:23.3		It taught us to look up, and it taught us to care for the world we share.
1045	2:11:25.4	2:11:30.4	tunguska-forest-today-green-regrowth-fallen-trunks	Let us go back, now, to the forest, and see how it looks today.
1046	2:11:32.6	2:11:34.4		More than a hundred years have passed.
1047	2:11:35.8	2:11:42.7		If you were to walk in the area beneath the explosion now, you would find that it has changed a great deal.
1048	2:11:44.5	2:11:46.2		The forest has grown back.
1049	2:11:48.1	2:11:56.4		Where the great trees fell, new trees have risen, larches and birches and spruces, tall and strong.
1050	2:11:58.4	2:12:08.3		The young trees grew up between the old fallen trunks, and over the years the old ones rotted slowly into the ground, softened by moss and ferns.
1051	2:12:10.5	2:12:18.1		In places, you can still see them, lying in the same direction, grey and silvery, half hidden in the green.
1052	2:12:20.6	2:12:27.0		The ground is covered with a thick carpet of moss, and cranberries, and small white flowers.
1053	2:12:28.8	2:12:32.0		In the summer, the air hums with insects.
1054	2:12:33.6	2:12:35.4		Birds sing in the branches.
1055	2:12:36.7	2:12:41.0		Small animals go about their business, among the roots and the fallen logs.
1056	2:12:42.7	2:12:50.4		Now and then, a deer, or an elk, steps out of the trees, and stands still, listening.
1057	2:12:52.8	2:12:54.2		It is a peaceful place.
1058	2:12:55.6	2:13:00.9		It is hard to believe that, once, it was a place of fire and roaring wind.
1059	2:13:02.6	2:13:04.9		Nature has a great power of healing.
1060	2:13:06.3	2:13:11.9		Given time, and a little patience, a forest can grow back from almost anything.
1061	2:13:14.2	2:13:16.9	researchers-walking-boardwalk-through-forest	Visitors do come, though not many.
1062	2:13:18.9	2:13:29.3		The Tunguska Nature Reserve has a small base, with wooden buildings, where researchers stay, and where, now and then, a few travellers are welcomed.
1063	2:13:31.5	2:13:33.1		The journey is still not easy.
1064	2:13:34.5	2:13:41.6		It takes some days from the nearest big town, along rough roads and rivers, and one has to go with a guide.
1065	2:13:44.0	2:13:56.1		In the summer, small groups of scientists, and students, and enthusiasts walk through the forest, following narrow paths and wooden walkways laid over the marshy ground.
1066	2:13:58.5	2:14:04.5		They pass the old fallen trees, and the little thaw hollows that Kulik once took for craters.
1067	2:14:06.3	2:14:10.7		They stand quietly at the foot of the hills, and look out over the green.
1068	2:14:12.8	2:14:16.7		Some of them leave small signs, and remembrances.
1069	2:14:18.3	2:14:26.2		At certain points, there are simple wooden markers, put up by earlier expeditions, with names and dates.
1070	2:14:28.2	2:14:32.3		Here and there, the names of the people who worked in the area are remembered.
1071	2:14:33.9	2:14:41.2		In the evenings, the visitors sit together in the cabins, and drink tea, and talk about what they have seen.
1072	2:14:43.6	2:14:45.8		It is a modest kind of pilgrimage.
1073	2:14:47.3	2:14:50.6		There are no grand buildings, and no crowds.
1074	2:14:52.1	2:14:57.6		Only the quiet forest, and the sky, and the people who come to listen.
1075	2:14:59.8	2:15:01.7	evenki-family-reindeer-summer-meadow-today	And the Evenki are still here.
1076	2:15:03.6	2:15:13.1		Some of them live in the villages, along the rivers, in wooden houses with electric lights, and a satellite dish, and a snowmobile in the yard.
1077	2:15:15.3	2:15:22.5		Others keep their old way of life, with reindeer, in the forest, in the summer, as their grandparents did.
1078	2:15:24.4	2:15:31.0		Many families combine both, living in a village in the winter, and moving out to the forest in the warm season.
1079	2:15:33.4	2:15:41.1		Their language is still spoken, though it is less common than it used to be, and many people are working to teach it to the children.
1080	2:15:43.0	2:15:50.3		Their songs, and their stories, and their crafts, such as beadwork and fur sewing, are still treasured.
1081	2:15:52.3	2:15:58.0		The memory of the morning of the thirtieth of June is still part of the family history in some of those families.
1082	2:15:59.7	2:16:08.4		Grandparents tell the young ones what their own grandparents told them, about a flash, and a roar, and a day that was never forgotten.
1083	2:16:11.0	2:16:15.2		It is a good thing to remember that this is not a story about an empty place.
1084	2:16:16.8	2:16:24.5		It is a story about a place that has always been lived in, by people who know the land well, and who care for it.
1085	2:16:26.5	2:16:28.3		They were here before the event.
1086	2:16:29.7	2:16:30.8		They are here now.
1087	2:16:32.1	2:16:36.5		They will, we hope, be here long into the future.
1088	2:16:38.6	2:16:42.1	vanavara-village-evening-quiet-street-today	In the village of Vanavara, too, life goes on.
1089	2:16:44.2	2:16:50.4		It is still a small place, with wooden houses, and gardens, and a few shops.
1090	2:16:52.2	2:16:59.6		There is a school, and a little museum, where visitors can learn about the event, and see photographs and old maps.
1091	2:17:01.5	2:17:09.5		There are children who go to school there, and farmers who keep cows, and grandmothers who sit on benches in the evening sun.
1092	2:17:12.0	2:17:21.4		Sometimes, in the summer, a visitor will stop at the house where the farmer from our story once lived, or at least at the place where it was.
1093	2:17:23.6	2:17:28.8		They will stand at the porch, and look to the north, where the forest begins.
1094	2:17:30.5	2:17:36.4		It is just a quiet porch, on a quiet street, in the warm light of a northern evening.
1095	2:17:38.7	2:17:48.8		And it is easy to imagine a man sitting there, once, on a bright summer morning, with his cup of tea, looking up at the sky.
1096	2:17:51.0	2:17:53.3		He had no idea what was about to happen.
1097	2:17:54.7	2:17:58.9		He was only a farmer, in a small village, on an ordinary day.
1098	2:18:00.5	2:18:07.5		But because of him, and others like him, who told what they saw, we know what happened on that morning.
1099	2:18:09.4	2:18:11.0		That is something worth remembering.
1100	2:18:12.9	2:18:14.4	taiga-evening-glow-calm-river-reflection	We have come a long way tonight.
1101	2:18:16.3	2:18:23.2		We began in the great forest, with its mosses and its larches and its slow, quiet rivers.
1102	2:18:25.0	2:18:30.5		We met the Evenki, with their reindeer, and their tents, and their old stories.
1103	2:18:32.3	2:18:38.6		We looked at the world of 1908, with its railways and newspapers and gentle summer gardens.
1104	2:18:40.9	2:18:49.5		We followed a small piece of rock, on a long journey through space, which came at last to the Earth, on a bright June morning.
1105	2:18:51.6	2:18:58.4		We heard how the sky flashed, and the forest shook, and the people of Vanavara ran out of their houses.
1106	2:19:00.3	2:19:10.4		We saw how the sound travelled around the world, and how, in the nights after, the sky glowed over Europe, pale and silver and still.
1107	2:19:13.1	2:19:20.4		We met Leonid Kulik, who walked into the swamp, and looked at a flattened forest, and began to ask questions.
1108	2:19:22.3	2:19:29.5		We learned how scientists, over many years, with patience and care, put the story together.
1109	2:19:31.4	2:19:45.4		We heard about computers that can rebuild the explosion, and about spacecraft that can move an asteroid, and about a day, in the spring of 2029, when a small, bright star will pass quietly over our heads.
1110	2:19:48.5	2:19:50.9		And we learned that the forest has healed.
1111	2:19:52.9	2:19:55.8	quiet-forest-path-soft-light-ferns	It seems to me that there is a gentle lesson in all this.
1112	2:19:57.8	2:20:00.9		The Earth is very large, and it is very old.
1113	2:20:02.4	2:20:06.0		It has seen many things, and it will see many more.
1114	2:20:07.5	2:20:13.4		Sometimes, something very big happens, and it feels like the end of everything.
1115	2:20:15.2	2:20:22.5		And then, slowly, the moss grows over it, and the birds come back, and the world carries on.
1116	2:20:24.9	2:20:30.6		We are small, and the universe is vast, and that might seem a frightening thing.
1117	2:20:32.4	2:20:34.0		But there is also a comfort in it.
1118	2:20:35.4	2:20:41.6		We are part of something very large, and very patient, and very beautiful.
1119	2:20:43.4	2:20:49.6		We live on a planet that has turned, and healed, and bloomed, for billions of years.
1120	2:20:51.4	2:20:57.0		And we are here, tonight, thinking about it, listening to a story, in the quiet.
1121	2:20:59.3	2:21:01.5		There are people who watch the sky for us.
1122	2:21:02.9	2:21:04.8		There are people who care for the forests.
1123	2:21:06.2	2:21:12.2		There are people who remember, and who write things down, and who pass on what they know.
1124	2:21:14.0	2:21:16.5		We are not alone in looking after this world.
1125	2:21:18.4	2:21:24.5		So, if you are still awake, let your thoughts grow slow and soft.
1126	2:21:26.3	2:21:31.8		Imagine that you are standing at the edge of the taiga, in the long pale light of a summer night.
1127	2:21:33.6	2:21:37.5		The air is warm, and smells of pine and moss.
1128	2:21:39.1	2:21:41.9		The river is murmuring, somewhere near.
1129	2:21:43.4	2:21:49.6		The sky above you is a deep, clear, gentle blue, with a few faint stars.
1130	2:21:51.9	2:21:53.1	final-stars-over-still-forest-lake	Nothing is hurrying.
1131	2:21:54.4	2:21:56.5		Nothing is asking anything of you.
1132	2:21:58.4	2:22:01.4		The trees stand around you, tall and calm.
1133	2:22:02.9	2:22:06.0		The ground is soft, and the night is long.
1134	2:22:07.5	2:22:15.4		Far away, beyond the hills, a little light is spreading along the edge of the sky, and soon the morning will come.
1135	2:22:17.4	2:22:18.1		But not yet.
1136	2:22:19.4	2:22:26.8		For now, there is only the quiet, and the stars, and the slow, steady breathing of the forest.
1137	2:22:29.2	2:22:31.0		Thank you for spending this time with me.
1138	2:22:32.4	2:22:34.3		I hope the story has been a gentle one.
1139	2:22:35.7	2:22:40.2		If you enjoyed it, you are always welcome to come back, and listen to another.
1140	2:22:42.3	2:22:42.7		Goodnight.
1141	2:22:44.0	2:22:44.7		Sleep well.
1142	2:22:46.0	2:22:50.2		And may your dreams be as wide and as peaceful as the great northern forest.
