#	start	end	image	text
1	0:00:00.0	0:00:01.4	intro-bay-dusk	Close your eyes if you'd like.
2	0:00:01.9	0:00:09.8		Tonight, we are travelling back almost two thousand years, to a small Roman town on the edge of a sparkling bay.
3	0:00:10.3	0:00:16.0		A town of painted walls, and busy streets, and gardens full of roses.
4	0:00:17.0	0:00:18.6		We are not here to be frightened.
5	0:00:19.1	0:00:25.2		We are here to walk slowly through its streets, and to listen to the story of its final days.
6	0:00:26.2	0:00:28.2		You don't need to remember any of this.
7	0:00:28.7	0:00:30.6		You don't need to follow every detail.
8	0:00:31.1	0:00:36.6		Just let the story drift past you, the way warm air drifts in from the sea on a summer evening.
9	0:00:37.6	0:00:40.8		If you fall asleep before the end, that's alright.
10	0:00:41.3	0:00:43.8		The town has waited a very long time.
11	0:00:44.3	0:00:45.6		It can wait a little longer.
12	0:00:46.6	0:00:48.2	bay-of-naples-vesuvius	The town was called Pompeii.
13	0:00:48.7	0:00:55.7		It stood in the south of Italy, in a region called Campania, not far from the city we now call Naples.
14	0:00:56.2	0:01:03.4		To the west lay the Bay of Naples, wide and blue, dotted with fishing boats and trading ships.
15	0:01:03.9	0:01:09.5		And to the north, rising gently above the fields and vineyards, stood a mountain.
16	0:01:10.5	0:01:12.5		The Romans called it Vesuvius.
17	0:01:13.5	0:01:17.9		To the people who lived beneath it, Vesuvius did not look dangerous at all.
18	0:01:18.4	0:01:24.8		Its slopes were green, and covered with vines, and dotted with farms and villas.
19	0:01:25.3	0:01:27.4		Wild boar lived in its forests.
20	0:01:27.9	0:01:30.8		Shepherds grazed their flocks on its lower hills.
21	0:01:31.3	0:01:34.6		And the soil around it was some of the richest in all of Italy.
22	0:01:35.6	0:01:43.8		A painting found in Pompeii shows the wine god Bacchus, dressed in grapes, standing beside a single green mountain.
23	0:01:44.3	0:01:48.3		Many believe it is Vesuvius, as the people of the time saw it.
24	0:01:48.8	0:01:51.4		Not a threat, but a gift.
25	0:01:51.9	0:01:55.5		A generous mountain, that gave them wine.
26	0:01:56.5	0:01:59.7	vesuvius-vineyards	Nobody living there knew that Vesuvius was a volcano.
27	0:02:00.2	0:02:04.6		It had been quiet for many centuries, longer than anyone could remember.
28	0:02:05.1	0:02:09.9		There were no stories of fire, no old warnings passed down from grandparents.
29	0:02:10.4	0:02:20.2		One Greek writer, a geographer named Strabo, once noticed that the rocks near its summit looked burnt, as if they had been touched by fire long ago.
30	0:02:20.7	0:02:23.7		But even he thought of it as something from the distant past.
31	0:02:24.7	0:02:35.9		About a hundred and fifty years before our story, a famous rebel named Spartacus, who had escaped from a school for gladiators, hid with his followers on the slopes of Vesuvius.
32	0:02:36.4	0:02:45.7		The story goes that when Roman soldiers blocked the only path down, the rebels made ladders from wild vines, and climbed down the cliffs in the night.
33	0:02:46.2	0:02:49.5		To them, the mountain was a hiding place.
34	0:02:50.0	0:02:50.8		Nothing more.
35	0:02:51.8	0:02:54.2		Pompeii itself was already very old.
36	0:02:54.7	0:03:03.8		It had been founded perhaps seven centuries earlier, by a people called the Oscans, long before Rome became the centre of an empire.
37	0:03:04.3	0:03:12.3		Over the years, it had been home to Greeks, and Etruscans, and a people from the mountains called the Samnites.
38	0:03:12.8	0:03:20.0		Each of them left something behind, a temple here, a style of building there, a few words carved into stone.
39	0:03:21.0	0:03:25.9		About a hundred and sixty years before our story, Pompeii became a Roman colony.
40	0:03:26.4	0:03:32.1		Roman veterans settled there, and Latin slowly became the everyday language of its streets.
41	0:03:32.6	0:03:44.2		By the time of our story, Pompeii was a busy, prosperous little town, with perhaps eleven or twelve thousand people living inside its walls, and many more on the farms and estates around it.
42	0:03:45.2	0:03:47.4		It was not a great city, like Rome.
43	0:03:47.9	0:03:51.4		It was a place where ordinary people lived ordinary lives.
44	0:03:51.9	0:03:57.0		And that, in the end, is exactly what makes it so extraordinary.
45	0:03:58.0	0:04:00.1	town-gate-street	Let's walk in through one of its gates.
46	0:04:00.6	0:04:07.3		The town wall is made of large, pale stones, and the gate is a tall, shadowed arch.
47	0:04:07.8	0:04:16.0		Beyond it, a street runs straight ahead, paved with big, uneven blocks of dark volcanic stone.
48	0:04:17.0	0:04:21.1		Look down, and you'll see deep grooves worn into the paving.
49	0:04:21.6	0:04:27.0		These are the tracks of cart wheels, pressed into the stone by years and years of traffic.
50	0:04:27.5	0:04:35.6		Carts carrying wine, and grain, and building stone, and firewood, rolling in and out of town every day.
51	0:04:36.6	0:04:41.7		Every so often, large stepping stones cross the street from one side to the other.
52	0:04:42.2	0:04:46.7		The streets could be muddy, and sometimes they carried rainwater, and worse.
53	0:04:47.2	0:04:55.1		So pedestrians would step from stone to stone, keeping their sandals dry, while cart wheels passed neatly through the gaps.
54	0:04:56.1	0:04:59.0		On almost every corner, there is a fountain.
55	0:04:59.5	0:05:08.8		A stone basin, with water flowing steadily from a carved face, perhaps a god, or a lion, or a cockerel.
56	0:05:09.3	0:05:16.7		The water came from the mountains, carried by a great aqueduct, and then through a web of lead pipes beneath the streets.
57	0:05:17.2	0:05:19.7		Most families didn't have running water at home.
58	0:05:20.2	0:05:25.4		So they came to the fountain with their jars, and filled them, and stopped to talk with their neighbours.
59	0:05:26.4	0:05:35.5		Over the years, so many hands rested on the edges of these fountains, that the stone became smooth, and worn into gentle hollows.
60	0:05:36.0	0:05:38.0		You can still see those hollows today.
61	0:05:38.5	0:05:42.3		The traces of thousands of people, leaning down to drink.
62	0:05:43.3	0:05:45.7	wall-graffiti	The walls along the streets are covered in writing.
63	0:05:46.2	0:05:49.1		Some of it is painted neatly in red and black letters.
64	0:05:49.6	0:05:52.1		Some of it is scratched quickly into the plaster.
65	0:05:53.1	0:05:57.5		There are election notices, asking people to vote for one candidate or another.
66	0:05:58.0	0:06:03.5		There are advertisements for rooms to rent, and for gladiator shows at the amphitheatre.
67	0:06:04.0	0:06:07.7		And there are little personal messages, left by passers by.
68	0:06:08.2	0:06:09.5		Greetings to friends.
69	0:06:10.0	0:06:11.4		Complaints about neighbours.
70	0:06:11.9	0:06:13.3		Declarations of love.
71	0:06:14.3	0:06:21.2		One message, scratched on a wall, simply says that someone was here, and says hello.
72	0:06:21.7	0:06:24.0		Another praises a woman for her kindness.
73	0:06:24.5	0:06:29.3		Another, rather sadly, reports that a certain man owes someone money.
74	0:06:30.3	0:06:36.0		Reading them today, it feels as if the people of Pompeii have only just stepped out of the room.
75	0:06:37.0	0:06:39.2	forum-jupiter	At the heart of the town is the forum.
76	0:06:39.7	0:06:47.6		A long, open square, surrounded by columns, with temples and public buildings on every side.
77	0:06:48.1	0:06:52.2		At the far end stands the Temple of Jupiter, the king of the gods.
78	0:06:52.7	0:07:00.6		And behind it, framed perfectly between the columns, you can see the green shape of Vesuvius, rising in the distance.
79	0:07:01.6	0:07:04.0		The forum was the place where everything happened.
80	0:07:04.5	0:07:06.2		Merchants sold their goods.
81	0:07:06.7	0:07:09.4		Officials met to discuss the business of the town.
82	0:07:09.9	0:07:13.2		Lawyers argued cases in the great hall called the basilica.
83	0:07:13.7	0:07:19.7		And people simply came to walk, and talk, and see and be seen.
84	0:07:20.7	0:07:26.3		Nearby stood the Temple of Apollo, with a bronze statue of the god drawing his bow.
85	0:07:26.8	0:07:32.3		There was a market hall for meat and fish, and another building where wool merchants gathered.
86	0:07:32.8	0:07:40.4		And all around, the sound of voices, and footsteps, and the occasional braying of a donkey.
87	0:07:41.4	0:07:43.7	earthquake-repairs	But not everything in Pompeii was perfect.
88	0:07:44.2	0:07:50.0		Seventeen years before our story, on a winter's day, the ground had shaken violently.
89	0:07:50.5	0:07:52.2		It was a powerful earthquake.
90	0:07:53.2	0:07:54.2		Walls cracked.
91	0:07:54.7	0:07:55.6		Columns fell.
92	0:07:56.1	0:08:01.6		Statues toppled from their pedestals, and water pipes burst beneath the streets.
93	0:08:02.1	0:08:05.8		In some parts of the town, whole houses had to be rebuilt.
94	0:08:06.8	0:08:12.7		A relief carved in stone, found in the house of a banker, seems to show that day.
95	0:08:13.2	0:08:20.0		The Temple of Jupiter is tilting, and the horses beside an altar look as if they are about to run.
96	0:08:21.0	0:08:25.0		The people of Pompeii did what people have always done after a disaster.
97	0:08:25.5	0:08:28.0		They cleaned up, and they began to rebuild.
98	0:08:28.5	0:08:32.5		Seventeen years later, many of those repairs were still going on.
99	0:08:33.0	0:08:35.1		Scaffolding stood against walls.
100	0:08:35.6	0:08:38.0		Piles of building stone waited in the streets.
101	0:08:38.5	0:08:43.4		Painters were busy freshening up rooms, with pots of colour laid out on the floor.
102	0:08:44.4	0:08:47.3		Nobody knew that the earthquake had been a kind of message.
103	0:08:47.8	0:08:51.9		That deep beneath the mountain, something was slowly waking.
104	0:08:52.9	0:08:57.3		In the years that followed, small tremors came and went.
105	0:08:57.8	0:09:00.8		In Campania, that was nothing unusual.
106	0:09:01.3	0:09:04.8		The ground here had always moved a little, now and then.
107	0:09:05.3	0:09:11.5		People would feel a shiver beneath their feet, pause for a moment, and then carry on with their day.
108	0:09:12.5	0:09:16.1		After all, the mountain looked exactly as it always had.
109	0:09:16.6	0:09:20.8		Green, and quiet, and generous.
110	0:09:21.8	0:09:25.2	evening-oil-lamp	In the evenings, the streets of Pompeii grew calm.
111	0:09:25.7	0:09:31.9		Shopkeepers closed their wooden shutters, sliding each board into its groove, one after another.
112	0:09:32.4	0:09:34.3		Families gathered for their evening meal.
113	0:09:34.8	0:09:42.7		Oil lamps were lit, small clay lamps with a single flame, casting a warm, flickering light on the painted walls.
114	0:09:43.7	0:09:50.3		From the gardens came the scent of roses, and myrtle, and the sound of water trickling in a fountain.
115	0:09:50.8	0:09:54.1		Somewhere, someone was playing a flute.
116	0:09:54.6	0:09:59.2		A dog barked once, far away, and then was quiet.
117	0:10:00.2	0:10:03.7		Above the town, the sky slowly filled with stars.
118	0:10:04.2	0:10:12.3		And beyond the rooftops, the dark shape of Vesuvius rested against the night, as calm and still as it had been for centuries.
119	0:10:13.3	0:10:18.8		Let's stay here for a while, in these quiet streets, before the story moves on.
120	0:10:19.3	0:10:23.5		Listen to the soft lapping of the sea, beyond the town walls.
121	0:10:24.0	0:10:28.8		Feel the warm stone of a doorstep, still holding the heat of the day.
122	0:10:29.3	0:10:34.7		Watch the lamplight flicker in a window, and then, one by one, go out.
123	0:10:35.7	0:10:37.3		The town is going to sleep.
124	0:10:37.8	0:10:43.4		And tomorrow, as far as anyone knows, will be just another ordinary day.
125	0:10:44.4	0:10:49.3	house-atrium	Before the morning comes, let's step inside one of Pompeii's houses.
126	0:10:49.8	0:10:53.6		From the street, most houses looked rather plain.
127	0:10:54.1	0:11:01.1		A simple doorway, perhaps a small shop on either side, and high walls with very few windows.
128	0:11:01.6	0:11:04.4		But inside, it was a different world.
129	0:11:05.4	0:11:08.1		Just past the front door was a narrow entrance hall.
130	0:11:08.6	0:11:12.8		Sometimes, set into the floor, there was a mosaic.
131	0:11:13.3	0:11:23.2		In one house, it shows a large black dog on a chain, with its teeth showing, and beneath it, two words in Latin.
132	0:11:23.7	0:11:24.7		Cave canem.
133	0:11:25.2	0:11:26.4		Beware of the dog.
134	0:11:27.4	0:11:31.9		Beyond the hall opened the atrium, the heart of the Roman house.
135	0:11:32.4	0:11:38.8		It was a tall room with a square opening in the roof, letting in light, and air, and rain.
136	0:11:39.3	0:11:44.9		Beneath the opening, set into the floor, was a shallow pool, to catch the rainwater.
137	0:11:45.4	0:11:53.7		On sunny days, the light fell through the roof and danced on the surface of the water, sending soft ripples of light across the walls.
138	0:11:54.7	0:11:56.9		Around the atrium were smaller rooms.
139	0:11:57.4	0:12:02.6		Bedrooms, often small and simple, with just enough space for a bed.
140	0:12:03.1	0:12:06.1		A room where the master of the house received visitors.
141	0:12:06.6	0:12:14.1		And a small shrine, where the family kept images of their household gods, the spirits who watched over the home.
142	0:12:15.1	0:12:18.9		Every day, the family would leave small offerings there.
143	0:12:19.4	0:12:23.8		A little wine, some grains of incense, perhaps a flower.
144	0:12:24.3	0:12:28.8		It was a quiet way of saying thank you, and asking for protection.
145	0:12:29.8	0:12:34.4	fresco-red-room	What would strike you most, walking through a house like this, is the colour.
146	0:12:34.9	0:12:37.3		The walls were painted from floor to ceiling.
147	0:12:38.3	0:12:45.8		There were deep reds, and warm yellows, and soft greens, and rich, dark blacks.
148	0:12:46.3	0:12:52.6		Painters had created imaginary windows, looking out onto gardens and seascapes that weren't really there.
149	0:12:53.1	0:13:01.4		There were painted columns, and painted curtains, and little scenes from old stories, of gods and heroes and lovers.
150	0:13:02.4	0:13:11.5		Some rooms were painted to look like gardens, with birds perched among the branches of fruit trees, and fountains, and flowers in every colour.
151	0:13:12.0	0:13:18.7		Sitting in a room like that, even in the middle of winter, you might feel as if you were outdoors on a spring morning.
152	0:13:19.7	0:13:26.5		One particular shade of red appears so often, that it is now known simply as Pompeian red.
153	0:13:27.0	0:13:31.9		A warm, deep colour, like the inside of a pomegranate.
154	0:13:32.9	0:13:36.8	peristyle-garden	At the back of many larger houses, there was a garden.
155	0:13:37.3	0:13:45.8		It was surrounded on all sides by a covered walkway, supported by columns, so that you could walk in the shade even on the hottest days.
156	0:13:46.8	0:13:50.9		In the garden grew roses, and violets, and lilies.
157	0:13:51.4	0:13:57.4		There were small fruit trees, and herbs for the kitchen, and vines climbing over trellises.
158	0:13:57.9	0:14:00.6		Marble statues peeked out from among the plants.
159	0:14:01.1	0:14:07.5		And often, in the centre, a fountain splashed quietly into a stone basin.
160	0:14:08.5	0:14:14.1		Archaeologists have found the roots of these plants, preserved as hollow shapes in the ground.
161	0:14:14.6	0:14:21.6		By filling them with plaster, they have been able to discover exactly where each tree and shrub once stood.
162	0:14:22.1	0:14:26.9		Today, some of these gardens have been replanted, just as they were.
163	0:14:27.4	0:14:32.8		So you can walk through them, and smell the same flowers that the people of Pompeii once smelled.
164	0:14:33.8	0:14:37.7	house-of-the-faun	The largest house in Pompeii is known today as the House of the Faun.
165	0:14:38.2	0:14:49.3		It takes its name from a small bronze statue, found in its atrium, of a dancing faun, a woodland spirit with pointed ears, arms raised in joy.
166	0:14:50.3	0:14:51.6		The house was enormous.
167	0:14:52.1	0:14:58.8		It took up an entire block, with two atriums, and two gardens, and dozens of rooms.
168	0:14:59.3	0:15:05.5		And on the floor of one room, there was a mosaic made of more than a million tiny stones.
169	0:15:06.5	0:15:12.8		It shows a great battle from centuries before, between Alexander the Great and the king of Persia.
170	0:15:13.3	0:15:19.0		Horses rearing, spears raised, the faces of the soldiers full of expression.
171	0:15:19.5	0:15:25.2		Someone, long ago, spent months placing every tiny stone by hand.
172	0:15:25.7	0:15:28.8		And the family who lived there walked across it every day.
173	0:15:29.8	0:15:32.5		Not every house was so grand, of course.
174	0:15:33.0	0:15:36.1		Most people in Pompeii lived in much smaller homes.
175	0:15:36.6	0:15:42.8		Some families lived in just one or two rooms above their shop, or at the back of their workshop.
176	0:15:43.3	0:15:53.5		They cooked on a small stove, slept on simple beds, and spent most of their day out in the street, working, and talking, and trading.
177	0:15:54.5	0:15:58.5		Many of the people who lived in the great houses were not members of the family at all.
178	0:15:59.0	0:16:07.2		They were enslaved people, who cooked, and cleaned, and looked after the children, and carried water from the fountains.
179	0:16:07.7	0:16:09.7		Some had been born in the household.
180	0:16:10.2	0:16:12.2		Others had been brought from far away.
181	0:16:12.7	0:16:19.3		Some would later be freed, and go on to run their own businesses, and even own houses of their own.
182	0:16:19.8	0:16:24.1		Their names, too, appear on the walls of Pompeii.
183	0:16:25.1	0:16:29.4	triclinium-dinner	In the evening, in the wealthier homes, there was the dinner party.
184	0:16:29.9	0:16:36.9		Romans ate lying down, on couches arranged around a low table, each guest resting on one elbow.
185	0:16:37.4	0:16:42.0		The dining room was called a triclinium, which means three couches.
186	0:16:43.0	0:16:47.6		Dinner might begin with eggs, and olives, and small salads.
187	0:16:48.1	0:16:49.8		Then came the main dishes.
188	0:16:50.3	0:17:04.3		Fish from the bay, perhaps, or roast pork, or chicken, often flavoured with honey, and herbs, and a salty fish sauce called garum, which Romans loved to add to almost everything.
189	0:17:04.8	0:17:07.2		And at the end, there was fruit.
190	0:17:07.7	0:17:12.2		Figs, and grapes, and apples, and pomegranates.
191	0:17:13.2	0:17:17.6		Wine was always served, mixed with water, in painted cups.
192	0:17:18.1	0:17:22.3		Sometimes there was music, or someone reading poetry aloud.
193	0:17:22.8	0:17:27.9		And the conversation went on long into the night, by the soft light of the oil lamps.
194	0:17:28.9	0:17:36.0		In some summer dining rooms, the couches stood outside in the garden, beneath a pergola covered in vines.
195	0:17:36.5	0:17:43.7		Guests could lie back and look up through the leaves at the stars, while a small stream of water flowed along a channel beside them.
196	0:17:44.7	0:17:51.1	villa-mysteries	Just outside the town walls, on the road leading towards the sea, stood a large country house.
197	0:17:51.6	0:17:54.4		Today it is called the Villa of the Mysteries.
198	0:17:55.4	0:17:59.9		In one of its rooms, the walls are covered with a remarkable painting.
199	0:18:00.4	0:18:07.3		Life sized figures move in a slow procession around the room, against a background of that deep Pompeian red.
200	0:18:07.8	0:18:14.1		There are women, and children, and mythical figures, taking part in some kind of ceremony.
201	0:18:14.6	0:18:17.1		Nobody is quite sure what it means.
202	0:18:17.6	0:18:20.2		Some think it shows a secret religious ritual.
203	0:18:20.7	0:18:24.1		Others think it may show a young woman preparing for her wedding.
204	0:18:25.1	0:18:28.4		The figures look calmly out at us across the centuries.
205	0:18:28.9	0:18:29.9		Keeping their secret.
206	0:18:30.9	0:18:34.9		Beyond the villa, the land sloped down towards the sea.
207	0:18:35.4	0:18:39.4		There were vineyards, and olive groves, and fields of wheat.
208	0:18:39.9	0:18:51.6		Farmhouses dotted the countryside, each one with its own wine press, and rows of large clay jars, buried up to their necks in the ground, to keep the wine cool.
209	0:18:52.6	0:18:55.4		Pompeii's wine was sold all over the Roman world.
210	0:18:55.9	0:19:03.9		Clay jars stamped with the names of local producers have been found as far away as France, and Spain, and North Africa.
211	0:19:04.9	0:19:09.3		And on the slopes of Vesuvius, the grapes were ripening in the sun.
212	0:19:10.3	0:19:12.4	herculaneum-seaside	Pompeii was not alone beside the bay.
213	0:19:12.9	0:19:19.7		Along the curving shoreline, there were other towns, and villages, and great country estates.
214	0:19:20.7	0:19:27.8		On the other side of Vesuvius, right at the edge of the sea, lay a smaller town called Herculaneum.
215	0:19:28.3	0:19:33.1		According to legend, it had been founded by the hero Hercules himself.
216	0:19:34.1	0:19:38.8		Herculaneum was quieter than Pompeii, and in some ways more elegant.
217	0:19:39.3	0:19:42.3		Its houses had terraces looking out over the water.
218	0:19:42.8	0:19:47.1		Wealthy families from Rome came there to escape the heat and noise of the capital.
219	0:19:47.6	0:19:53.2		Fishermen pulled their boats up onto the beach below the town, and mended their nets in the shade.
220	0:19:54.2	0:19:58.4		Just outside Herculaneum stood one of the grandest villas on the whole bay.
221	0:19:58.9	0:20:06.7		It belonged, many believe, to a powerful Roman family, related by marriage to Julius Caesar.
222	0:20:07.2	0:20:12.5		The villa had long gardens with pools, and dozens of bronze and marble statues.
223	0:20:13.0	0:20:15.1		And it had something even more precious.
224	0:20:15.6	0:20:16.4		A library.
225	0:20:17.4	0:20:22.4		On its shelves were hundreds of scrolls, rolls of papyrus covered in handwriting.
226	0:20:22.9	0:20:26.6		Books of philosophy, mostly, written in Greek.
227	0:20:27.1	0:20:33.5		The owner and his friends would sit in the shade of the garden, reading, and discussing big questions.
228	0:20:34.0	0:20:35.2		How to live well.
229	0:20:35.7	0:20:36.6		How to be happy.
230	0:20:37.1	0:20:38.4		How not to be afraid.
231	0:20:39.4	0:20:45.4		Today, the house is known as the Villa of the Papyri, after those scrolls.
232	0:20:45.9	0:20:50.5		And we will come back to them, at the very end of our story.
233	0:20:51.5	0:20:56.5	stabiae-villas	To the south of Pompeii, across a small river, lay Stabiae.
234	0:20:57.0	0:21:02.8		It was less a town than a string of luxurious villas, built along a cliff above the sea.
235	0:21:03.3	0:21:07.1		From their terraces, you could look out across the whole bay.
236	0:21:07.6	0:21:11.2		To the north, the green cone of Vesuvius.
237	0:21:11.7	0:21:15.0		To the west, the islands, floating on the water.
238	0:21:15.5	0:21:20.3		And far across the bay, the bright white buildings of the other towns.
239	0:21:21.3	0:21:29.8		The villas of Stabiae had painted rooms, and heated baths, and long covered walkways where their owners could stroll in any weather.
240	0:21:30.3	0:21:34.6		Some had their own fish ponds, cut into the rocks by the sea.
241	0:21:35.1	0:21:39.9		It was a place for resting, and reading, and doing very little at all.
242	0:21:40.9	0:21:47.1	puteoli-harbour	On the far side of the bay, to the north west, lay the busy port of Puteoli.
243	0:21:47.6	0:21:50.6		Ships arrived there from every corner of the Mediterranean.
244	0:21:51.1	0:21:54.3		Grain from Egypt, to feed the city of Rome.
245	0:21:54.8	0:21:56.9		Glass and spices from the east.
246	0:21:57.4	0:22:02.2		Marble, and wine, and pottery, and cloth.
247	0:22:03.2	0:22:07.4		The harbour was crowded with ships, and the docks were full of noise.
248	0:22:07.9	0:22:09.9		Sailors called out in many languages.
249	0:22:10.4	0:22:13.5		Porters carried heavy jars up and down the gangplanks.
250	0:22:14.0	0:22:18.4		Merchants counted coins, and wrote careful notes on little wax tablets.
251	0:22:19.4	0:22:25.2		Close by was Baiae, the most fashionable resort in the whole Roman world.
252	0:22:25.7	0:22:30.2		It was famous for its natural hot springs, bubbling up from deep underground.
253	0:22:30.7	0:22:38.5		The rich and powerful came there to bathe, and to relax, and, some said, to misbehave.
254	0:22:39.5	0:22:42.9		Nobody thought it strange that hot water came up from the ground there.
255	0:22:43.4	0:22:49.4		Or that in some places, the earth steamed gently, and smelled faintly of sulphur.
256	0:22:49.9	0:22:51.8		It was simply part of the landscape.
257	0:22:52.3	0:22:56.8		A gift, like the rich soil, and the warm sun.
258	0:22:57.8	0:23:03.0	misenum-fleet	And at the very tip of the bay, on a rocky headland, lay Misenum.
259	0:23:03.5	0:23:07.1		Misenum was the home of the Roman navy's largest fleet.
260	0:23:07.6	0:23:16.0		In its harbour, dozens of warships rested at anchor, long and narrow, with rows of oars along their sides.
261	0:23:16.5	0:23:20.9		Thousands of sailors and rowers lived there, in barracks beside the water.
262	0:23:21.9	0:23:28.7		In the summer of our story, the commander of that fleet was a man named Gaius Plinius Secundus.
263	0:23:29.2	0:23:31.5		We know him today as Pliny the Elder.
264	0:23:32.5	0:23:34.5	pliny-study	Pliny was in his mid fifties.
265	0:23:35.0	0:23:39.4		He had been a soldier, and a lawyer, and a trusted official of the emperor.
266	0:23:39.9	0:23:43.5		But above all, he was a man who loved to learn.
267	0:23:44.5	0:23:48.3		He had written a vast book, called the Natural History.
268	0:23:48.8	0:23:51.9		It was an attempt to describe everything in the known world.
269	0:23:52.4	0:23:53.7		The stars and the planets.
270	0:23:54.2	0:23:55.6		The lands and the seas.
271	0:23:56.1	0:24:04.7		Animals, and plants, and minerals, and medicines, and works of art.
272	0:24:05.2	0:24:07.5		It filled thirty seven volumes.
273	0:24:08.5	0:24:10.9		Pliny was famous for never wasting a moment.
274	0:24:11.4	0:24:15.4		He woke long before dawn, and began working by lamplight.
275	0:24:15.9	0:24:18.6		While he ate, someone read to him.
276	0:24:19.1	0:24:22.0		While he bathed, someone read to him.
277	0:24:22.5	0:24:30.7		Even when he travelled, he took a secretary with him, with a book and writing tablets, so that not a single hour would be lost.
278	0:24:31.7	0:24:34.5		He once scolded his nephew for going on a walk.
279	0:24:35.0	0:24:38.4		You could have spent those hours reading, he said.
280	0:24:39.4	0:24:42.2		That nephew was also staying at Misenum that summer.
281	0:24:42.7	0:24:46.1		His name was Gaius Plinius Caecilius Secundus.
282	0:24:46.6	0:24:48.5		We call him Pliny the Younger.
283	0:24:49.5	0:24:51.8	pliny-younger-reading	The young Pliny was seventeen years old.
284	0:24:52.3	0:24:57.9		His father had died when he was a child, and his uncle had taken him under his wing.
285	0:24:58.4	0:25:04.7		He lived in his uncle's house with his mother, Plinia, who was the elder Pliny's sister.
286	0:25:05.7	0:25:08.9		Like his uncle, the young Pliny loved books.
287	0:25:09.4	0:25:16.9		He was studying hard, and hoped one day to become a lawyer, and an orator, speaking before the courts in Rome.
288	0:25:17.4	0:25:22.7		And he would one day become a famous writer himself, known especially for his letters.
289	0:25:23.7	0:25:34.4		Many years later, when he was a grown man, a friend of his, the historian Tacitus, would ask him to write down what he remembered of that summer.
290	0:25:34.9	0:25:35.5		And he did.
291	0:25:36.0	0:25:42.4		His two letters, describing what he saw and heard, have survived for almost two thousand years.
292	0:25:42.9	0:25:47.0		They are the only eyewitness account we have of what was about to happen.
293	0:25:47.5	0:25:53.0		And much of what we know, we know because a seventeen year old boy was paying attention.
294	0:25:54.0	0:25:55.4	bay-night-lights	But all of that lies ahead.
295	0:25:55.9	0:25:58.1		For now, the bay is quiet.
296	0:25:59.1	0:26:02.5		The warships rock gently at their moorings in Misenum.
297	0:26:03.0	0:26:07.5		In Herculaneum, the fishermen's boats are pulled up high on the sand.
298	0:26:08.0	0:26:11.9		The villas of Stabiae are dark, their owners asleep.
299	0:26:12.4	0:26:15.9		And in Pompeii, the last lamps have been put out.
300	0:26:16.9	0:26:21.7		All around the bay, small lights glimmer here and there along the shore.
301	0:26:22.2	0:26:23.7		A late fire in a kitchen.
302	0:26:24.2	0:26:25.5		A lantern on a boat.
303	0:26:26.0	0:26:29.9		A watchman, keeping his lonely vigil on a city wall.
304	0:26:30.9	0:26:35.9		Above them all, Vesuvius stands dark and silent against the stars.
305	0:26:36.4	0:26:44.1		Deep beneath it, far below the vineyards and the forests, something has been gathering for a very long time.
306	0:26:44.6	0:26:47.4		But on the surface, nothing has changed.
307	0:26:48.4	0:26:50.7		The night is warm, and still.
308	0:26:51.2	0:26:53.6		The sea breathes softly against the shore.
309	0:26:54.1	0:26:59.2		And the people of the bay sleep peacefully, as they have slept on so many nights before.
310	0:27:00.2	0:27:03.9		Soon, the sky in the east will begin to grow pale.
311	0:27:04.4	0:27:08.6		And the last day of Pompeii will begin, like any other.
312	0:27:09.6	0:27:11.9	dawn-rooftops	We don't know for certain on which day it happened.
313	0:27:12.4	0:27:17.9		For a long time, people believed it was the twenty fourth of August, in the year seventy nine.
314	0:27:18.4	0:27:22.0		That was the date written in the copies of Pliny's letter that survived.
315	0:27:23.0	0:27:27.6		But over the years, archaeologists noticed some curious things.
316	0:27:28.1	0:27:35.3		In the ruins, they found fruits that ripen in the autumn, like pomegranates and chestnuts.
317	0:27:35.8	0:27:40.9		They found wine that seemed to have been freshly pressed, and sealed in its jars.
318	0:27:41.4	0:27:47.2		And they found braziers, small metal stoves used to warm rooms on cooler days.
319	0:27:48.2	0:27:57.0		Then, a few years ago, in a house that was being repaired at the time, they found a short note, written in charcoal on a wall.
320	0:27:57.5	0:28:01.1		Perhaps a builder scribbled it, as he worked.
321	0:28:01.6	0:28:06.5		It gave a date that, in our calendar, falls in the middle of October.
322	0:28:07.5	0:28:12.7		So many historians now believe that the last day came in the autumn, in late October.
323	0:28:13.2	0:28:15.1		Others still prefer the summer date.
324	0:28:15.6	0:28:19.9		It is one of those small mysteries that Pompeii keeps, even now.
325	0:28:20.9	0:28:23.2		For our story, it doesn't really matter.
326	0:28:23.7	0:28:27.9		It was a warm, clear day, in the year seventy nine.
327	0:28:28.4	0:28:31.3		And the sun was rising over the mountains to the east.
328	0:28:32.3	0:28:36.2	bakery-oven	In Pompeii, the first people to wake were the bakers.
329	0:28:36.7	0:28:39.9		Long before sunrise, they were already at work.
330	0:28:40.9	0:28:43.2		There were more than thirty bakeries in the town.
331	0:28:43.7	0:28:50.6		Each had a large, dome shaped oven, made of brick, and a set of mills for grinding grain.
332	0:28:51.1	0:28:56.6		The mills were tall and made of rough volcanic stone, shaped a little like an hourglass.
333	0:28:57.1	0:29:09.1		A donkey, or sometimes a person, walked around and around, turning the upper stone, while the grain was poured in at the top, and the flour trickled out at the bottom.
334	0:29:10.1	0:29:17.1		The bakers mixed the flour with water and salt and yeast, and kneaded the dough on wooden tables.
335	0:29:17.6	0:29:26.1		They shaped it into round loaves, and pressed lines into the top, so that each loaf could be broken easily into eight pieces.
336	0:29:26.6	0:29:32.6		Some bakers even stamped their loaves with their own name, so that everyone would know whose bread it was.
337	0:29:33.6	0:29:40.1		In one bakery, archaeologists found eighty one loaves of bread, still inside the oven.
338	0:29:40.6	0:29:48.3		Blackened, and hard as stone, but perfectly preserved, each one still showing its eight sections.
339	0:29:48.8	0:29:53.4		The baker had put them in that morning, and never came back to take them out.
340	0:29:54.4	0:29:59.6		As the sun came up, the smell of fresh bread drifted through the streets.
341	0:30:00.1	0:30:06.3		People came to the bakery counters with a few small coins, and went home with warm loaves wrapped in cloth.
342	0:30:07.3	0:30:10.1	street-morning-shops	Slowly, the town came to life.
343	0:30:10.6	0:30:19.4		All along the main streets, the shopkeepers opened their shutters, lifting out the wooden boards one by one, and stacking them away.
344	0:30:19.9	0:30:23.3		Inside each shop, a counter faced the street.
345	0:30:24.3	0:30:28.9		There were shops selling cloth, and shoes, and pots and pans.
346	0:30:29.4	0:30:33.9		There were shops selling lamps, and perfume, and jewellery.
347	0:30:34.4	0:30:40.4		There was a man who repaired metal tools, and a woman who sold vegetables from her garden.
348	0:30:40.9	0:30:47.9		There were barbers, and doctors, and people who would write a letter for you if you couldn't write yourself.
349	0:30:48.9	0:30:56.2		The street called the Via dell'Abbondanza, which means the Street of Abundance, was the busiest of all.
350	0:30:56.7	0:31:01.5		It ran right through the town, from the forum to the gate facing the mountains.
351	0:31:02.0	0:31:04.9		And on a normal morning, it was crowded with people.
352	0:31:05.9	0:31:07.8		Housewives carrying baskets.
353	0:31:08.3	0:31:09.9		Children running errands.
354	0:31:10.4	0:31:13.1		Slaves balancing water jars on their heads.
355	0:31:13.6	0:31:18.4		Donkeys loaded with sacks, picking their way carefully over the stepping stones.
356	0:31:19.4	0:31:23.3	thermopolium-counter	On almost every corner, there was a place to buy food.
357	0:31:23.8	0:31:29.5		Archaeologists call them thermopolia, which roughly means places selling something hot.
358	0:31:30.0	0:31:34.0		Today, we might call them street food counters.
359	0:31:35.0	0:31:43.1		Each one had an L shaped counter facing the street, made of stone and often decorated with coloured marble, or painted pictures.
360	0:31:43.6	0:31:46.3		Set into the counter were large clay jars.
361	0:31:46.8	0:31:53.2		They held hot food, like stews, and beans, and lentils, and warm spiced wine.
362	0:31:53.7	0:31:57.8		Also nuts, and olives, and bread.
363	0:31:58.8	0:32:01.7		Many people in Pompeii didn't have a proper kitchen at home.
364	0:32:02.2	0:32:07.6		So they ate out, standing at the counter, chatting with the owner and with other customers.
365	0:32:08.1	0:32:10.0		A quick bowl of lentils in the morning.
366	0:32:10.5	0:32:12.2		A cup of wine at midday.
367	0:32:13.2	0:32:19.0		A few years ago, archaeologists uncovered one of these counters, beautifully painted.
368	0:32:19.5	0:32:28.3		On its front, there are pictures of a duck, and a rooster, and a sea nymph riding a horse through the waves.
369	0:32:28.8	0:32:33.6		Perhaps it was a kind of menu, showing customers what was on offer that day.
370	0:32:34.1	0:32:39.1		In the bottom of the jars, they found tiny traces of the food itself.
371	0:32:39.6	0:32:46.1		Duck, and pork, and goat, and fish, and snails.
372	0:32:47.1	0:32:50.3	garum-amphorae	And of course, there was garum.
373	0:32:50.8	0:32:58.2		Garum was a sauce made from fish, mixed with salt and left for weeks in the sun until it turned into a golden liquid.
374	0:32:58.7	0:33:00.5		It had a very strong smell.
375	0:33:01.0	0:33:08.5		But the Romans loved it, and used it the way we might use salt, adding a few drops to almost every dish.
376	0:33:09.5	0:33:11.7		Pompeii was famous for its garum.
377	0:33:12.2	0:33:17.2		One of the most successful producers in town was a man named Umbricius Scaurus.
378	0:33:17.7	0:33:24.7		His sauce was sold in small clay jars, with labels painted on the side, describing its quality.
379	0:33:25.2	0:33:26.3		The best garum.
380	0:33:26.8	0:33:28.8		Made in the workshop of Scaurus.
381	0:33:29.8	0:33:37.2		Scaurus was so proud of his business, that he had pictures of his garum jars set into the mosaic floor of his house.
382	0:33:37.7	0:33:42.7		It was, perhaps, the ancient world's version of a company logo.
383	0:33:43.7	0:33:47.5	fountain-morning	By mid morning, the fountains at the street corners were busy.
384	0:33:48.0	0:33:53.8		Women and girls came with their water jars, and waited their turn, and caught up on the news.
385	0:33:54.3	0:33:55.4		Who was getting married.
386	0:33:55.9	0:33:56.8		Who was ill.
387	0:33:57.3	0:34:01.7		Who was standing for election, and whether they deserved to win.
388	0:34:02.7	0:34:05.9		That year, the elections were an important topic.
389	0:34:06.4	0:34:15.5		Every spring, Pompeii chose its new local officials, the men who would run the town, repair the roads, and organise the public games.
390	0:34:16.0	0:34:21.3		The painted notices were still on the walls, asking people to vote for this candidate or that.
391	0:34:21.8	0:34:23.8		The fruit sellers support this man.
392	0:34:24.3	0:34:26.2		The goldsmiths recommend that one.
393	0:34:26.7	0:34:32.2		He is a good young man, one notice says, and he deserves your vote.
394	0:34:33.2	0:34:35.0		It all sounds very familiar.
395	0:34:35.5	0:34:43.4		People arguing about politics, complaining about prices, and hoping that the new officials would finally fix that broken road.
396	0:34:44.4	0:34:46.4	morning-breeze-temple	The morning sun climbed higher.
397	0:34:46.9	0:34:49.8		The shadows of the columns in the forum grew short.
398	0:34:50.3	0:34:57.2		In the temples, the priests made their morning offerings, and the smoke of incense drifted up into the clear blue sky.
399	0:34:58.2	0:35:01.9		Out in the countryside, the workers were busy in the vineyards.
400	0:35:02.4	0:35:06.9		If it really was autumn, then it was the time of the grape harvest.
401	0:35:07.4	0:35:16.5		Baskets full of dark grapes were being carried to the presses, and the juice flowed into great jars, where it would slowly turn into wine.
402	0:35:17.5	0:35:21.2		And above them all, Vesuvius stood as it always had.
403	0:35:21.7	0:35:25.5		Green, and quiet, and familiar.
404	0:35:26.0	0:35:30.6		Some people may have felt a small tremor that morning, or in the days before.
405	0:35:31.1	0:35:36.3		Pliny wrote that for several days, the ground had shaken now and then.
406	0:35:36.8	0:35:39.0		But in Campania, that was nothing new.
407	0:35:39.5	0:35:41.3		Nobody was especially worried.
408	0:35:42.3	0:35:46.3		The morning went on, warm and bright and ordinary.
409	0:35:47.3	0:35:51.0	stabian-baths	Towards the end of the morning, many people made their way to the baths.
410	0:35:51.5	0:35:55.7		For the Romans, going to the baths was not just about getting clean.
411	0:35:56.2	0:36:02.8		It was a daily ritual, a chance to relax, and to meet friends, and to hear the latest gossip.
412	0:36:03.8	0:36:06.2		Pompeii had several public bath houses.
413	0:36:06.7	0:36:11.5		The oldest and largest were the Stabian Baths, near the centre of town.
414	0:36:12.5	0:36:18.7		Visitors entered through a courtyard, surrounded by columns, where men exercised in the open air.
415	0:36:19.2	0:36:20.6		Some lifted weights.
416	0:36:21.1	0:36:22.1		Some wrestled.
417	0:36:22.6	0:36:26.9		Some played ball games, or simply walked up and down, talking.
418	0:36:27.4	0:36:28.8		There was even a swimming pool.
419	0:36:29.8	0:36:33.8		Then came the bath rooms themselves, one after another.
420	0:36:34.3	0:36:40.1		First, the changing room, with little niches in the walls where you could leave your clothes.
421	0:36:40.6	0:36:46.1		Then the warm room, gently heated, where you could sit and let your body relax.
422	0:36:46.6	0:36:53.0		And then the hot room, full of steam, where the air was thick and heavy and the walls dripped with moisture.
423	0:36:54.0	0:36:56.4		The heat came from furnaces beneath the floor.
424	0:36:56.9	0:37:03.2		Hot air flowed through spaces under the floor and inside the walls, warming the rooms from all sides.
425	0:37:03.7	0:37:08.7		The floors could get so hot, that bathers wore wooden sandals to protect their feet.
426	0:37:09.7	0:37:18.9		After the hot room, you might plunge into a pool of cold water, and gasp, and laugh, and feel wide awake again.
427	0:37:19.4	0:37:25.3		Then an attendant would rub your skin with oil, and scrape it clean with a curved metal tool.
428	0:37:25.8	0:37:28.1		There was no soap, as we know it.
429	0:37:28.6	0:37:33.2		Just oil, and warm water, and a good scrape.
430	0:37:34.2	0:37:40.9		The ceilings of the bath rooms were beautifully decorated, with delicate plaster patterns and painted stars.
431	0:37:41.4	0:37:47.5		Women had their own separate rooms, with their own entrance, where they could bathe in peace.
432	0:37:48.0	0:37:54.5		And all around, the sound of water, and voices echoing softly off the curved ceilings.
433	0:37:55.5	0:37:58.8	fullery-workers	Not everyone had time for the baths, of course.
434	0:37:59.3	0:38:02.5		For many people in Pompeii, the day was full of work.
435	0:38:03.5	0:38:07.5		In the fulleries, workers cleaned and finished woollen cloth.
436	0:38:08.0	0:38:14.7		They stood in large tubs, treading the cloth with their feet, in water mixed with special clays.
437	0:38:15.2	0:38:19.4		Then the cloth was rinsed, and brushed, and stretched out to dry.
438	0:38:19.9	0:38:30.3		Pompeii's wool trade was important, and one of the grandest buildings in the forum was paid for by a wealthy woman named Eumachia, who was the patron of the wool workers.
439	0:38:31.3	0:38:34.8		There were potters, shaping clay jars on their wheels.
440	0:38:35.3	0:38:39.6		There were metal workers, and stone cutters, and carpenters.
441	0:38:40.1	0:38:44.1		There were dyers, whose hands were stained with bright colours.
442	0:38:44.6	0:38:52.0		And there were painters, climbing up ladders in half finished rooms, carefully adding the last touches to a wall.
443	0:38:53.0	0:38:58.4		In one house, archaeologists found a room where painters had been working that very day.
444	0:38:58.9	0:39:03.3		Their pots of paint were still there, with the colours ready to use.
445	0:39:03.8	0:39:05.0		Part of the wall was finished.
446	0:39:05.5	0:39:07.3		Part was only sketched in.
447	0:39:07.8	0:39:12.8		It looks as if the painters simply put down their brushes, and stepped out for a moment.
448	0:39:13.8	0:39:18.4	banker-wax-tablets	Near the forum lived a banker named Lucius Caecilius Iucundus.
449	0:39:18.9	0:39:23.2		His house was comfortable, with a pretty garden and fine paintings.
450	0:39:23.7	0:39:27.2		In the rooms upstairs, he kept his business records.
451	0:39:28.2	0:39:36.2		They were written on wax tablets, small wooden boards coated with a thin layer of wax, which you could write on with a pointed stick.
452	0:39:36.7	0:39:38.3		Hundreds of them have survived.
453	0:39:38.8	0:39:43.6		They record loans, and payments, and sales at auction.
454	0:39:44.1	0:39:45.4		The sale of a mule.
455	0:39:45.9	0:39:47.6		The rent of a piece of land.
456	0:39:48.1	0:39:49.8		A payment to the town council.
457	0:39:50.8	0:39:55.7		They are, in a way, rather ordinary documents.
458	0:39:56.2	0:40:00.7		Receipts, and contracts, and signatures.
459	0:40:01.2	0:40:09.6		But they tell us how the people of Pompeii bought and sold, borrowed and repaid, trusted each other, and sometimes didn't.
460	0:40:10.6	0:40:13.9	school-children	Somewhere in town, a group of children was having a lesson.
461	0:40:14.4	0:40:16.8		There were no school buildings as such.
462	0:40:17.3	0:40:22.9		Often a teacher simply gathered his pupils under a covered walkway, or in a corner of the forum.
463	0:40:23.9	0:40:28.1		The children sat on benches, holding their wax tablets on their knees.
464	0:40:28.6	0:40:33.8		They practised their letters, and learned to count, and recited lines of poetry.
465	0:40:34.3	0:40:39.1		Especially the great poem of Virgil, about the wanderings of the hero Aeneas.
466	0:40:40.1	0:40:45.2		We know they learned it, because lines from Virgil are scratched all over the walls of Pompeii.
467	0:40:45.7	0:40:53.9		Often only the very first line, as if a child had started to write it, and then got bored, and ran off to play.
468	0:40:54.9	0:40:58.8		Children in Pompeii played many of the same games children play today.
469	0:40:59.3	0:41:04.7		They had dolls, and marbles made of glass, and little wooden toys.
470	0:41:05.2	0:41:08.6		They played with hoops, and balls, and knucklebones.
471	0:41:09.1	0:41:19.8		And they drew pictures on the walls, little stick figures, and animals, and gladiators, low down, at exactly the height a child could reach.
472	0:41:20.8	0:41:23.6	amphitheatre	At the eastern edge of town stood the amphitheatre.
473	0:41:24.1	0:41:32.0		It was the oldest stone amphitheatre in the Roman world that still survives today, built more than a century before our story.
474	0:41:32.5	0:41:38.5		Its oval arena was surrounded by rows of stone seats, rising steeply on every side.
475	0:41:39.0	0:41:44.6		It could hold perhaps twenty thousand people, more than the entire population of the town.
476	0:41:45.6	0:41:49.7		On the days of the games, people came from all the towns around.
477	0:41:50.2	0:41:54.8		Awnings were stretched over the seats, to shade the crowd from the sun.
478	0:41:55.3	0:41:59.1		Sellers walked up and down, offering drinks and snacks.
479	0:41:59.6	0:42:06.1		And the gladiators became famous, their names painted on the walls, their fans cheering them on.
480	0:42:07.1	0:42:11.9		Twenty years before our story, there had been a famous riot in this amphitheatre.
481	0:42:12.4	0:42:19.9		During the games, a quarrel broke out between the people of Pompeii and visitors from the neighbouring town of Nuceria.
482	0:42:20.4	0:42:24.4		Insults turned into stones, and stones turned into fighting.
483	0:42:24.9	0:42:30.9		The news reached Rome, and the emperor's government banned games in Pompeii for ten years.
484	0:42:31.4	0:42:37.4		A painting of the riot was found in a house nearby, showing the crowd spilling out of the amphitheatre.
485	0:42:38.4	0:42:39.7		But that was long ago.
486	0:42:40.2	0:42:46.8		By the time of our story, the games had returned, and the amphitheatre was quiet between shows.
487	0:42:47.3	0:42:55.5		In the grassy space beside it, there was a large exercise ground, with a swimming pool, surrounded by plane trees.
488	0:42:56.0	0:43:01.8		Young men trained there, and ran, and swam, and rested in the shade.
489	0:43:02.8	0:43:04.8	theatre-stage	Not far away were the theatres.
490	0:43:05.3	0:43:11.8		A large open air theatre, carved into the slope of the hill, where comedies and tragedies were performed.
491	0:43:12.3	0:43:16.3		And a smaller covered theatre, for music and poetry.
492	0:43:17.3	0:43:28.7		Actors wore masks, with exaggerated faces, happy or sad, young or old, so that everyone in the audience could see who they were supposed to be.
493	0:43:29.2	0:43:36.8		Some performers were so popular, that their fans wrote their names on the walls, along with little messages of praise.
494	0:43:37.8	0:43:42.1		On this ordinary day, there may not have been any show at all.
495	0:43:42.6	0:43:48.2		The stage stood empty in the sunshine, and the stone seats were warm to the touch.
496	0:43:48.7	0:43:52.0		A few birds hopped along the rows, looking for crumbs.
497	0:43:53.0	0:43:54.5		Midday was approaching.
498	0:43:55.0	0:43:58.4		In the streets, people began to think about lunch.
499	0:43:58.9	0:44:02.6		At the food counters, the jars were filled with fresh stew.
500	0:44:03.1	0:44:09.1		In the houses, tables were laid with bread and cheese, and olives, and fruit.
501	0:44:10.1	0:44:14.9		It was, by every sign, a perfectly ordinary day.
502	0:44:15.9	0:44:20.6	misenum-terrace-noon	Across the bay, in Misenum, it was also a quiet day.
503	0:44:21.1	0:44:24.0		Pliny the Elder had followed his usual routine.
504	0:44:24.5	0:44:28.3		He had spent some time lying in the sun, as he liked to do.
505	0:44:28.8	0:44:34.3		Then he had taken a cool bath, eaten a light lunch, and settled down with his books.
506	0:44:35.3	0:44:39.5		His nephew, the young Pliny, was also at home, studying.
507	0:44:40.5	0:44:49.3		At about the seventh hour of the day, which is to say around one o'clock in the afternoon, Pliny's sister Plinia came to find him.
508	0:44:49.8	0:44:52.3		She had noticed something unusual in the sky.
509	0:44:52.8	0:44:57.9		A cloud, of a size and shape she had never seen before.
510	0:44:58.9	0:45:03.5		Pliny called for his sandals, and climbed up to a place where he could get a better view.
511	0:45:04.5	0:45:09.7	pine-cloud	From Misenum, the cloud was rising above a mountain far across the bay.
512	0:45:10.2	0:45:13.8		At first, they couldn't tell which mountain it was.
513	0:45:14.3	0:45:17.1		Only later did they learn that it was Vesuvius.
514	0:45:18.1	0:45:23.5		Years afterwards, the young Pliny tried to describe the shape of that cloud.
515	0:45:24.0	0:45:26.5		It was like a pine tree, he wrote.
516	0:45:27.0	0:45:36.8		Not the tall, narrow kind, but the umbrella pines of Italy, with a long straight trunk, and branches spreading out wide at the top.
517	0:45:37.8	0:45:43.4		The cloud rose straight up into the sky, like a trunk, higher and higher.
518	0:45:43.9	0:45:50.5		And then, far above, it spread out sideways, into great branches.
519	0:45:51.0	0:45:52.5		In some places it was white.
520	0:45:53.0	0:45:59.5		In others, it was dark and blotchy, as if it were carrying earth and ash.
521	0:46:00.5	0:46:10.2		Today, scientists who study volcanoes use a special name for this kind of eruption, a tall column of gas and ash rising high into the sky.
522	0:46:10.7	0:46:12.9		They call it a Plinian eruption.
523	0:46:13.4	0:46:18.0		Named after the young man who described it so carefully, all those centuries ago.
524	0:46:19.0	0:46:20.9	pliny-scholar-watching	Pliny the Elder was fascinated.
525	0:46:21.4	0:46:28.5		He was, after all, a man who had spent his whole life trying to understand the natural world.
526	0:46:29.0	0:46:32.9		And here, in front of him, was something extraordinary.
527	0:46:33.4	0:46:37.1		Something he had never seen, and wanted to see more closely.
528	0:46:38.1	0:46:41.6		He ordered a light, fast boat to be made ready.
529	0:46:42.1	0:46:44.7		He asked his nephew if he would like to come along.
530	0:46:45.7	0:46:47.4		The young Pliny said no.
531	0:46:47.9	0:46:52.2		He would rather stay, he said, and continue his studies.
532	0:46:52.7	0:46:57.1		His uncle had, in fact, given him some writing to do.
533	0:46:57.6	0:47:02.2		Many years later, he admitted this with a kind of rueful honesty.
534	0:47:02.7	0:47:06.8		At the age of seventeen, he chose his homework over the adventure.
535	0:47:07.3	0:47:09.1		And it may well have saved his life.
536	0:47:10.1	0:47:14.2	messenger-letter	Just as Pliny was leaving the house, a message arrived.
537	0:47:14.7	0:47:22.8		It came from a woman named Rectina, the wife of a friend, whose villa stood at the foot of the mountain, near the shore.
538	0:47:23.3	0:47:24.2		She was frightened.
539	0:47:24.7	0:47:29.2		Her house lay right beneath the danger, and the only way to escape was by boat.
540	0:47:29.7	0:47:32.3		She begged Pliny to come and rescue her.
541	0:47:33.3	0:47:36.2		In that moment, Pliny changed his plan.
542	0:47:36.7	0:47:41.7		What had begun as a journey of curiosity, now became a journey of rescue.
543	0:47:42.7	0:47:45.7		He ordered the great warships of the fleet to be launched.
544	0:47:46.2	0:47:52.2		These were big, heavy ships, called quadriremes, with many rowers on each side.
545	0:47:52.7	0:47:59.5		Not only to help Rectina, but to help anyone along that crowded, beautiful coast who might need to get away.
546	0:48:00.5	0:48:07.7		And so Pliny the Elder, admiral of the fleet, went on board, and set out across the bay.
547	0:48:08.2	0:48:11.0		Towards the mountain that everyone else was hurrying away from.
548	0:48:12.0	0:48:20.3	warships-sailing	The young Pliny later wrote that his uncle steered a straight course towards the danger, so calm that he dictated notes about everything he saw.
549	0:48:20.8	0:48:22.8		Every change in the shape of the cloud.
550	0:48:23.3	0:48:24.6		Every new detail.
551	0:48:25.1	0:48:32.3		His secretary wrote it all down, as the oars rose and fell, and the ships moved steadily across the water.
552	0:48:33.3	0:48:34.5		The bay was wide.
553	0:48:35.0	0:48:37.1		The journey would take several hours.
554	0:48:37.6	0:48:42.8		And as the ships drew closer to the far shore, the sky above them began to change.
555	0:48:43.8	0:48:46.8	pompeii-street-looking-up	In Pompeii, people had seen the cloud too.
556	0:48:47.3	0:48:49.1		It would have been impossible to miss.
557	0:48:50.1	0:48:57.1		Some may have heard a deep, rumbling sound, like distant thunder, rolling across the fields.
558	0:48:57.6	0:48:59.9		Others felt the ground tremble beneath their feet.
559	0:49:00.4	0:49:06.7		People came out of their houses, and their shops, and the baths, and stood in the streets, looking up.
560	0:49:07.7	0:49:11.4		Above the mountain, a great column was rising.
561	0:49:11.9	0:49:14.9		It climbed higher than any cloud they had ever seen.
562	0:49:15.4	0:49:23.2		Scientists today believe it may have reached thirty kilometres into the sky, far higher than an airplane flies.
563	0:49:24.2	0:49:28.1		And then, slowly, the column began to spread out.
564	0:49:28.6	0:49:31.2		The wind that day was blowing from the north west.
565	0:49:31.7	0:49:38.4		Which meant that it was carrying the great cloud, spreading ever wider, directly towards Pompeii.
566	0:49:39.4	0:49:41.3	sky-darkening-forum	The afternoon light began to fade.
567	0:49:41.8	0:49:43.0		It wasn't evening yet.
568	0:49:43.5	0:49:47.2		But the sun was slowly being hidden behind a vast grey curtain.
569	0:49:47.7	0:49:49.7		The shadows in the forum grew dim.
570	0:49:50.2	0:49:52.3		The painted walls lost their colour.
571	0:49:52.8	0:49:55.8		And an unnatural twilight settled over the town.
572	0:49:56.8	0:49:59.3		Imagine standing in the forum at that moment.
573	0:49:59.8	0:50:01.7		The familiar temples around you.
574	0:50:02.2	0:50:07.4		The same columns, the same statues, the same stone beneath your feet.
575	0:50:07.9	0:50:09.4		And yet everything feels different.
576	0:50:09.9	0:50:11.3		The birds have gone quiet.
577	0:50:11.8	0:50:13.8		The air is strangely still.
578	0:50:14.3	0:50:21.2		And the mountain, the gentle, generous mountain, is no longer quite the mountain you have always known.
579	0:50:22.2	0:50:25.5		The people of Pompeii had never seen anything like this.
580	0:50:26.0	0:50:27.4		They had no word for it.
581	0:50:27.9	0:50:29.1		No one had warned them.
582	0:50:29.6	0:50:31.5		And no one could tell them what to do.
583	0:50:32.5	0:50:38.2		Some went back into their houses, and closed the doors, and waited for it to pass.
584	0:50:38.7	0:50:43.2		Others began, quietly, to gather their things.
585	0:50:44.2	0:50:49.0		And then, softly at first, something began to fall from the sky.
586	0:50:50.0	0:50:51.8	pumice-falling-street	What fell was not rain.
587	0:50:52.3	0:50:54.7		It was small, light stones.
588	0:50:55.7	0:51:02.9		They were pale grey, or whitish, and full of tiny holes, like a sponge made of rock.
589	0:51:03.4	0:51:05.7		Today we call this stone pumice.
590	0:51:06.2	0:51:09.6		It is so light that some pieces will even float on water.
591	0:51:10.6	0:51:18.0		At first, only a few pieces fell, pattering softly on the roof tiles, bouncing on the paving stones.
592	0:51:18.5	0:51:19.4		Then more.
593	0:51:19.9	0:51:20.6		And more.
594	0:51:21.1	0:51:29.3		Until it was falling steadily, all over the town, a quiet, endless shower of grey stones and fine ash.
595	0:51:30.3	0:51:33.7		It made a soft, hissing sound as it fell.
596	0:51:34.2	0:51:39.7		It gathered in the corners of the courtyards, and in the gutters, and on the steps of the temples.
597	0:51:40.2	0:51:44.1		It filled the stepping stones in the streets, until they disappeared.
598	0:51:44.6	0:51:48.9		It covered the gardens, and the fountains, and the flowers.
599	0:51:49.9	0:51:58.2		Scientists who study the layers today believe that the pumice fell on Pompeii for many hours, through the whole of that afternoon and night.
600	0:51:58.7	0:52:02.1		By the end, it lay deeper than a person is tall.
601	0:52:03.1	0:52:07.4	family-packing	For the people of Pompeii, this was the moment of decision.
602	0:52:07.9	0:52:10.9		Should they stay, and wait for it to end?
603	0:52:11.4	0:52:12.5		Or should they leave?
604	0:52:13.5	0:52:14.9		Many chose to leave.
605	0:52:15.4	0:52:20.0		In fact, it seems that most of the people of Pompeii did escape.
606	0:52:21.0	0:52:29.0		We know this because, although many thousands of people lived in the town, archaeologists have found the remains of far fewer.
607	0:52:29.5	0:52:36.6		And in the years that followed, names from Pompeii begin to appear in other towns around the bay, and further away.
608	0:52:37.1	0:52:37.9		In Naples.
609	0:52:38.4	0:52:39.5		In Puteoli.
610	0:52:40.0	0:52:44.0		In Cumae, and Nuceria, and beyond.
611	0:52:44.5	0:52:48.9		Families who had fled, and made new lives for themselves elsewhere.
612	0:52:49.9	0:52:52.1		We can imagine them in those first hours.
613	0:52:52.6	0:52:54.0		Packing what they could carry.
614	0:52:54.5	0:52:59.4		A few coins, a little jewellery, a lamp, some bread.
615	0:52:59.9	0:53:05.9		Holding cushions or folded cloth over their heads, to protect themselves from the falling stones.
616	0:53:06.4	0:53:11.5		Taking the hands of their children, and stepping out into the grey afternoon.
617	0:53:12.5	0:53:18.0	road-leaving-gate	Some went east, along the road towards Nuceria, and the mountains beyond.
618	0:53:18.5	0:53:22.3		Some went south, towards Stabiae and the hills.
619	0:53:22.8	0:53:25.9		Some went down to the shore, hoping to find a boat.
620	0:53:26.9	0:53:28.4		The roads would have been crowded.
621	0:53:28.9	0:53:36.3		Carts, and donkeys, and people on foot, all moving slowly through the falling ash.
622	0:53:36.8	0:53:38.3		Neighbours helping neighbours.
623	0:53:38.8	0:53:41.1		Parents carrying small children on their shoulders.
624	0:53:41.6	0:53:43.9		Old people leaning on the arms of the young.
625	0:53:44.9	0:53:46.7		The light grew dimmer and dimmer.
626	0:53:47.2	0:53:52.4		Soon, although it was still afternoon, it was as dark as late evening.
627	0:53:52.9	0:53:55.6		People lit torches and lamps to find their way.
628	0:53:56.1	0:54:02.0		Small moving lights, strung out along the roads, leading away from the town.
629	0:54:03.0	0:54:04.3	house-shutters-closed	Others decided to stay.
630	0:54:04.8	0:54:09.1		Perhaps they were old, or ill, and could not travel.
631	0:54:09.6	0:54:13.7		Perhaps they didn't want to leave their homes, and everything they owned.
632	0:54:14.2	0:54:19.1		Perhaps they simply thought the danger would pass, as the tremors always had before.
633	0:54:19.6	0:54:21.4		It was not a foolish choice.
634	0:54:21.9	0:54:23.4		Nobody knew what was coming.
635	0:54:24.4	0:54:27.5		They closed their shutters, and barred their doors.
636	0:54:28.0	0:54:33.3		They gathered in the strongest rooms of their houses, and lit their lamps, and waited.
637	0:54:33.8	0:54:38.3		Outside, the soft hiss of falling stones went on and on.
638	0:54:39.3	0:54:42.7		As the pumice piled up on the rooftops, it grew heavy.
639	0:54:43.2	0:54:48.5		In some houses, the roofs began to creak, and then to give way.
640	0:54:49.0	0:54:54.8		Those who had stayed moved from room to room, looking for shelter under stronger ceilings.
641	0:54:55.3	0:55:02.2		Some decided, after all, that it was time to go, and set out into the darkness.
642	0:55:03.2	0:55:07.7	herculaneum-boathouses	On the other side of the mountain, in Herculaneum, things were different.
643	0:55:08.2	0:55:12.8		The wind was blowing the great cloud away from the town, towards Pompeii.
644	0:55:13.3	0:55:16.8		So in Herculaneum, very little pumice fell.
645	0:55:17.3	0:55:22.4		The sky above it was dark and strange, but the streets stayed mostly clear.
646	0:55:23.4	0:55:26.2		Many people in Herculaneum left, too.
647	0:55:26.7	0:55:29.2		Some went along the coast towards Naples.
648	0:55:29.7	0:55:38.0		Others made their way down to the beach, where the town's boats were kept, in a row of arched stone boathouses along the shore.
649	0:55:38.5	0:55:43.1		They hoped, perhaps, that help would come from the sea.
650	0:55:43.6	0:55:45.9		That ships would arrive to carry them away.
651	0:55:46.9	0:55:50.8		Out on the water, the sea had grown rough and strange.
652	0:55:51.3	0:55:58.1		Boats that tried to reach the shore found the way blocked by floating pumice, and by debris from the mountain.
653	0:55:59.1	0:56:02.2	rectina-villa-shore	Pliny's warships were drawing close to the coast by now.
654	0:56:02.7	0:56:04.4		The sky above them was dark.
655	0:56:04.9	0:56:09.8		Hot ash was falling onto the decks, thicker and hotter the closer they came.
656	0:56:10.3	0:56:13.8		Then pieces of pumice, and blackened stones.
657	0:56:14.8	0:56:17.7		Ahead of them, the shoreline had changed.
658	0:56:18.2	0:56:24.5		The sea had suddenly grown shallow, and the beach was blocked by rubble that had tumbled down from the mountain.
659	0:56:25.0	0:56:26.3		There was nowhere to land.
660	0:56:27.3	0:56:29.8		The helmsman urged Pliny to turn back.
661	0:56:30.3	0:56:31.9		Pliny hesitated for a moment.
662	0:56:32.4	0:56:35.5		Then he spoke a few words that his nephew would later record.
663	0:56:36.0	0:56:37.6		Fortune favours the brave.
664	0:56:38.1	0:56:39.8		Head for Pomponianus.
665	0:56:40.8	0:56:42.6		We don't know what happened to Rectina.
666	0:56:43.1	0:56:44.9		Pliny's letter doesn't tell us.
667	0:56:45.4	0:56:50.7		We can only hope that she found another way to safety, as so many others did that day.
668	0:56:51.7	0:56:58.2	ships-towards-stabiae	Pomponianus was a friend of Pliny's, who lived at Stabiae, a little further south along the coast.
669	0:56:58.7	0:57:02.0		There, the danger was not yet so close.
670	0:57:02.5	0:57:08.1		And the wind that was blowing the ash towards the shore would carry Pliny's ships swiftly there.
671	0:57:09.1	0:57:17.6		So the ships turned south, and the oars dipped and rose, and the great dark cloud hung over them, spreading across the sky.
672	0:57:18.6	0:57:21.3		Behind them, the mountain rumbled on.
673	0:57:21.8	0:57:26.0		Ahead of them, the lights of Stabiae flickered faintly through the gloom.
674	0:57:26.5	0:57:38.3		And all around the bay, as the strange afternoon turned into a strange evening, thousands of people were on the move, finding their way through the darkness, towards somewhere safe.
675	0:57:39.3	0:57:44.6	stabiae-villa-evening	When Pliny arrived at Stabiae, he found his friend Pomponianus very worried.
676	0:57:45.1	0:57:51.4		Pomponianus had already loaded his belongings onto a ship, ready to leave as soon as the wind changed.
677	0:57:51.9	0:57:59.9		But the same wind that had brought Pliny there so quickly, was blowing straight onto the shore, and no ship could sail out against it.
678	0:58:00.9	0:58:02.6		Pliny embraced his friend.
679	0:58:03.1	0:58:08.7		He comforted him, and encouraged him, and tried to calm his fears.
680	0:58:09.2	0:58:14.6		And to show that there was nothing to be afraid of, he did something rather remarkable.
681	0:58:15.1	0:58:16.3		He asked for a bath.
682	0:58:17.3	0:58:27.2		After his bath, he lay down to dinner, cheerful, or at least, as his nephew wrote, pretending to be cheerful, which was just as brave.
683	0:58:27.7	0:58:31.5		They ate together, as the darkness deepened outside.
684	0:58:32.0	0:58:41.5		And all the while, the sky over the mountain was lit up by broad sheets of flame and tall bright fires, glowing through the night.
685	0:58:42.5	0:58:50.7		To reassure the others, Pliny told them that these were only fires in the villages, left burning by country people who had fled in a hurry.
686	0:58:51.2	0:58:52.3		Perhaps he believed it.
687	0:58:52.8	0:58:56.3		Perhaps he simply wanted his friends to feel a little less afraid.
688	0:58:57.3	0:58:59.6	pliny-sleeping-room	And then, Pliny went to bed.
689	0:59:00.1	0:59:01.0		And he fell asleep.
690	0:59:02.0	0:59:06.8		He was a big, heavy man, and he breathed loudly in his sleep.
691	0:59:07.3	0:59:13.6		The people waiting outside his door could hear him snoring, deeply and peacefully, through the night.
692	0:59:14.6	0:59:17.3		It is one of the most human moments in the whole story.
693	0:59:17.8	0:59:28.5		The great scholar, the admiral of the fleet, the man who had written about everything in the world, sleeping soundly, while the sky burned and the ash fell.
694	0:59:29.0	0:59:31.4		Perhaps he was exhausted after the long voyage.
695	0:59:31.9	0:59:33.8		Perhaps he truly wasn't afraid.
696	0:59:34.3	0:59:38.1		Or perhaps he simply knew that there was nothing more to be done until morning.
697	0:59:39.1	0:59:44.1	courtyard-filling-ash	But while he slept, the courtyard outside his room was slowly filling up.
698	0:59:44.6	0:59:50.0		Ash and pumice drifted down, and piled up against the door, higher and higher.
699	0:59:50.5	0:59:54.8		If he stayed there much longer, it would become impossible to get out.
700	0:59:55.8	0:59:56.9		So they woke him.
701	0:59:57.4	1:00:02.9		He came out, and joined Pomponianus and the others, who had not slept at all.
702	1:00:03.4	1:00:06.0		Together, they discussed what to do.
703	1:00:07.0	1:00:08.7		Should they stay inside the house?
704	1:00:09.2	1:00:17.2		The walls were trembling with frequent earthquakes, and seemed to sway back and forth, as if they might come loose from their foundations.
705	1:00:17.7	1:00:22.8		Or should they go outside, into the open air, where the pumice stones were falling?
706	1:00:23.3	1:00:28.3		They were light, and full of holes, but still, there were so many of them.
707	1:00:29.3	1:00:30.8		They chose the open air.
708	1:00:31.3	1:00:36.6		It was, as Pliny's nephew wrote, a choice between two fears.
709	1:00:37.6	1:00:44.0	pillows-torches-night	They tied pillows on top of their heads with strips of cloth, to protect themselves from the falling stones.
710	1:00:44.5	1:00:46.4		It is a strange and touching image.
711	1:00:46.9	1:00:53.3		A group of friends, in the middle of the night, pillows tied to their heads, stepping out together into the dark.
712	1:00:54.3	1:00:56.2		By now it should have been morning.
713	1:00:56.7	1:00:59.0		But the darkness was deeper than any night.
714	1:00:59.5	1:01:07.1		They lit torches and lamps, and made their way slowly down to the shore, to see if the sea would let them escape.
715	1:01:07.6	1:01:12.1		But the waves were still wild and high, and the wind was still against them.
716	1:01:13.1	1:01:18.4		There, on the beach, Pliny lay down on a sheet spread out on the sand.
717	1:01:18.9	1:01:21.7		He asked for cool water, and drank.
718	1:01:22.2	1:01:28.0		And there, we will leave him for now, resting by the sea, with his friends around him.
719	1:01:29.0	1:01:35.6	misenum-night-house	Meanwhile, back in Misenum, the young Pliny and his mother had spent an anxious evening.
720	1:01:36.1	1:01:41.6		After his uncle left, he had gone back to his studies, just as he had said he would.
721	1:01:42.1	1:01:45.8		Then he had taken a bath, eaten dinner, and gone to bed.
722	1:01:46.3	1:01:47.7		But he didn't sleep much.
723	1:01:48.7	1:01:51.3		That night, the earthquakes grew stronger.
724	1:01:51.8	1:01:57.0		For days, there had been small tremors, and nobody had paid them much attention.
725	1:01:57.5	1:02:05.3		But now, the ground was shaking so hard, that it seemed as if everything might not just move, but turn over.
726	1:02:06.3	1:02:08.2		His mother came rushing into his room.
727	1:02:08.7	1:02:11.8		He was already getting up, intending to wake her.
728	1:02:12.3	1:02:18.0		They went out together into the small courtyard of the house, which lay between the building and the sea.
729	1:02:19.0	1:02:26.4	young-pliny-reading-livy	And there, in the middle of that frightening night, the young Pliny did something that he himself later found a little embarrassing.
730	1:02:26.9	1:02:28.2		He called for a book.
731	1:02:28.7	1:02:33.0		It was a volume of history, by the great Roman historian Livy.
732	1:02:33.5	1:02:40.7		And he sat down, and began to read, and even to make notes, just as though nothing were happening at all.
733	1:02:41.7	1:02:47.3		He wasn't sure, when he wrote about it years later, whether it had been courage or foolishness.
734	1:02:47.8	1:02:50.3		I was only seventeen, he said.
735	1:02:51.3	1:02:55.0		A friend of his uncle's arrived, who had come from Spain to visit.
736	1:02:55.5	1:03:02.6		When he saw the young man sitting calmly reading, and his mother sitting beside him, he scolded them both.
737	1:03:03.1	1:03:04.7		The mother for putting up with it.
738	1:03:05.2	1:03:07.6		And the son for being so careless.
739	1:03:08.1	1:03:10.0		But the young Pliny went on reading.
740	1:03:11.0	1:03:13.6	bay-dark-night	It was a long night, all around the bay.
741	1:03:14.1	1:03:19.8		In the villas of Stabiae, people sat awake, listening to the falling stones.
742	1:03:20.3	1:03:27.0		On the roads leading away from Pompeii, the refugees kept walking, their torches small and flickering in the dark.
743	1:03:27.5	1:03:32.7		In the harbour at Misenum, the warships that had stayed behind rocked at their moorings.
744	1:03:33.2	1:03:38.3		And in countless homes, families held each other close, and waited for the dawn.
745	1:03:39.3	1:03:40.9		Many of them were already safe.
746	1:03:41.4	1:03:48.0		Far enough away, now, that only a fine grey dust drifted down on them.
747	1:03:48.5	1:03:58.8		In Naples, and Nuceria, and the villages in the hills, people opened their doors to strangers, and made room for them by the fire.
748	1:03:59.3	1:04:03.1		Shared their bread, and their blankets, and their water.
749	1:04:04.1	1:04:06.8		That, too, is part of this story.
750	1:04:07.3	1:04:11.8		Not only the mountain, and the ash, and the darkness.
751	1:04:12.3	1:04:15.1		But the kindness of the people who took the refugees in.
752	1:04:15.6	1:04:20.6		Who made space, in their small houses, for those who had lost everything.
753	1:04:21.6	1:04:24.0		The night went on, and on.
754	1:04:24.5	1:04:28.6		Longer, it seemed, than any night before.
755	1:04:29.1	1:04:35.9		And slowly, somewhere behind the great grey cloud, the sun was rising on the second day.
756	1:04:36.9	1:04:39.9	grey-morning-ash-town	The second morning brought no real daylight to Pompeii.
757	1:04:40.4	1:04:44.4		The sky stayed dark, a heavy, endless grey.
758	1:04:44.9	1:04:48.7		The pumice had stopped falling now, or almost.
759	1:04:49.2	1:04:56.8		But the town was buried up to its first floor windows, its streets filled, its gardens gone, its fountains silent.
760	1:04:57.8	1:05:02.1		Up on the mountain, the great column of ash could no longer hold itself up.
761	1:05:02.6	1:05:04.7		It was too heavy, too dense.
762	1:05:05.2	1:05:09.9		And like a fountain that suddenly loses its force, it began to fall back down.
763	1:05:10.9	1:05:20.6		When this happens, the falling cloud rushes down the sides of the volcano, hugging the ground, moving faster than any person could run.
764	1:05:21.1	1:05:24.1		Scientists call it a pyroclastic surge.
765	1:05:24.6	1:05:29.0		A great rolling wave of hot air and fine ash, sweeping across the land.
766	1:05:30.0	1:05:35.1	herculaneum-quiet-shore	The first of these surges had already reached Herculaneum, in the middle of the night.
767	1:05:35.6	1:05:41.5		The town beside the sea, so close to the mountain, was covered in an instant.
768	1:05:42.0	1:05:48.3		Those who were still there, sheltering in the boathouses by the beach, would not have known very much at all.
769	1:05:48.8	1:05:51.3		It was over almost as soon as it began.
770	1:05:52.3	1:06:02.6		In the hours that followed, more surges came, one after another, and buried Herculaneum deep beneath layers of volcanic material, many metres thick.
771	1:06:03.1	1:06:07.7		So deep, that the old shoreline was pushed far out into the sea.
772	1:06:08.2	1:06:14.3		So deep, that for centuries, no one would even know the town had been there.
773	1:06:15.3	1:06:19.3	pompeii-silent-under-ash	In Pompeii, the surges arrived early on the second morning.
774	1:06:19.8	1:06:25.8		For those who had stayed, or who had waited too long to leave, the end came quickly.
775	1:06:26.3	1:06:27.6		Just a few moments.
776	1:06:28.1	1:06:31.1		And then, the town fell silent.
777	1:06:32.1	1:06:33.4		Nobody saw it happen.
778	1:06:33.9	1:06:35.2		Nobody wrote it down.
779	1:06:35.7	1:06:38.0		There was no one left there to tell the story.
780	1:06:38.5	1:06:46.8		Only the ash, settling softly over the rooftops, over the temples, over the painted walls and the empty streets.
781	1:06:47.8	1:06:50.2		And then, stillness.
782	1:06:51.2	1:06:52.9		It is a sad thing to think about.
783	1:06:53.4	1:06:59.3		But it is worth remembering, again, that most of the people of Pompeii were not there.
784	1:06:59.8	1:07:05.9		They were already on the roads, or in the hills, or in the towns and villages along the coast.
785	1:07:06.4	1:07:08.1		They had listened to the mountain.
786	1:07:08.6	1:07:10.7		They had taken their children by the hand.
787	1:07:11.2	1:07:12.4		And they had walked away.
788	1:07:13.4	1:07:18.0	stabiae-beach-dawn	At Stabiae, down on the beach, the darkness was also deep.
789	1:07:18.5	1:07:23.9		Pliny the Elder was still lying on his sheet by the water, with his friends nearby.
790	1:07:24.9	1:07:29.4		Then came a smell of sulphur, and a sudden glow of flames approaching.
791	1:07:29.9	1:07:31.1		The others fled.
792	1:07:31.6	1:07:34.9		Pliny stood up, leaning on two slaves who helped him.
793	1:07:35.4	1:07:37.7		And then, he collapsed.
794	1:07:38.7	1:07:41.9		His nephew believed that the thick air had choked his breathing.
795	1:07:42.4	1:07:46.5		His uncle had always had a weak chest, and often struggled for breath.
796	1:07:47.0	1:07:53.1		Some historians today think his heart may simply have failed him, after so much effort and strain.
797	1:07:53.6	1:07:55.1		We will never know for sure.
798	1:07:56.1	1:08:02.2		Two days later, when daylight finally returned, his friends came back to the beach and found him.
799	1:08:02.7	1:08:07.9		He was lying there peacefully, fully dressed, without any injury.
800	1:08:08.4	1:08:12.1		And his nephew wrote a line that has stayed with readers ever since.
801	1:08:13.1	1:08:16.6		He looked more like a man asleep, than a man who had died.
802	1:08:17.6	1:08:23.2	misenum-crowd-leaving	In Misenum, on that second morning, the light was weak and uncertain.
803	1:08:23.7	1:08:27.3		The buildings around the young Pliny's house were shaking badly now.
804	1:08:27.8	1:08:33.3		And so, at last, he and his mother decided to leave the town.
805	1:08:34.3	1:08:35.4		They were not alone.
806	1:08:35.9	1:08:44.2		A great crowd of frightened people followed them, pressing close, each person thinking that somebody else's plan must be wiser than their own.
807	1:08:45.2	1:08:48.3		Once they were outside the town, they stopped.
808	1:08:48.8	1:08:50.7		And they saw strange things.
809	1:08:51.7	1:09:00.3		The carts they had brought with them kept rolling back and forth, even on flat ground, even when their wheels were wedged with stones.
810	1:09:00.8	1:09:05.6		The sea seemed to be pulled back from the shore, as if the earth were pushing it away.
811	1:09:06.1	1:09:09.0		Many sea creatures were left stranded on the dry sand.
812	1:09:10.0	1:09:17.6		And on the other side of the bay, a terrible black cloud was rising, split by flashes of fire, like enormous lightning.
813	1:09:18.6	1:09:21.9	pliny-and-mother-darkness	Then, the cloud began to come down towards them.
814	1:09:22.4	1:09:29.4		It spread across the water, and covered the island of Capri, and hid the headland of Misenum from view.
815	1:09:30.4	1:09:33.4		The young Pliny's mother begged him to go on without her.
816	1:09:33.9	1:09:37.8		She was older, and heavy, and couldn't walk fast.
817	1:09:38.3	1:09:43.1		She would die happy, she said, knowing that she had not been the cause of his death.
818	1:09:44.1	1:09:44.9		He refused.
819	1:09:45.4	1:09:47.4		He would not be saved without her.
820	1:09:47.9	1:09:51.2		He took her by the hand, and made her walk faster.
821	1:09:51.7	1:09:56.3		She obeyed, reluctantly, blaming herself for slowing him down.
822	1:09:57.3	1:10:00.7		Ash began to fall, though not yet thickly.
823	1:10:01.2	1:10:07.8		He looked back, and saw a dense darkness rolling over the land behind them, like a flood.
824	1:10:08.3	1:10:16.1		Let us leave the road, he said, while we can still see, so that we are not knocked down in the dark by the crowd behind us.
825	1:10:17.1	1:10:20.8		They had barely sat down, when the darkness came over them.
826	1:10:21.8	1:10:27.7		Not the darkness of a moonless night, the young Pliny wrote, or a cloudy one.
827	1:10:28.2	1:10:32.3		But the darkness of a closed room, when the lamp has been put out.
828	1:10:33.3	1:10:38.3	darkness-then-dawn	In that darkness, you could hear the voices of women and children and men.
829	1:10:38.8	1:10:40.3		Some calling for their parents.
830	1:10:40.8	1:10:47.8		Others for their children, or their husbands, or their wives, trying to recognise each other by their voices.
831	1:10:48.3	1:10:50.6		Some people prayed for help from the gods.
832	1:10:51.1	1:10:58.1		Others believed there were no gods left at all, and that this was the last, eternal night of the world.
833	1:10:59.1	1:11:01.5		After a while, a faint light appeared.
834	1:11:02.0	1:11:05.6		At first, they thought it was the fire coming closer.
835	1:11:06.1	1:11:07.4		But it stayed far away.
836	1:11:07.9	1:11:13.6		And then, the darkness returned, and the ash fell heavily again.
837	1:11:14.1	1:11:20.2		Every so often, they had to stand up and shake it off, or they would have been buried by its weight.
838	1:11:21.2	1:11:28.1		At last, the darkness grew thinner, and drifted away like smoke, or mist.
839	1:11:28.6	1:11:31.3		And then, real daylight returned.
840	1:11:31.8	1:11:37.3		The sun even came out, but pale and yellowish, as it looks during an eclipse.
841	1:11:38.3	1:11:40.1		Everything around them had changed.
842	1:11:40.6	1:11:47.8		The fields, the roads, the rooftops, all were covered in a deep layer of ash.
843	1:11:48.3	1:11:49.0		Like snow.
844	1:11:50.0	1:11:53.2		The young Pliny and his mother made their way back to Misenum.
845	1:11:53.7	1:11:58.1		They were tired, and shaken, and covered in grey dust.
846	1:11:58.6	1:11:59.7		But they were alive.
847	1:12:00.2	1:12:09.8		And there, in their house by the sea, they waited for news of the admiral, who had sailed away across the bay, and had not yet come home.
848	1:12:10.8	1:12:15.8	ash-landscape-after	When the air finally cleared, the landscape around Vesuvius was unrecognisable.
849	1:12:16.3	1:12:23.9		Where there had been green vineyards, and farms, and villas, there was now a wide, grey plain.
850	1:12:24.4	1:12:28.6		Smooth, and silent, and strange.
851	1:12:29.6	1:12:31.9		The mountain itself had changed shape.
852	1:12:32.4	1:12:35.8		Its old summit had collapsed, leaving a great hollow.
853	1:12:36.3	1:12:41.7		In time, a new cone would grow inside it, the Vesuvius we know today.
854	1:12:42.2	1:12:48.5		But for now, it stood broken and smoking, above a land it had completely transformed.
855	1:12:49.5	1:12:53.1		Pompeii was buried beneath several metres of pumice and ash.
856	1:12:53.6	1:13:03.9		Here and there, the tops of the tallest walls, and a few roofs, and perhaps the upper part of a temple, still showed above the surface.
857	1:13:04.4	1:13:08.6		Herculaneum was gone entirely, hidden deep beneath the ground.
858	1:13:09.1	1:13:12.4		And the coastline had moved, pushed out into the sea.
859	1:13:13.4	1:13:17.5	survivors-return	In the weeks that followed, some of the survivors came back.
860	1:13:18.0	1:13:23.5		They must have stood at the edge of that grey plain, and tried to work out where their homes had been.
861	1:13:24.0	1:13:31.0		Some dug down into the ash, looking for their houses, for their belongings, for anything they could save.
862	1:13:31.5	1:13:39.0		Archaeologists have found tunnels, dug by these early visitors, leading down to rooms where valuables had been kept.
863	1:13:40.0	1:13:46.0		On one wall, someone scratched a few words, perhaps during those visits.
864	1:13:46.5	1:13:52.9		Some people have read them as the name of a famous city from an old story, a city that was destroyed.
865	1:13:53.4	1:14:01.2		Whether that is true or not, it is easy to imagine someone standing there, looking at the ruins, searching for words.
866	1:14:02.2	1:14:05.3	emperor-titus-help	In Rome, the news spread quickly.
867	1:14:05.8	1:14:07.9		The emperor at the time was Titus.
868	1:14:08.4	1:14:10.7		He had only been emperor for a few months.
869	1:14:11.7	1:14:17.1		Titus sent two senior officials to Campania, to organise help for the survivors.
870	1:14:17.6	1:14:24.8		He used money from the estates of those who had died without heirs, to help rebuild the towns that had taken in the refugees.
871	1:14:25.3	1:14:29.8		And he travelled to the region himself, to see the damage with his own eyes.
872	1:14:30.8	1:14:33.9		Historians of the time praised him for his generosity.
873	1:14:34.4	1:14:41.2		He showed, they said, not only the concern of an emperor, but the love of a father.
874	1:14:42.2	1:14:46.3	new-life-naples	The people who had fled from Pompeii and Herculaneum began new lives.
875	1:14:46.8	1:14:52.9		Some settled in Naples, and Puteoli, and Cumae, and in the towns along the coast.
876	1:14:53.4	1:14:59.2		Others moved inland, to towns like Nola and Capua, far from the mountain.
877	1:15:00.2	1:15:05.4		Their names appear in inscriptions in these places, in the years after the eruption.
878	1:15:05.9	1:15:11.0		Families from Pompeii, marrying, working, building new homes.
879	1:15:11.5	1:15:20.4		Children who had been carried out of the town on their parents' shoulders, growing up somewhere new, and perhaps telling their own children about the day the mountain woke.
880	1:15:21.4	1:15:23.6		The towns themselves were never rebuilt.
881	1:15:24.1	1:15:27.7		The ground was too deep, and too changed.
882	1:15:28.2	1:15:32.6		Slowly, grass began to grow on the grey plain.
883	1:15:33.1	1:15:36.3		Then shrubs, and trees.
884	1:15:36.8	1:15:41.9		The volcanic soil, as rich as ever, welcomed new vineyards.
885	1:15:42.9	1:15:47.4	fields-over-pompeii	Years turned into decades, and decades into centuries.
886	1:15:47.9	1:15:52.7		The Roman Empire rose to its greatest size, and then slowly declined.
887	1:15:53.2	1:15:54.4		Languages changed.
888	1:15:54.9	1:15:56.3		Kingdoms came and went.
889	1:15:56.8	1:16:05.1		And above the buried town, farmers ploughed their fields and tended their vines, never knowing what lay beneath their feet.
890	1:16:06.1	1:16:11.5		The local people called the area simply La Civita, which means the city.
891	1:16:12.0	1:16:16.8		Perhaps some faint memory had survived, a sense that there had once been a town there.
892	1:16:17.3	1:16:18.8		But nobody knew its name.
893	1:16:19.8	1:16:28.7		About fifteen hundred years after the eruption, an architect was building an underground channel to carry water from a river to a nearby town.
894	1:16:29.2	1:16:31.8		His tunnel passed right through the buried city.
895	1:16:32.3	1:16:39.2		His workers must have cut through walls, and past painted rooms, and even found inscriptions.
896	1:16:39.7	1:16:42.0		But nobody realised what they had found.
897	1:16:42.5	1:16:45.9		And the tunnel was finished, and the city went on sleeping.
898	1:16:46.9	1:16:50.8	vesuvius-centuries	Vesuvius, meanwhile, did not sleep so peacefully.
899	1:16:51.3	1:16:55.0		Over the centuries, it erupted again and again.
900	1:16:55.5	1:17:01.7		Sometimes gently, with glowing rivers of lava flowing slowly down its sides.
901	1:17:02.2	1:17:03.9		Sometimes more violently.
902	1:17:04.9	1:17:09.4		The people who lived around it learned, slowly, to respect the mountain.
903	1:17:09.9	1:17:11.2		They watched it carefully.
904	1:17:11.7	1:17:15.8		They carried statues of their saints in processions, praying for protection.
905	1:17:16.3	1:17:24.3		And yet they stayed, because the soil was so rich, and the bay so beautiful, and because this was their home.
906	1:17:25.3	1:17:30.4		And beneath the fields, the painted walls of Pompeii waited in the darkness.
907	1:17:30.9	1:17:32.3		The bread still in the oven.
908	1:17:32.8	1:17:34.9		The pots of paint still on the floor.
909	1:17:35.4	1:17:41.3		The election notices still on the walls, asking people to vote for candidates who would never take office.
910	1:17:42.3	1:17:46.9		Everything exactly as it had been, on the last ordinary morning.
911	1:17:47.4	1:17:51.2		Waiting, patiently, for someone to find it.
912	1:17:52.2	1:17:54.3	well-diggers	The first discovery came by accident.
913	1:17:54.8	1:18:00.5		In the early seventeen hundreds, a farmer near the town of Resina was digging a well.
914	1:18:01.0	1:18:04.3		Deep down, he struck something hard.
915	1:18:04.8	1:18:07.1		Not rock, but marble.
916	1:18:07.6	1:18:10.6		Finely cut, polished marble.
917	1:18:11.6	1:18:15.7		Word spread, and before long, treasure hunters arrived.
918	1:18:16.2	1:18:23.8		They dug tunnels down from the well, and pulled out statues, and columns, and pieces of coloured stone.
919	1:18:24.3	1:18:29.2		They didn't know it yet, but they had found the theatre of Herculaneum.
920	1:18:30.2	1:18:34.9		A few decades later, the King of Naples ordered proper excavations.
921	1:18:35.4	1:18:42.7		Workers dug long, narrow tunnels deep underground, working by candlelight in the damp and the dust.
922	1:18:43.2	1:18:47.6		It was slow, difficult, dangerous work.
923	1:18:48.1	1:18:55.5		And in those dark tunnels, they found rooms, and paintings, and statues, and more.
924	1:18:56.5	1:19:03.1	first-excavations-pompeii	Then, in the year seventeen forty eight, the diggers turned their attention to the fields of La Civita.
925	1:19:03.6	1:19:06.9		Here, the ground was much easier to dig.
926	1:19:07.4	1:19:14.3		Not hard volcanic rock, as at Herculaneum, but soft ash and pumice.
927	1:19:14.8	1:19:18.7		And almost immediately, they began to find things.
928	1:19:19.7	1:19:24.5		At first, they thought they had found an ancient town called Stabiae.
929	1:19:25.0	1:19:35.9		It was only after many years of digging, in seventeen sixty three, that they found an inscription carved in stone, which mentioned the town council of the Pompeians.
930	1:19:36.4	1:19:40.7		And at last, the buried city had its name again.
931	1:19:41.2	1:19:41.8		Pompeii.
932	1:19:42.8	1:19:49.9	villa-papyri-scrolls	Around the same time, digging in the tunnels at Herculaneum, workers broke into the great villa outside the town.
933	1:19:50.4	1:19:55.4		The one with the long gardens, and the bronze statues, and the library.
934	1:19:56.4	1:20:04.5		In one of its rooms, they found lumps of something black, rather like pieces of burnt wood, or coal.
935	1:20:05.0	1:20:06.5		Some workers threw them away.
936	1:20:07.0	1:20:08.6		Others used them as torches.
937	1:20:09.1	1:20:13.6		Until someone looked more closely, and noticed faint traces of writing.
938	1:20:14.6	1:20:15.7		They were scrolls.
939	1:20:16.2	1:20:17.1		Hundreds of them.
940	1:20:17.6	1:20:22.5		Carbonised by the heat, rolled up tight, fragile as ash.
941	1:20:23.0	1:20:26.3		The only library to survive intact from the ancient world.
942	1:20:27.3	1:20:32.0		For a long time, nobody knew how to open them without destroying them.
943	1:20:32.5	1:20:44.9		A patient priest named Antonio Piaggio invented a machine, with silk threads and tiny weights, that slowly unrolled a scroll, a fraction at a time.
944	1:20:45.4	1:20:47.6		It could take years to open just one.
945	1:20:48.1	1:20:50.5		And many were too damaged to read at all.
946	1:20:51.0	1:20:55.9		But we will come back to those scrolls, one more time, before the end.
947	1:20:56.9	1:20:59.5	grand-tour-visitors	News of the discoveries spread across Europe.
948	1:20:60.0	1:21:03.3		And soon, visitors began to arrive.
949	1:21:04.3	1:21:12.4		In those days, young men and women from wealthy families often made a long journey through Europe, to complete their education.
950	1:21:12.9	1:21:14.9		They called it the Grand Tour.
951	1:21:15.4	1:21:19.0		And Pompeii quickly became one of its most important stops.
952	1:21:20.0	1:21:24.1		Artists came, to sketch the ruins and copy the paintings.
953	1:21:24.6	1:21:30.8		Writers came, to walk the empty streets and imagine the lives of the people who had lived there.
954	1:21:31.3	1:21:37.4		A young composer named Wolfgang Amadeus Mozart visited as a boy, with his father.
955	1:21:37.9	1:21:44.5		Some say that the Temple of Isis, which he saw there, inspired a scene in one of his operas many years later.
956	1:21:45.5	1:21:50.6		The German poet Goethe visited too, in the year seventeen eighty seven.
957	1:21:51.1	1:21:58.3		He wrote that there had been many disasters in the world, but few that had given so much pleasure to those who came afterwards.
958	1:21:58.8	1:22:00.2		It sounds a little strange.
959	1:22:00.7	1:22:06.1		But he meant that, through its loss, Pompeii had given the world a precious gift.
960	1:22:06.6	1:22:08.2		A window into the past.
961	1:22:09.2	1:22:13.6	fiorelli-excavation	For a long time, the excavations were rather disorganised.
962	1:22:14.1	1:22:20.7		Diggers went looking for treasures, statues, and paintings, and often didn't record where they found them.
963	1:22:21.2	1:22:25.0		Beautiful paintings were cut out of the walls and carried away to museums.
964	1:22:25.5	1:22:26.5		Much was lost.
965	1:22:27.5	1:22:34.3		That began to change in the eighteen sixties, when a young archaeologist named Giuseppe Fiorelli took charge.
966	1:22:34.8	1:22:38.8		Fiorelli was careful, and patient, and methodical.
967	1:22:39.8	1:22:46.3		He divided the town into regions, and blocks, and houses, and gave each one a number.
968	1:22:46.8	1:22:51.3		So that everything found could be recorded precisely, in its place.
969	1:22:51.8	1:22:58.6		He had the ash removed layer by layer, from the top down, instead of tunnelling in from the side.
970	1:22:59.1	1:23:03.7		And he wanted to understand, not only the treasures, but everything.
971	1:23:04.2	1:23:05.2		How people cooked.
972	1:23:05.7	1:23:06.6		How they worked.
973	1:23:07.1	1:23:08.0		How they lived.
974	1:23:09.0	1:23:15.0		Fiorelli also noticed that, in the hardened ash, there were sometimes hollow spaces.
975	1:23:15.5	1:23:21.8		Empty shapes, where something had once been, and had slowly disappeared over the centuries.
976	1:23:22.3	1:23:23.3		A wooden door.
977	1:23:23.8	1:23:25.0		A piece of furniture.
978	1:23:25.5	1:23:27.2		The roots of a tree in a garden.
979	1:23:28.2	1:23:33.9		He had the idea of carefully pouring liquid plaster into these hollows, and letting it set.
980	1:23:34.4	1:23:40.5		When the ash was cleared away, the plaster showed the exact shape of what had once been there.
981	1:23:41.0	1:23:43.7		A wooden cupboard, with its doors and shelves.
982	1:23:44.2	1:23:47.2		A garden bed, with the roots of its plants.
983	1:23:47.7	1:23:50.6		A shutter, from a shop along the street.
984	1:23:51.6	1:23:55.8		In some of those hollows, he found the shapes of people, too.
985	1:23:56.3	1:23:57.7		Those who had stayed behind.
986	1:23:58.2	1:24:02.1		Quiet and still, just as the ash had held them.
987	1:24:02.6	1:24:14.3		Today, these casts are treated with great care and respect, as the last traces of real people, who once walked these streets, and laughed, and loved, and hoped for a long life.
988	1:24:14.8	1:24:23.3		In recent years, scientists have been studying them gently, to learn who these people were, and where their families had come from.
989	1:24:23.8	1:24:27.5		Not to disturb their rest, but to remember them.
990	1:24:28.5	1:24:34.6	excavated-street-sunlight	Slowly, over the years, the streets of Pompeii came back into the light.
991	1:24:35.1	1:24:37.6		The forum, with its temples.
992	1:24:38.1	1:24:41.1		The theatres, and the amphitheatre.
993	1:24:41.6	1:24:44.8		The bakeries, with their ovens and mills.
994	1:24:45.3	1:24:51.8		The houses, one after another, with their painted walls and their mosaics and their gardens.
995	1:24:52.8	1:24:57.0		It was like opening a book that had been closed for eighteen hundred years.
996	1:24:57.5	1:24:59.6		And finding every page still there.
997	1:25:00.6	1:25:04.6	pompeii-today-visitors	Today, Pompeii is one of the most visited places in the world.
998	1:25:05.1	1:25:09.4		Millions of people come every year, from every corner of the globe.
999	1:25:09.9	1:25:16.9		They walk the same streets, step on the same stepping stones, and peer into the same painted rooms.
1000	1:25:17.9	1:25:22.6		And yet, even now, not all of Pompeii has been uncovered.
1001	1:25:23.1	1:25:25.9		About two thirds of the town have been excavated.
1002	1:25:26.4	1:25:29.8		The rest still lies beneath the ground, waiting.
1003	1:25:30.3	1:25:32.6		Archaeologists today are in no hurry.
1004	1:25:33.1	1:25:40.0		They know that the ground itself is the best protector, and that future generations may have better tools than we do.
1005	1:25:41.0	1:25:44.9		Pompeii has not always been safe, even after it was found.
1006	1:25:45.4	1:25:52.2		During the Second World War, in the late summer of nineteen forty three, bombs fell on the ancient town.
1007	1:25:52.7	1:25:58.6		Some houses that had survived the volcano were damaged, and a part of the small museum was destroyed.
1008	1:25:59.1	1:26:01.4		Much has been carefully repaired since.
1009	1:26:02.4	1:26:08.0		Rain, and sun, and the feet of millions of visitors also take their toll.
1010	1:26:08.5	1:26:09.4		Walls weaken.
1011	1:26:09.9	1:26:10.9		Paintings fade.
1012	1:26:11.4	1:26:16.0		So an army of quiet, patient people works there every day.
1013	1:26:16.5	1:26:28.0		Restorers, and gardeners, and engineers, and archaeologists, cleaning and strengthening and protecting, so that Pompeii will still be there for those who come after us.
1014	1:26:29.0	1:26:30.9	new-fresco-discovery	And discoveries are still being made.
1015	1:26:31.9	1:26:41.9		In recent years, in a part of the town that had never been dug before, archaeologists have found whole new streets, and houses, and rooms.
1016	1:26:42.4	1:26:50.1		It was there that they found that little charcoal note on the wall, with its autumn date, that made historians rethink the day of the eruption.
1017	1:26:51.1	1:26:55.7		They found the beautifully painted food counter, with its duck and its rooster.
1018	1:26:56.2	1:27:05.0		They found a room painted in a deep, rich blue, a colour that was rare and precious, perhaps used as a small shrine.
1019	1:27:05.5	1:27:15.0		They found wall paintings as bright and fresh as the day they were made, showing gods, and heroes, and still life scenes of fruit and bread.
1020	1:27:15.5	1:27:24.7		In one, there seems to be a flat round bread, topped with fruit and spices, that some people have jokingly compared to a pizza.
1021	1:27:25.7	1:27:36.9		And they found the stable of a large villa, just outside the town, with the remains of harnessed horses, and a beautiful ceremonial chariot, decorated with bronze and silver.
1022	1:27:37.4	1:27:42.2		Ready, it seemed, for a wedding procession, or a festival.
1023	1:27:42.7	1:27:46.4		Waiting, for almost two thousand years.
1024	1:27:47.4	1:27:52.6	papyrus-scan	And what about those blackened scrolls, from the library of the villa at Herculaneum?
1025	1:27:53.6	1:27:57.5		For a long time, most of them seemed impossible to read.
1026	1:27:58.0	1:27:59.5		Too fragile to unroll.
1027	1:27:60.0	1:28:02.8		Too dark to see the ink on the blackened papyrus.
1028	1:28:03.8	1:28:07.3		But in recent years, scientists found a new way.
1029	1:28:07.8	1:28:17.1		Using powerful scanning machines, a little like the scanners used in hospitals, they were able to look inside the rolled up scrolls, without opening them at all.
1030	1:28:17.6	1:28:26.5		Then, with the help of clever computer programs, they could unroll them virtually, layer by layer, on a screen.
1031	1:28:27.5	1:28:37.9		A few years ago, a group of young researchers, working with those scans, spotted a single word, hidden inside a scroll that had not been opened for almost two thousand years.
1032	1:28:38.4	1:28:39.5		The word was purple.
1033	1:28:40.5	1:28:43.8		Since then, they have read many more lines.
1034	1:28:44.3	1:28:50.4		Passages of philosophy, about pleasure, and music, and how to live a good life.
1035	1:28:50.9	1:28:58.9		Thoughts written down by someone long ago, lost in the darkness, and now, slowly, coming back into the light.
1036	1:28:59.9	1:29:05.6		There may be many more scrolls, still buried in parts of the villa that have never been excavated.
1037	1:29:06.1	1:29:11.3		Lost books, perhaps, that nobody has read since the Roman Empire.
1038	1:29:11.8	1:29:16.2		Waiting, like everything else here, to be found.
1039	1:29:17.2	1:29:18.7	vesuvius-observatory	And Vesuvius?
1040	1:29:19.7	1:29:26.5		The mountain is still there, of course, rising above the bay, just as it did in Pliny's time.
1041	1:29:27.0	1:29:34.1		It has erupted many times since, most recently in the spring of nineteen forty four, during the Second World War.
1042	1:29:34.6	1:29:43.3		Lava flowed down its sides, and ash fell on the villages around it, and many aircraft at a nearby airfield were damaged.
1043	1:29:43.8	1:29:46.4		Since then, it has been quiet.
1044	1:29:47.4	1:29:49.3		But it is watched very closely.
1045	1:29:49.8	1:29:55.6		On its slopes stands the Vesuvius Observatory, founded in eighteen forty one.
1046	1:29:56.1	1:29:59.0		It is the oldest volcano observatory in the world.
1047	1:29:59.5	1:30:05.9		Today, scientists there use instruments to listen to every tiny movement deep inside the mountain.
1048	1:30:06.4	1:30:07.3		Every tremor.
1049	1:30:07.8	1:30:09.1		Every change in the ground.
1050	1:30:09.6	1:30:11.2		Every breath of gas.
1051	1:30:12.2	1:30:18.7		The people who live around Vesuvius today have plans, and warnings, and routes to safety.
1052	1:30:19.2	1:30:23.0		If the mountain ever begins to wake again, they will know.
1053	1:30:23.5	1:30:25.1		And they will have time to leave.
1054	1:30:25.6	1:30:29.6		That, perhaps, is the greatest lesson of Pompeii.
1055	1:30:30.1	1:30:33.9		To watch, and to listen, and to be ready.
1056	1:30:34.9	1:30:39.0	vesuvius-crater-hikers	Today, the slopes of Vesuvius are a national park.
1057	1:30:39.5	1:30:44.8		There are forests of pine and oak, and meadows full of wildflowers.
1058	1:30:45.3	1:30:52.8		Vineyards still grow on its lower slopes, producing wine that people drink all over the world, just as they did in Roman times.
1059	1:30:53.8	1:30:55.5		You can even walk up to the top.
1060	1:30:56.0	1:31:01.2		A winding path leads up through the ash and the rocks, to the edge of the great crater.
1061	1:31:01.7	1:31:13.8		From there, you can look down into the heart of the mountain, a wide, silent hollow of grey and reddish stone, with little wisps of steam rising here and there from cracks in the rock.
1062	1:31:14.3	1:31:18.1		And you can turn around, and look out over the whole Bay of Naples.
1063	1:31:19.1	1:31:22.0		The city of Naples, spreading along the shore.
1064	1:31:22.5	1:31:25.0		The islands, floating in the haze.
1065	1:31:25.5	1:31:28.2		The ships moving slowly across the blue water.
1066	1:31:28.7	1:31:35.9		And far below, somewhere among the green fields and the rooftops, the ancient town of Pompeii.
1067	1:31:36.4	1:31:40.7		Small, and quiet, and open to the sky.
1068	1:31:41.7	1:31:45.7	oplontis-villa-pool	Pompeii and Herculaneum were not the only places the ash preserved.
1069	1:31:46.2	1:31:53.0		All around the mountain, other buildings lay hidden beneath the ground, and some of them have been found too.
1070	1:31:54.0	1:32:03.6		A few kilometres west of Pompeii, in the modern town of Torre Annunziata, lies a great villa at a place the Romans called Oplontis.
1071	1:32:04.1	1:32:09.2		Some believe it may have belonged to the family of Poppaea, the wife of the emperor Nero.
1072	1:32:10.2	1:32:11.2		It is enormous.
1073	1:32:11.7	1:32:21.5		There are long painted halls, and gardens, and a swimming pool more than sixty metres long, lined with statues and shaded by trees.
1074	1:32:22.0	1:32:24.6		The walls are covered in paintings of great beauty.
1075	1:32:25.1	1:32:34.7		Painted columns and painted doorways, opening onto painted gardens, with birds, and baskets of fruit, and a peacock perched on a ledge.
1076	1:32:35.7	1:32:43.2		At the time of the eruption, the villa seems to have been partly empty, perhaps being repaired after the earthquake.
1077	1:32:43.7	1:32:45.7		Its owners were probably far away.
1078	1:32:46.7	1:32:53.2	boscoreale-farm	To the north of Pompeii, at a place called Boscoreale, archaeologists found a working farm.
1079	1:32:53.7	1:33:00.0		It had rooms for pressing grapes, and threshing wheat, and storing olive oil.
1080	1:33:00.5	1:33:08.3		There were rows of huge clay jars, set into the ground in a courtyard, which could hold thousands of litres of wine.
1081	1:33:09.3	1:33:15.0		And in one of the villas there, hidden in a dry cistern, they found a remarkable treasure.
1082	1:33:15.5	1:33:17.6		More than a hundred pieces of silver.
1083	1:33:18.1	1:33:26.3		Cups, and plates, and bowls, beautifully decorated with scenes of plants and animals and gods.
1084	1:33:26.8	1:33:28.5		And a bag of gold coins.
1085	1:33:29.5	1:33:35.8		Someone had hidden them there, during the eruption, hoping perhaps to come back for them when it was all over.
1086	1:33:36.3	1:33:37.3		They never did.
1087	1:33:37.8	1:33:41.6		And the silver waited in the dark, for almost two thousand years.
1088	1:33:42.6	1:33:50.3	stabiae-villa-today	And at Stabiae, where Pliny spent his last night, the great villas along the cliff have been partly uncovered too.
1089	1:33:50.8	1:33:54.0		Their painted rooms look out once more over the bay.
1090	1:33:54.5	1:34:00.0		Delicate figures float across the walls, against backgrounds of soft blue and white.
1091	1:34:00.5	1:34:06.6		In one, a young woman walks gracefully away from us, gathering flowers into a basket.
1092	1:34:07.1	1:34:11.0		She has become one of the most famous images from the whole Roman world.
1093	1:34:11.5	1:34:14.3		People call her simply, Spring.
1094	1:34:15.3	1:34:20.6		Walking through these villas today, it is easy to imagine the lives of the people who once lived there.
1095	1:34:21.1	1:34:23.1		Reading in the shade of the colonnades.
1096	1:34:23.6	1:34:25.5		Watching the sunset over the islands.
1097	1:34:26.0	1:34:29.8		Listening to the soft sound of the sea, far below.
1098	1:34:30.3	1:34:38.9		The same sea that Pliny the Elder looked out on, on his last night, with a pillow tied to his head, and his friends around him.
1099	1:34:39.9	1:34:45.7	museum-naples-treasures	Many of the treasures found in all of these places are now kept in the great archaeological museum in Naples.
1100	1:34:46.2	1:34:52.7		Room after room is filled with statues, and mosaics, and paintings, and everyday objects.
1101	1:34:53.7	1:35:00.7		The great mosaic of Alexander, from the House of the Faun, is there, carefully restored.
1102	1:35:01.2	1:35:03.6		So is the little dancing faun himself.
1103	1:35:04.1	1:35:10.8		There are cases full of glass bottles, and bronze lamps, and cooking pots, and jewellery.
1104	1:35:11.3	1:35:18.5		There are the tools of the doctor, and the wax tablets of the banker, and the loaves of bread from the baker's oven.
1105	1:35:19.0	1:35:21.3		There are even carbonised foods.
1106	1:35:21.8	1:35:22.6		Walnuts.
1107	1:35:23.1	1:35:23.6		Figs.
1108	1:35:24.1	1:35:25.2		Grains of wheat.
1109	1:35:25.7	1:35:29.5		Eggs, somehow unbroken, after all this time.
1110	1:35:30.5	1:35:35.1		Walking through those rooms, you begin to understand just how much was saved.
1111	1:35:35.6	1:35:39.9		Not only the grand things, but the small, everyday things too.
1112	1:35:40.4	1:35:48.5		The things that, anywhere else in the world, would have been thrown away, or worn out, or simply lost.
1113	1:35:49.0	1:35:51.0		Here, they have survived.
1114	1:35:51.5	1:35:52.6		Because of the mountain.
1115	1:35:53.1	1:35:54.1		Because of the ash.
1116	1:35:54.6	1:35:56.9		Because of one day in the year seventy nine.
1117	1:35:57.9	1:36:03.6	portrait-couple-fresco	Of all the things that survived in Pompeii, perhaps the most moving are the faces.
1118	1:36:04.6	1:36:09.5		On the wall of a small house, there is a painted portrait of a young couple.
1119	1:36:10.0	1:36:11.5		The man is holding a scroll.
1120	1:36:12.0	1:36:18.7		The woman holds a wax tablet, and a writing stick, which she rests thoughtfully against her lips.
1121	1:36:19.2	1:36:26.1		They look straight out at us, calm and serious, as if they have just been interrupted in the middle of a conversation.
1122	1:36:27.1	1:36:30.6		We think the man may have been called Terentius Neo.
1123	1:36:31.1	1:36:32.5		We don't know the woman's name.
1124	1:36:33.0	1:36:35.3		But the painting tells us something about them.
1125	1:36:35.8	1:36:39.2		That they wanted to be remembered as people who could read and write.
1126	1:36:39.7	1:36:40.6		As partners.
1127	1:36:41.1	1:36:43.3		As equals, perhaps.
1128	1:36:44.3	1:36:49.5	julia-felix-garden	There was a woman named Julia Felix, who owned a large property near the amphitheatre.
1129	1:36:50.0	1:36:53.2		After the great earthquake, she rented parts of it out.
1130	1:36:53.7	1:37:02.9		A painted notice on her wall offered elegant baths, shops, and apartments, for rent for five years, to respectable people.
1131	1:37:03.9	1:37:06.1		Her garden was one of the loveliest in town.
1132	1:37:06.6	1:37:13.9		It had a long narrow pool, crossed by little bridges, with fruit trees and flowers all along its banks.
1133	1:37:14.4	1:37:19.3		And small niches along the walls, where statues and fountains stood.
1134	1:37:19.8	1:37:25.0		Julia Felix was clearly a clever businesswoman, making the best of difficult times.
1135	1:37:26.0	1:37:32.4	house-vettii	There were two brothers named Aulus Vettius Restitutus, and Aulus Vettius Conviva.
1136	1:37:32.9	1:37:34.6		They had been born into slavery.
1137	1:37:35.1	1:37:42.2		But they had been freed, and had gone into business, perhaps trading wine, and they had become rich.
1138	1:37:43.2	1:37:50.5		They bought a fine house, not far from the centre, and filled it with some of the most beautiful paintings in all of Pompeii.
1139	1:37:51.0	1:37:58.6		In one room, the walls show little winged children, called cupids, busy at all kinds of work.
1140	1:37:59.1	1:38:00.2		Making perfume.
1141	1:38:00.7	1:38:02.2		Working as goldsmiths.
1142	1:38:02.7	1:38:03.7		Pressing grapes.
1143	1:38:04.2	1:38:06.4		Racing in chariots pulled by deer.
1144	1:38:07.4	1:38:10.3		It is a playful, joyful room.
1145	1:38:10.8	1:38:12.7		And it tells a story of its own.
1146	1:38:13.2	1:38:21.8		Of two brothers who started with nothing, and built a good life, and wanted to share their happiness with everyone who came to visit.
1147	1:38:22.8	1:38:24.5	surgeon-instruments	In another house lived a doctor.
1148	1:38:25.0	1:38:30.5		In his rooms, archaeologists found his instruments, made of bronze.
1149	1:38:31.0	1:38:39.9		Fine probes, and little spoons, and tweezers, and scalpels, and tools for examining patients.
1150	1:38:40.4	1:38:44.4		Some of them look remarkably like instruments that doctors still use today.
1151	1:38:44.9	1:38:51.6		He must have spent his days caring for the people of the town, listening to their worries, and doing his best to make them well.
1152	1:38:52.6	1:38:55.6	graffiti-messages-wall	And then there are all the people we only know from the walls.
1153	1:38:56.6	1:39:01.3		A man named Secundus, who sent greetings to his friend Prima.
1154	1:39:01.8	1:39:05.0		A lover who wrote that whoever loves, should be well.
1155	1:39:05.5	1:39:10.4		A traveller who wrote that he had stayed at an inn, and enjoyed a good dinner.
1156	1:39:10.9	1:39:16.1		Someone who carefully scratched a little picture of a ship, with its sails and oars.
1157	1:39:16.6	1:39:21.4		A child who practised the alphabet, letter by letter, low on a wall.
1158	1:39:22.4	1:39:28.3		One message, found in more than one place, seems to reflect on all of this writing.
1159	1:39:28.8	1:39:38.5		It says, more or less, that the writer is amazed the wall hasn't fallen down, carrying the weight of so many people's words.
1160	1:39:39.5	1:39:41.2	ordinary-kitchen	None of these people were famous.
1161	1:39:41.7	1:39:45.8		They were not emperors, or generals, or great poets.
1162	1:39:46.3	1:39:50.9		They were bakers, and shopkeepers, and doctors, and children.
1163	1:39:51.4	1:40:01.2		People who worried about money, and fell in love, and argued about politics, and went to the baths, and complained about their neighbours.
1164	1:40:02.2	1:40:07.1		History, very often, forgets people like them.
1165	1:40:07.6	1:40:12.0		It remembers the kings, and the battles, and the great events.
1166	1:40:12.5	1:40:18.6		But in Pompeii, by a strange and sad chance, it was the ordinary people who were remembered.
1167	1:40:19.1	1:40:24.9		Their houses, their kitchens, their gardens, their words.
1168	1:40:25.9	1:40:29.0		And perhaps that is why Pompeii touches us so deeply.
1169	1:40:29.5	1:40:35.3		Because when we walk through its streets, we don't feel that we are looking at something distant and strange.
1170	1:40:35.8	1:40:39.2		We feel that we are visiting people very much like ourselves.
1171	1:40:39.7	1:40:52.4		People who, on a warm day long ago, got up in the morning, and bought their bread, and went about their lives, expecting that tomorrow would come, just as it always had.
1172	1:40:53.4	1:40:56.1		For most of them, it did.
1173	1:40:56.6	1:41:01.2		They walked away from the mountain, and found new homes, and new lives.
1174	1:41:01.7	1:41:06.0		Their children, and their children's children, lived on.
1175	1:41:06.5	1:41:18.2		Some of them, perhaps, have descendants living around the bay today, still tending vines on the slopes of Vesuvius, still looking out across the same blue water.
1176	1:41:19.2	1:41:20.3		It's a comforting thought.
1177	1:41:20.8	1:41:24.4		That the story of Pompeii is not only a story of an ending.
1178	1:41:24.9	1:41:27.2		But also a story of people who carried on.
1179	1:41:28.2	1:41:30.5	pompeii-evening-closing	Let's go back to Pompeii one last time.
1180	1:41:31.0	1:41:32.5		It is late in the afternoon.
1181	1:41:33.0	1:41:36.6		The last visitors of the day are making their way slowly towards the exit.
1182	1:41:37.1	1:41:41.1		Their voices fade away, down the long straight streets.
1183	1:41:41.6	1:41:45.0		And soon, the ancient town is quiet again.
1184	1:41:46.0	1:41:48.4		The sun is low in the west, over the sea.
1185	1:41:48.9	1:41:53.6		Its light is warm and golden, and it falls softly on the old stones.
1186	1:41:54.1	1:41:57.7		The shadows of the columns stretch out long across the forum.
1187	1:41:58.7	1:42:02.6		Let's walk, slowly, without any hurry at all.
1188	1:42:03.6	1:42:07.2	evening-stepping-stones	Down the Street of Abundance, past the shuttered shops.
1189	1:42:07.7	1:42:09.9		The paving stones are warm beneath our feet.
1190	1:42:10.4	1:42:13.4		The deep grooves of the cart wheels catch the evening light.
1191	1:42:13.9	1:42:18.9		We step from one stepping stone to the next, just as the people of Pompeii once did.
1192	1:42:19.9	1:42:24.6		A lizard runs along the top of a wall, and stops in a patch of sunlight.
1193	1:42:25.1	1:42:30.6		A few swallows swoop low over the rooftops, calling softly to each other.
1194	1:42:31.1	1:42:34.8		Somewhere nearby, a cricket begins to sing.
1195	1:42:35.8	1:42:41.6		We pass a fountain, its stone basin worn smooth by all those hands, long ago.
1196	1:42:42.1	1:42:47.8		We pass a bakery, with its old mills standing in a row, like quiet sentinels.
1197	1:42:48.3	1:42:55.3		We pass a food counter, with its clay jars set into the stone, empty now, but still waiting.
1198	1:42:56.3	1:43:03.1		On the walls beside us, the old red letters are still just visible, faded by time.
1199	1:43:03.6	1:43:04.9		Names of candidates.
1200	1:43:05.4	1:43:06.7		Greetings to friends.
1201	1:43:07.2	1:43:08.6		A few words of love.
1202	1:43:09.6	1:43:11.5	garden-evening-light	Let's step inside one of the houses.
1203	1:43:12.0	1:43:15.3		Through the narrow entrance hall, into the atrium.
1204	1:43:15.8	1:43:22.0		The square opening in the roof shows a patch of evening sky, turning slowly from blue to gold.
1205	1:43:22.5	1:43:25.0		The shallow pool beneath it is dry now.
1206	1:43:25.5	1:43:29.2		But you can almost imagine the water there, catching the light.
1207	1:43:30.2	1:43:32.5		Beyond the atrium lies the garden.
1208	1:43:33.0	1:43:36.2		It has been replanted, just as it was.
1209	1:43:36.7	1:43:39.1		Roses climb over the low walls.
1210	1:43:39.6	1:43:42.3		A small fig tree spreads its broad leaves.
1211	1:43:42.8	1:43:47.5		Herbs grow in neat rows, and their scent drifts gently on the warm air.
1212	1:43:48.0	1:43:48.7		Rosemary.
1213	1:43:49.2	1:43:49.6		Myrtle.
1214	1:43:50.1	1:43:50.5		Bay.
1215	1:43:51.5	1:43:58.3		Let's sit here for a while, on the edge of the old stone walkway, in the shade of the columns.
1216	1:43:58.8	1:44:00.2		There's nowhere we need to be.
1217	1:44:00.7	1:44:01.7		Nothing we need to do.
1218	1:44:02.7	1:44:08.3		On the walls around us, the painted birds are perched among their painted branches.
1219	1:44:08.8	1:44:11.1		They've been sitting there for two thousand years.
1220	1:44:11.6	1:44:13.1		They're in no hurry either.
1221	1:44:14.1	1:44:18.5	vesuvius-sunset	From here, if you look up, you can see Vesuvius.
1222	1:44:19.0	1:44:23.6		It rises above the rooftops, just as it did on that last ordinary morning.
1223	1:44:24.1	1:44:27.0		Its slopes are soft and hazy in the evening light.
1224	1:44:27.5	1:44:30.9		Purple, and blue, and grey.
1225	1:44:31.9	1:44:33.5		It seems very calm now.
1226	1:44:34.0	1:44:34.6		Resting.
1227	1:44:35.1	1:44:40.5		Watched over, day and night, by those who listen to its every breath.
1228	1:44:41.5	1:44:43.3		The sun sinks a little lower.
1229	1:44:43.8	1:44:47.9		The gold turns to orange, and then to a soft, deep pink.
1230	1:44:48.4	1:44:51.7		The shadows in the garden grow longer, and cooler.
1231	1:44:52.2	1:44:54.1		The swallows have gone to their nests.
1232	1:44:54.6	1:44:57.1		The lizard has disappeared into a crack in the wall.
1233	1:44:58.1	1:45:02.9	bay-twilight	Far away, beyond the town walls, the sea is turning silver.
1234	1:45:03.4	1:45:09.1		A small boat moves slowly across the bay, its wake a thin white line on the water.
1235	1:45:09.6	1:45:15.7		On the far shore, the lights of Naples are beginning to come on, one by one.
1236	1:45:16.2	1:45:20.7		Tiny, golden points of light, strung along the edge of the sea.
1237	1:45:21.7	1:45:27.2		It's the same bay the young Pliny looked out on, from his uncle's house in Misenum.
1238	1:45:27.7	1:45:28.8		The same sky.
1239	1:45:29.3	1:45:30.3		The same water.
1240	1:45:31.3	1:45:33.6		He lived for many more years after that day.
1241	1:45:34.1	1:45:40.7		He became a lawyer, and a senator, and a governor, and a writer of letters that people still read today.
1242	1:45:41.2	1:45:47.2		And when his friend asked him, one day, to write down what he remembered, he did.
1243	1:45:47.7	1:45:51.9		Carefully, and honestly, so that nobody would forget.
1244	1:45:52.9	1:45:56.5	night-stars-ruins	The first stars are appearing now, above the mountain.
1245	1:45:57.0	1:46:01.3		One, and then another, and then a few more.
1246	1:46:01.8	1:46:03.1		The air is cooling.
1247	1:46:03.6	1:46:06.5		The stones are giving back the last of the day's warmth.
1248	1:46:07.0	1:46:11.2		And all around us, the ancient town settles into the quiet of the night.
1249	1:46:12.2	1:46:13.4		The empty streets.
1250	1:46:13.9	1:46:15.2		The silent temples.
1251	1:46:15.7	1:46:18.8		The gardens, with their roses and their fig trees.
1252	1:46:19.3	1:46:23.7		The painted rooms, with their birds and their gods and their secret stories.
1253	1:46:24.2	1:46:27.3		All resting, peacefully, under the stars.
1254	1:46:28.3	1:46:30.7		Pompeii has waited a very long time.
1255	1:46:31.2	1:46:35.1		It has been buried, and forgotten, and found again.
1256	1:46:35.6	1:46:40.6		It has welcomed millions of visitors, and told its story to every one of them.
1257	1:46:41.1	1:46:48.9		And tomorrow, when the sun rises over the mountains, it will open its gates, and tell that story all over again.
1258	1:46:49.9	1:46:52.4		But for now, it is resting.
1259	1:46:52.9	1:46:53.9		And so can you.
1260	1:46:54.9	1:46:57.2		Let the warm night air settle around you.
1261	1:46:57.7	1:47:02.3		Let your breathing grow slow, and deep, and easy.
1262	1:47:02.8	1:47:06.2		Let the sound of the distant sea carry you gently away.
1263	1:47:07.2	1:47:08.9		There is nothing left to remember.
1264	1:47:09.4	1:47:10.8		Nothing left to follow.
1265	1:47:11.8	1:47:13.7		Just the stars above the old town.
1266	1:47:14.2	1:47:15.1		The quiet mountain.
1267	1:47:15.6	1:47:19.3		And the soft, endless breathing of the sea.
1268	1:47:20.3	1:47:20.7		Goodnight.
