#	start	end	image	text
1	0:00:00.0	0:00:01.3	intro-fog-golden-gate	Close your eyes if you'd like.
2	0:00:02.6	0:00:10.0		Tonight, we are travelling back a little more than a hundred years, to a city on the edge of the Pacific Ocean.
3	0:00:12.0	0:00:19.7		A city of steep hills, and cable cars, and soft grey fog that rolls in from the sea each evening.
4	0:00:22.1	0:00:24.0		We are not here to be frightened.
5	0:00:25.4	0:00:35.7		We are here to walk slowly through its streets, and to listen to the story of a morning in the spring of nineteen hundred and six, and of everything that came after.
6	0:00:38.5	0:00:40.5		You don't need to remember any of this.
7	0:00:41.9	0:00:45.9		You don't need to follow every name, or every date.
8	0:00:47.5	0:00:55.9		Just let the story drift past you, the way the fog drifts over the hills, quietly, and without any hurry at all.
9	0:00:58.4	0:01:02.0		If you fall asleep before the end, that's alright.
10	0:01:03.6	0:01:05.1		The city will still be there.
11	0:01:06.4	0:01:08.3		It has a way of always coming back.
12	0:01:10.2	0:01:11.5	strait-without-bridge	Let's begin at the water.
13	0:01:12.8	0:01:20.4		On the western edge of North America, there is a narrow opening in the coastline, where the ocean meets a great sheltered bay.
14	0:01:22.4	0:01:26.0		Today, a tall red bridge crosses that opening.
15	0:01:27.5	0:01:30.5		But in our story, there is no bridge yet.
16	0:01:31.9	0:01:37.9		Only the water, moving in and out with the tides, and the steep green headlands on either side.
17	0:01:40.2	0:01:42.8		Sailors called this opening the Golden Gate.
18	0:01:44.3	0:01:53.7		Beyond it, the bay spreads out wide and calm, with islands resting in its middle, and gentle hills rising all around its shores.
19	0:01:55.8	0:01:58.9		It is one of the finest natural harbours in the world.
20	0:02:01.0	0:02:05.0		And almost every summer evening, something quiet happens here.
21	0:02:06.7	0:02:09.9		Out at sea, a bank of fog gathers.
22	0:02:11.4	0:02:19.6		It creeps towards the land, low and white, and then it slips in through the Golden Gate, as if the bay were breathing it in.
23	0:02:21.6	0:02:29.2		It spills over the hills, and flows down into the valleys, and covers the rooftops like a soft grey blanket.
24	0:02:31.7	0:02:34.9		People who live here say you can hear the fog before you see it.
25	0:02:36.4	0:02:43.3		Out on the water, the foghorns begin to call, low and slow, one after another.
26	0:02:45.2	0:02:49.5		It is a sound that has been lulling this city to sleep for a very long time.
27	0:02:51.6	0:02:55.9	ohlone-shore	Long before there was any city, this land was home to the Ohlone people.
28	0:02:57.5	0:03:01.9		For thousands of years, they lived in small villages around the bay.
29	0:03:03.6	0:03:07.9		They gathered acorns from the oak trees, and ground them into flour.
30	0:03:09.5	0:03:14.5		They fished in the shallow water, and collected mussels and oysters along the shore.
31	0:03:16.2	0:03:22.0		And they built light boats from bundles of tule reeds, which floated easily across the calm water.
32	0:03:24.3	0:03:30.6		Over the centuries, the shells from all those meals piled up into great mounds along the shoreline.
33	0:03:32.4	0:03:34.5		Some of them were as tall as a house.
34	0:03:35.9	0:03:43.1		They were a kind of quiet record, showing how many generations had lived beside this water, and been fed by it.
35	0:03:45.5	0:03:50.3	presidio-spanish-fort	In the year seventeen seventy six, Spanish soldiers and missionaries arrived.
36	0:03:52.0	0:03:57.2		They built a small fort near the Golden Gate, which they called the Presidio.
37	0:03:58.9	0:04:06.1		And a few miles inland, in a sheltered valley where the fog was thinner and the sun came out more often, they built a mission church.
38	0:04:08.6	0:04:15.3	mission-dolores	The church was made of adobe, thick walls of sun-dried clay bricks, covered with white plaster.
39	0:04:17.1	0:04:22.3		Its roof was held up by great wooden beams, tied together with strips of rawhide.
40	0:04:24.1	0:04:32.1		Inside, the ceiling was painted with patterns in soft reds and ochres, in designs taken from Ohlone baskets.
41	0:04:34.7	0:04:38.3		Its official name was the Mission of Saint Francis of Assisi.
42	0:04:39.8	0:04:45.2		But people came to call it Mission Dolores, after a little creek that once ran nearby.
43	0:04:47.0	0:04:50.7		It is still standing today, the oldest building in the whole city.
44	0:04:52.2	0:04:56.5		And that is something worth remembering, as our story goes on.
45	0:04:58.7	0:05:01.5		For many years, very little happened here.
46	0:05:02.9	0:05:09.2		There was the fort, and the mission, and a few ranches where cattle grazed on the golden hills.
47	0:05:11.1	0:05:16.5		Then, near a small cove on the eastern side, a little trading village grew up.
48	0:05:18.2	0:05:24.0		It was called Yerba Buena, after a sweet-smelling wild mint that grew on the slopes nearby.
49	0:05:26.3	0:05:28.5		Yerba Buena was a sleepy place.
50	0:05:29.9	0:05:37.9		A few wooden houses, a store or two, and a muddy beach where ships would sometimes anchor to trade for cattle hides.
51	0:05:39.9	0:05:44.5		By the middle of the eighteen forties, only a few hundred people lived there.
52	0:05:46.7	0:05:50.5		In eighteen forty seven, the little village took a new name.
53	0:05:52.1	0:05:57.7		It would be called San Francisco, after the mission, and after the great bay beside it.
54	0:05:59.4	0:06:02.1		At the time, it hardly seemed to matter.
55	0:06:03.6	0:06:07.6		It was still just a small, quiet settlement at the edge of the world.
56	0:06:09.7	0:06:14.3		But that was about to change, very quickly indeed.
57	0:06:14.3	0:06:24.1	gold-river-sierra	In January of eighteen forty eight, far inland, in the foothills of the Sierra Nevada mountains, a carpenter was building a sawmill beside a river.
58	0:06:26.3	0:06:31.6		One morning, he looked down into the cold, clear water of the mill race.
59	0:06:33.4	0:06:37.1		And there, among the pebbles, something glittered.
60	0:06:39.1	0:06:43.1		He picked up a few small flakes, and turned them over in his hand.
61	0:06:44.7	0:06:48.4		They were soft, and heavy, and bright yellow.
62	0:06:50.0	0:06:54.6		He tested them as well as he could, and before long, there was no doubt.
63	0:06:56.2	0:06:56.9		It was gold.
64	0:06:58.7	0:07:01.9		At first, the news travelled slowly.
65	0:07:03.4	0:07:05.9		People heard the rumours, and shrugged.
66	0:07:07.4	0:07:16.1		Then a shopkeeper walked through the streets of San Francisco, holding up a small bottle of gold dust, and calling out the news to anyone who would listen.
67	0:07:18.2	0:07:21.0		After that, nothing could stop it.
68	0:07:22.9	0:07:26.9		Within weeks, the little town had almost emptied.
69	0:07:28.5	0:07:30.5		Shopkeepers closed their stores.
70	0:07:31.9	0:07:33.7		Sailors left their ships.
71	0:07:35.1	0:07:40.7		Even the newspaper stopped printing, because everyone who worked there had gone off to look for gold.
72	0:07:43.0	0:07:47.7		And then, from all over the world, people began to arrive.
73	0:07:49.3	0:07:55.4		They came from the eastern states of America, crossing the plains and the mountains in covered wagons.
74	0:07:57.3	0:08:01.9		They came by ship, sailing all the way around the southern tip of South America.
75	0:08:03.5	0:08:12.0		They came from Mexico, and Chile, and China, and Australia, and France, and Germany, and Ireland.
76	0:08:14.6	0:08:20.8		They were called the forty-niners, after the year eighteen forty nine, when most of them arrived.
77	0:08:22.6	0:08:27.3		And almost all of them came through the Golden Gate, into the harbour of San Francisco.
78	0:08:29.5	0:08:32.5	ships-abandoned-harbour	Soon, the harbour was full of ships.
79	0:08:34.0	0:08:39.1		Hundreds of them, their tall masts standing together like a leafless forest.
80	0:08:40.8	0:08:43.2		But many of these ships would never sail again.
81	0:08:44.6	0:08:52.3		As soon as they dropped anchor, their crews jumped ashore and headed for the gold fields, leaving the ships floating empty in the bay.
82	0:08:54.8	0:08:57.9		So the people of San Francisco found other uses for them.
83	0:08:59.4	0:09:04.1		Some ships were pulled up onto the mud, and turned into warehouses.
84	0:09:05.8	0:09:06.9		One became a hotel.
85	0:09:08.2	0:09:13.9		Another became a store, and another, it is said, even served as a jail.
86	0:09:16.1	0:09:23.6		As the town grew, the shoreline was filled in with sand and rubble, and new streets were built out over the water.
87	0:09:25.6	0:09:28.4		Some of those old ships were simply buried where they lay.
88	0:09:29.9	0:09:40.9		Even today, when builders dig down beneath the streets of the city's financial district, they sometimes find the wooden hull of a gold rush ship, resting quietly in the old mud.
89	0:09:43.7	0:09:50.7	tent-city-hills	In just two years, the population of San Francisco grew from about a thousand people to more than twenty thousand.
90	0:09:52.6	0:09:55.1		There was nowhere near enough room for them all.
91	0:09:56.5	0:10:06.6		People lived in tents, and in shacks made of packing crates, and in canvas houses that glowed like lanterns at night, when a candle was lit inside.
92	0:10:09.3	0:10:12.8		The streets were mud in the winter, and dust in the summer.
93	0:10:14.4	0:10:15.9		Prices were astonishing.
94	0:10:17.2	0:10:19.0		An egg might cost a dollar.
95	0:10:20.4	0:10:23.9		A pair of boots might cost as much as a small house back east.
96	0:10:26.0	0:10:32.1		And because nearly everything was built of wood and canvas, fire was a constant worry.
97	0:10:33.9	0:10:38.4		In the first years of the gold rush, the young city burned several times.
98	0:10:40.0	0:10:45.2		And each time, the people simply cleared away the ashes, and built again.
99	0:10:46.9	0:10:49.0		It was already becoming a kind of habit here.
100	0:10:50.4	0:10:53.8		Building, and rebuilding, and never quite giving up.
101	0:10:55.9	0:11:02.1		In fact, the seal of the city shows a bird called a phoenix, rising from the flames.
102	0:11:03.9	0:11:09.5		It is a reminder of those early days, and of a city that would not stay down for long.
103	0:11:11.8	0:11:13.9	victorian-hills-1880	The gold rush did not last forever.
104	0:11:15.3	0:11:16.7		But San Francisco did.
105	0:11:18.0	0:11:23.7		Silver was found in the mountains of Nevada, and much of that wealth flowed back into the city.
106	0:11:25.5	0:11:31.6		Banks were built, and theatres, and churches, and fine hotels.
107	0:11:33.4	0:11:39.0		A railroad was laid across the whole continent, linking California with the rest of the country.
108	0:11:41.3	0:11:43.2		The city spread out over its hills.
109	0:11:44.5	0:11:53.3		Rows of wooden houses climbed the slopes, painted in soft colours, with bay windows and carved decorations under their roofs.
110	0:11:55.4	0:12:02.3		Later, people would call them Victorians, after the Queen of England, who reigned in those years.
111	0:12:04.7	0:12:07.5		San Francisco had its share of colourful characters.
112	0:12:09.0	0:12:15.1	emperor-norton-street	One of the most famous was a man named Joshua Norton, who had lost his fortune in the rice trade.
113	0:12:16.9	0:12:22.2		One day, he announced to the newspapers that he was the Emperor of the United States.
114	0:12:24.4	0:12:28.9		Instead of laughing at him, the people of San Francisco rather took him to their hearts.
115	0:12:30.6	0:12:39.4		He walked the streets in a blue uniform with gold epaulettes, inspecting the pavements and the cable cars, and chatting with everyone he met.
116	0:12:41.5	0:12:45.5		Restaurants gave him meals, and theatres saved a seat for him.
117	0:12:47.1	0:12:51.6		He even printed his own money, and some shopkeepers kindly accepted it.
118	0:12:53.7	0:12:57.4		When he died, thousands of people came to his funeral.
119	0:12:59.0	0:13:04.0		It says something about the city, that it made room for a gentle dreamer like him.
120	0:13:06.2	0:13:13.0		By the end of the nineteenth century, San Francisco had become the greatest city on the western coast of America.
121	0:13:14.9	0:13:19.9		It was a place of ships and trade, of new arrivals and big dreams.
122	0:13:21.6	0:13:28.0		A city that had grown up almost overnight, and had never stopped moving since.
123	0:13:28.0	0:13:32.1	market-street-1906	Now let's step into San Francisco in the spring of nineteen hundred and six.
124	0:13:33.7	0:13:37.5		It is a big city now, with more than four hundred thousand people.
125	0:13:39.1	0:13:42.1		The biggest city anywhere on the western side of the country.
126	0:13:44.1	0:13:53.2		We'll start on Market Street, the great wide avenue that cuts through the heart of the city, running in a long straight line from the hills down to the bay.
127	0:13:55.3	0:13:57.3		It is busy from morning until night.
128	0:13:58.7	0:14:06.1		Horse-drawn wagons rattle over the paving stones, loaded with barrels, and crates, and sacks of flour.
129	0:14:08.0	0:14:15.9		Men in bowler hats hurry along the pavements, and women in long skirts and wide hats step carefully around the puddles.
130	0:14:17.9	0:14:20.9		Newspaper boys call out the headlines on every corner.
131	0:14:22.9	0:14:29.7		And down the middle of the street, the cable cars come gliding past, their bells ringing clear and bright.
132	0:14:32.1	0:14:35.0	cable-car-hill	The cable cars are one of the marvels of San Francisco.
133	0:14:36.5	0:14:43.6		The city's hills are so steep that horses could barely climb them, especially on wet days, when the stones were slippery.
134	0:14:45.5	0:14:54.9		It is said that a man named Andrew Hallidie once watched a team of horses struggling up a hill with a heavy streetcar, and decided there had to be a better way.
135	0:14:57.5	0:15:00.2		His idea was simple, and very clever.
136	0:15:01.7	0:15:11.7		Beneath the street, in a narrow slot, a thick steel cable runs in an endless loop, pulled along by great wheels in a powerhouse.
137	0:15:13.9	0:15:21.2		When the driver of the car pulls a lever, a kind of grip reaches down through the slot and takes hold of the moving cable.
138	0:15:23.1	0:15:27.1		And the car is carried smoothly up the hill, no matter how steep.
139	0:15:29.2	0:15:34.5		If you stand quietly at the side of the road, you can hear the cable humming beneath your feet.
140	0:15:36.3	0:15:41.0		A low, steady sound, that runs all day long under the city.
141	0:15:42.6	0:15:43.5		Like a heartbeat.
142	0:15:45.3	0:15:51.0	ferry-building-clock	At the bottom of Market Street, right at the edge of the water, stands the Ferry Building.
143	0:15:52.8	0:15:56.8		It is quite new in our story, finished only a few years earlier.
144	0:15:58.4	0:16:06.8		It has a long hall of grey stone, and a tall clock tower rising from the middle, modelled on a bell tower in Spain.
145	0:16:09.3	0:16:11.5		There is no bridge across the bay yet.
146	0:16:13.0	0:16:22.5		So every day, tens of thousands of people cross the water by ferry, from Oakland, and Berkeley, and the towns to the north.
147	0:16:24.6	0:16:32.6		The ferries are big white steamboats, with paddle wheels, and open decks where passengers can stand and watch the gulls.
148	0:16:34.6	0:16:42.4		In the evening, the Ferry Building clock glows over the water, telling everyone whether they will catch the last boat home.
149	0:16:44.9	0:16:49.1	palace-hotel-court	A little way up Market Street stands one of the grandest buildings in the city.
150	0:16:50.7	0:16:52.2		It is the Palace Hotel.
151	0:16:54.1	0:17:01.1		When it opened, some thirty years before our story, it was said to be the largest hotel in the world.
152	0:17:03.0	0:17:10.5		It is seven storeys high, with hundreds of rooms, and rows and rows of bay windows looking out over the street.
153	0:17:12.9	0:17:17.6		In the middle of the hotel is a great open court, covered by a glass roof.
154	0:17:19.3	0:17:27.5		Carriages drive straight in from the street, and circle around, so that guests can step down in comfort, out of the wind and the rain.
155	0:17:29.5	0:17:38.2		All around the court, balconies with white columns rise up, floor after floor, towards the glass ceiling far above.
156	0:17:40.8	0:17:44.9		The hotel has its own wells, and great tanks of water on the roof.
157	0:17:46.5	0:17:52.9		It has electric lights, and hydraulic elevators, which the guests like to call rising rooms.
158	0:17:54.7	0:17:57.8		Kings and presidents and famous actors have stayed here.
159	0:17:59.3	0:18:03.9		And in our story, a very famous singer is about to arrive.
160	0:18:06.1	0:18:10.4	chinatown-lanterns	Let's walk on, up the slope, into Chinatown.
161	0:18:12.0	0:18:15.5		Chinese people had come to San Francisco since the days of the gold rush.
162	0:18:17.1	0:18:26.2		They worked in the mines, and on the railroads, and in laundries, and shops, and farms, and fishing camps.
163	0:18:28.3	0:18:30.1		Life was often hard for them.
164	0:18:31.5	0:18:38.0		There were unfair laws, and much prejudice, and many were not allowed to live anywhere else in the city.
165	0:18:40.3	0:18:44.8		But inside these few crowded blocks, they built a world of their own.
166	0:18:46.5	0:18:49.4		The streets are narrow, and full of life.
167	0:18:50.8	0:18:53.1		Paper lanterns hang from the balconies.
168	0:18:54.6	0:19:01.2		Shops sell tea, and silk, and dried mushrooms, and herbs in little wooden drawers.
169	0:19:03.0	0:19:10.5		There are temples filled with the scent of incense, and theatres where the music of gongs and strings goes on late into the night.
170	0:19:13.0	0:19:19.2	north-beach-telegraph-hill	Nearby, on the hills to the north, are the Italian neighbourhoods of North Beach and Telegraph Hill.
171	0:19:21.0	0:19:26.6		Here, fishermen mend their nets, and bakers pull warm loaves from their ovens.
172	0:19:28.4	0:19:35.4		And in many of the little wooden houses on the hill, families keep barrels of homemade red wine in their cellars.
173	0:19:37.3	0:19:38.6		Remember that wine.
174	0:19:39.9	0:19:41.8		It will turn out to be important.
175	0:19:43.7	0:19:45.9	nob-hill-mansions-1906	Above Chinatown rises Nob Hill.
176	0:19:47.3	0:19:50.7		This is where the richest people in the city have built their mansions.
177	0:19:52.2	0:19:56.2		Railroad owners, and silver kings, and bankers.
178	0:19:57.8	0:20:06.7		Their houses are enormous, with towers, and turrets, and stained glass windows, and gardens behind stone walls.
179	0:20:08.8	0:20:18.0		On the very top of the hill, a brand new hotel called the Fairmont is almost finished, with white stone walls gleaming in the sun.
180	0:20:20.7	0:20:26.6	golden-gate-park	And far to the west, where the city meets the ocean, there is Golden Gate Park.
181	0:20:28.3	0:20:34.6		Not so long ago, this land was nothing but sand dunes, blowing in the wind off the sea.
182	0:20:36.5	0:20:39.0		People said nothing would ever grow there.
183	0:20:40.9	0:20:47.7		But a young engineer, and later a patient Scottish gardener named John McLaren, set out to prove them wrong.
184	0:20:49.6	0:20:52.5		They planted grasses to hold the sand in place.
185	0:20:54.0	0:20:58.8		Then shrubs, and then trees, thousands and thousands of them.
186	0:21:00.5	0:21:07.3		Slowly, year by year, the dunes turned into meadows and forests.
187	0:21:09.7	0:21:15.6		Now the park is a place of lakes and lawns, and winding paths beneath tall cypress trees.
188	0:21:17.3	0:21:21.9		There is a conservatory full of tropical flowers, under a white glass dome.
189	0:21:23.6	0:21:27.4		There is a small herd of buffalo, grazing in a paddock.
190	0:21:29.0	0:21:36.3		And near the ocean end, a Dutch windmill turns slowly in the sea breeze, pumping water for the gardens.
191	0:21:38.7	0:21:47.5		On Sunday afternoons, families come here to picnic, and to row boats on the lake, and to listen to the band playing in the music stand.
192	0:21:49.6	0:21:52.1		It is a peaceful, green place.
193	0:21:53.5	0:21:58.5		And in the days to come, it will become a home to many thousands of people.
194	0:22:00.6	0:22:04.3		That is the city, in the spring of nineteen hundred and six.
195	0:22:05.9	0:22:10.0		Busy, and proud, and full of life.
196	0:22:11.6	0:22:16.6		A little noisy, a little rough around the edges, but always looking forward.
197	0:22:18.3	0:22:22.3		Nobody here is thinking about the ground beneath their feet.
198	0:22:22.3	0:22:29.9	fishermen-wharf-feluccas	Before we come to the evening of our story, let's spend one more ordinary day in the city, the way its people did.
199	0:22:32.4	0:22:37.3		We'll start early, down at the water, where the fishing boats come in.
200	0:22:39.0	0:22:47.3		The fishermen here are mostly Italian, many of them from Genoa, and Sicily, and the little towns along the coast near Naples.
201	0:22:49.3	0:22:56.8		Their boats are small and brightly painted, with a single triangular sail, called a lateen sail.
202	0:22:58.7	0:23:09.1		People call them feluccas, and on a calm morning you can see dozens of them, gliding back through the Golden Gate with the tide, their sails shining white against the grey water.
203	0:23:11.9	0:23:13.7		The boats are full of fish.
204	0:23:15.1	0:23:22.2		Salmon, and sole, and sardines, and rock cod.
205	0:23:24.1	0:23:30.7		And, in the winter months, great piles of Dungeness crab, with their broad reddish shells.
206	0:23:33.0	0:23:37.7		Along the wharf, big iron pots of water are set over little fires.
207	0:23:39.4	0:23:44.4		The crabs are cooked right there, on the dock, and sold to anyone who passes.
208	0:23:46.1	0:23:53.2		The steam rises up into the cool morning air, and mixes with the smell of salt, and tar, and wood smoke.
209	0:23:55.6	0:24:00.4		The fishermen sit on the edge of the wharf, mending their nets with wooden needles.
210	0:24:02.1	0:24:09.8		They talk, and argue, and laugh in Italian, and sometimes one of them begins to sing a song from home.
211	0:24:11.8	0:24:18.8		Seagulls sit on the posts nearby, watching everything very closely, and waiting for their chance.
212	0:24:21.2	0:24:24.6		Along the shore, there are other fishing camps too.
213	0:24:26.1	0:24:33.5		Chinese fishermen catch tiny shrimp in the shallow waters of the bay, and dry them in the sun on wide wooden platforms.
214	0:24:35.4	0:24:42.2		The dried shrimp are packed into sacks, and sent all the way across the ocean, to be sold in China.
215	0:24:44.1	0:24:49.8		Everyone in this city seems to have come from somewhere else, and everyone has brought something with them.
216	0:24:52.1	0:24:55.3	sourdough-bakery-morning	Now, let's follow the smell of warm bread.
217	0:24:57.3	0:25:03.7		In the days of the gold rush, a baker from France named Isidore Boudin settled in San Francisco.
218	0:25:05.6	0:25:10.1		He made bread in the French way, long loaves with a crackling crust.
219	0:25:11.7	0:25:15.0		But the bread here turned out a little different from the bread at home.
220	0:25:17.0	0:25:19.9		To make it rise, the bakers used a sourdough.
221	0:25:21.4	0:25:29.2		A soft, living dough, full of wild yeasts, which is kept from one day to the next.
222	0:25:31.2	0:25:40.9		Each morning, the baker takes a little of yesterday's dough, feeds it with fresh flour and water, and uses it to start today's bread.
223	0:25:43.1	0:25:45.0		And the rest is saved for tomorrow.
224	0:25:46.9	0:25:54.1		Here, in the cool, foggy air by the bay, the dough grew wonderfully sour and tangy.
225	0:25:56.0	0:25:57.2		The gold miners loved it.
226	0:25:58.5	0:26:03.4		It was chewy, and filling, and it kept for days in a miner's pack.
227	0:26:05.1	0:26:14.0		Some of the old miners were even nicknamed sourdoughs, because they always carried a little pot of starter with them, to bake bread wherever they went.
228	0:26:16.6	0:26:28.1		By nineteen hundred and six, the Boudin bakery had been making bread for more than fifty years, always from that same living dough, fed and kept alive every single day.
229	0:26:30.4	0:26:35.8		In the mornings, the bakers pull the loaves from the big brick ovens with long wooden paddles.
230	0:26:37.6	0:26:39.5		The crust crackles as it cools.
231	0:26:40.9	0:26:45.8		And the smell drifts out into the street, where the first customers are already waiting.
232	0:26:48.0	0:26:49.9		We'll come back to this bakery later.
233	0:26:51.2	0:26:54.4		Because there is a lovely story about what happened to that dough.
234	0:26:56.5	0:27:05.3	cliff-house-seal-rocks	In the afternoon, let's take a streetcar all the way out to the western edge of the city, where the land ends, and the Pacific Ocean begins.
235	0:27:07.8	0:27:12.9		Here, on a rocky cliff above the waves, stands the Cliff House.
236	0:27:14.7	0:27:24.4		It looks like a castle from a fairy tale, painted white, with towers, and turrets, and pointed roofs, and a tall spire on top.
237	0:27:26.5	0:27:35.8		It was built by a wealthy man named Adolph Sutro, who owned much of the land out here, and who wanted everyone in the city to be able to enjoy the ocean.
238	0:27:38.5	0:27:46.5		Visitors come on Sundays, in their best clothes, to eat lunch in the dining rooms, and to look out through the big windows at the sea.
239	0:27:48.5	0:27:53.1		Just off the shore, a few small rocky islands rise out of the water.
240	0:27:54.7	0:27:56.4		They are called Seal Rocks.
241	0:27:57.8	0:28:07.2		And they are covered with sea lions, dozens and dozens of them, lying in the sun, and barking, and sliding lazily into the waves.
242	0:28:09.8	0:28:12.1		Children lean on the railings and laugh at them.
243	0:28:13.6	0:28:16.1		Couples walk arm in arm along the cliff path.
244	0:28:17.5	0:28:26.6		The wind is fresh, and full of salt, and the waves roll in, one after another, and break in white foam on the rocks below.
245	0:28:29.2	0:28:35.1		Just beside the Cliff House, in a little cove, is another of Sutro's wonders.
246	0:28:36.9	0:28:38.2		The Sutro Baths.
247	0:28:40.0	0:28:46.3		It is an enormous glass building, like a great greenhouse, built over the edge of the sea.
248	0:28:48.2	0:29:01.6		Inside, there are seven swimming pools, one after another, some fresh water, and some filled with sea water, each one a different temperature, from cool to warm.
249	0:29:04.1	0:29:10.4		At high tide, the ocean itself flows in through a channel in the rocks, and fills the pools.
250	0:29:12.7	0:29:14.8		Thousands of people can swim here at once.
251	0:29:16.2	0:29:23.9		There are slides, and diving boards, and swinging rings hanging from the high iron beams.
252	0:29:25.9	0:29:32.5		All around the pools rise rows of seats, where people can sit and watch, and listen to the band.
253	0:29:34.4	0:29:39.8		And there is a museum too, full of strange and curious things collected from all over the world.
254	0:29:42.0	0:29:49.9		It is a place of echoes, and splashing, and laughter, with the sound of the real ocean just outside the glass.
255	0:29:52.4	0:29:56.8		As the sun sinks lower, the visitors begin to make their way home.
256	0:29:58.4	0:30:05.7		The streetcars fill up with tired children, and wet bathing suits wrapped in towels, and bags of sweets.
257	0:30:07.7	0:30:15.5		Behind them, the sea turns gold, and then pink, and then a deep, soft blue.
258	0:30:17.5	0:30:25.1		And far out on the horizon, a low bank of fog is gathering, ready to come in for the night.
259	0:30:25.1	0:30:32.0	grand-opera-house	It is the evening of Tuesday, the seventeenth of April, nineteen hundred and six.
260	0:30:33.9	0:30:37.5		The day has been mild, and the evening is clear and still.
261	0:30:39.5	0:30:44.3		On Mission Street, a crowd is gathering outside the Grand Opera House.
262	0:30:46.0	0:30:54.2		Carriages pull up one after another, and ladies step down in silk gowns and long gloves, with feathers in their hair.
263	0:30:56.2	0:30:59.0		Gentlemen in black evening coats hold the doors open.
264	0:31:00.5	0:31:02.5		Everyone is talking about the same thing.
265	0:31:04.4	0:31:16.7		The Metropolitan Opera company has come all the way from New York, travelling across the country by train, with its singers, and its orchestra, and whole railway cars full of costumes and scenery.
266	0:31:19.1	0:31:23.4		And tonight, the most famous tenor in the world is singing.
267	0:31:25.1	0:31:26.9		His name is Enrico Caruso.
268	0:31:28.8	0:31:34.0	caruso-stage-carmen	Caruso was born in Naples, in the south of Italy, not far from Mount Vesuvius.
269	0:31:35.7	0:31:44.5		He grew up in a poor family, one of many children, and as a boy he sang in church, and in the streets, for a few coins.
270	0:31:46.6	0:31:49.3		Now, he is famous everywhere.
271	0:31:50.7	0:31:57.4		People queue for hours to hear him, and his voice can be heard on gramophone records in homes all over the world.
272	0:31:59.8	0:32:01.7		Tonight the opera is Carmen.
273	0:32:03.1	0:32:06.8		Caruso plays Don José, a soldier who falls in love.
274	0:32:08.4	0:32:12.5		The theatre is full, from the stalls all the way up to the highest balconies.
275	0:32:14.1	0:32:19.1		Thousands of people, sitting in the warm golden light, listening in silence.
276	0:32:21.3	0:32:27.4		When the last notes fade away, the audience rises, and the applause goes on and on.
277	0:32:29.2	0:32:31.1		Flowers are thrown onto the stage.
278	0:32:32.5	0:32:36.7		Caruso bows, and smiles, and bows again.
279	0:32:38.8	0:32:44.9		Afterwards, he goes to supper with friends, and then returns to his rooms at the Palace Hotel.
280	0:32:46.7	0:32:49.8		It has been a long evening, and a happy one.
281	0:32:51.3	0:32:52.5		He will sleep well tonight.
282	0:32:54.3	0:32:57.9	city-night-gaslight	Outside, the city begins to settle down.
283	0:32:59.5	0:33:02.1		The last cable cars rattle home to their barns.
284	0:33:03.5	0:33:06.3		The theatres go dark, one by one.
285	0:33:07.8	0:33:13.1		In the restaurants, waiters stack the chairs on the tables, and sweep the floors.
286	0:33:15.4	0:33:23.8		Along the waterfront, the ferries make their final crossings of the night, their lights reflected in long wavering lines across the black water.
287	0:33:25.8	0:33:29.6		Down at the docks, ships creak gently at their moorings.
288	0:33:31.2	0:33:34.7		A foghorn calls, somewhere out near the Golden Gate.
289	0:33:36.7	0:33:43.8		In Chinatown, a few lanterns still glow, and the smell of tea and incense hangs in the narrow alleys.
290	0:33:45.7	0:33:52.1		On Telegraph Hill, the fishermen are already asleep, because they will be up before dawn.
291	0:33:54.0	0:33:58.8		On Nob Hill, the great mansions stand dark and silent behind their walls.
292	0:34:01.0	0:34:09.7	firehouse-horses-night	In a firehouse on Bush Street, the city's fire chief, a man named Dennis Sullivan, is asleep in his rooms upstairs.
293	0:34:11.7	0:34:14.3		He has spent years warning the city about fire.
294	0:34:15.8	0:34:27.7		He has asked again and again for better water supplies, for more reservoirs, for a special system of pipes that could pump water from the bay if the ordinary pipes ever failed.
295	0:34:30.1	0:34:32.3		Not all of his plans have been built yet.
296	0:34:33.7	0:34:40.4		But tonight, all is quiet at the firehouse, and the horses are dozing in their stalls downstairs.
297	0:34:42.8	0:34:46.1		In thousands of wooden houses, families are sleeping.
298	0:34:47.6	0:34:51.6		Children in narrow beds, with the blankets pulled up to their chins.
299	0:34:53.2	0:34:58.3		Parents in the next room, with the window open a crack to let in the cool night air.
300	0:35:00.0	0:35:02.1		A cat curled up on a kitchen chair.
301	0:35:03.5	0:35:06.0		A clock ticking softly on a mantelpiece.
302	0:35:08.0	0:35:09.3		It is an ordinary night.
303	0:35:10.6	0:35:13.1		The kind of night that nobody ever remembers.
304	0:35:15.0	0:35:16.6		Let's stay here for a little while.
305	0:35:18.0	0:35:24.5		Listen to the quiet streets, the distant foghorn, the faint hum of the city resting.
306	0:35:26.4	0:35:32.2		Feel the cool air coming in from the ocean, carrying the smell of salt and eucalyptus.
307	0:35:33.9	0:35:39.8		Watch the stars, faint above the rooftops, and the lights of the ships out on the bay.
308	0:35:42.1	0:35:43.7		The hours pass slowly.
309	0:35:45.1	0:35:48.0		Midnight comes, and goes.
310	0:35:49.5	0:35:50.2		One o'clock.
311	0:35:51.4	0:35:52.0		Two o'clock.
312	0:35:53.3	0:35:53.7		Three.
313	0:35:55.4	0:35:59.5		Around four o'clock, the milkmen are already awake.
314	0:36:01.2	0:36:09.3		They harness their horses, and load their wagons with cans of fresh milk, and set off through the dark streets on their morning rounds.
315	0:36:11.3	0:36:13.2		The bakers are lighting their ovens.
316	0:36:14.6	0:36:23.0		In the east, above the hills on the far side of the bay, the sky is just beginning to turn a paler shade of grey.
317	0:36:25.5	0:36:26.9		It is almost morning.
318	0:36:28.2	0:36:30.9		A Wednesday morning, in the middle of April.
319	0:36:32.4	0:36:37.6		As far as anyone knows, it will be just another ordinary day.
320	0:36:37.6	0:36:43.7	san-andreas-fault-landscape	Before we go on, let's step away from the city for a moment, and think about the ground itself.
321	0:36:46.0	0:36:48.5		The surface of the Earth is not one solid shell.
322	0:36:50.0	0:36:56.9		It is made of enormous pieces, called plates, fitting together a little like the pieces of a cracked eggshell.
323	0:36:58.8	0:37:00.6		These plates are always moving.
324	0:37:01.9	0:37:04.2		Very, very slowly.
325	0:37:05.7	0:37:08.0		About as fast as your fingernails grow.
326	0:37:09.9	0:37:13.9		Along the coast of California, two of these great plates meet.
327	0:37:15.5	0:37:23.6		On one side is the Pacific plate, which carries most of the ocean floor, and a thin slice of California along with it.
328	0:37:25.6	0:37:30.8		On the other side is the North American plate, which carries almost the whole of the continent.
329	0:37:33.0	0:37:37.4		And they are not moving towards each other, or away from each other.
330	0:37:39.1	0:37:42.9		They are sliding past each other, side by side.
331	0:37:44.5	0:37:50.7		The Pacific plate is gliding slowly towards the northwest, while the rest of America stays behind.
332	0:37:53.0	0:37:56.4		The long line where they meet is called the San Andreas Fault.
333	0:37:57.9	0:38:05.2		It runs for hundreds of miles through California, from the deserts in the south, all the way up to the rugged coast in the north.
334	0:38:07.2	0:38:18.3		In some places, you can see it clearly, as a long straight valley, or a line of little ponds, or a row of low ridges running across the land.
335	0:38:20.7	0:38:26.7		In other places, it is hidden beneath fields, or forests, or the sea.
336	0:38:29.0	0:38:30.5	fault-valley-ponds	Here is the important thing.
337	0:38:31.8	0:38:36.9		Along most of its length, the two sides of the fault do not slide smoothly.
338	0:38:38.6	0:38:43.2		They are pressed together, and they catch, and they stick.
339	0:38:45.4	0:38:50.6		So the plates keep moving, deep down, but the edges are locked together.
340	0:38:52.3	0:38:58.3		And the rock along the fault slowly bends, like a wooden ruler being gently pushed at one end.
341	0:39:00.1	0:39:01.2		Year after year.
342	0:39:02.5	0:39:03.9		Decade after decade.
343	0:39:05.3	0:39:09.5		The strain builds up, silently, and invisibly.
344	0:39:11.6	0:39:15.1		Until one day, the rock can bend no further.
345	0:39:16.6	0:39:17.4		It slips.
346	0:39:18.7	0:39:26.5		And in a few moments, the two sides of the fault jump forward, catching up on all those years of movement at once.
347	0:39:29.0	0:39:31.8		That sudden slip is what we call an earthquake.
348	0:39:33.8	0:39:38.2		In nineteen hundred and six, nobody yet understood this.
349	0:39:39.8	0:39:53.5		A geologist named Andrew Lawson, from the university in Berkeley, had studied the long valley south of San Francisco, and had given the fault its name, after a small lake that lay along it.
350	0:39:56.1	0:39:59.5		But no one knew how far it stretched, or what it could do.
351	0:40:01.0	0:40:07.6		That knowledge would come later, and it would come, in large part, from what happened next.
352	0:40:10.0	0:40:15.5	dawn-over-bay	It is now just after five o'clock, on the morning of Wednesday, the eighteenth of April.
353	0:40:17.2	0:40:22.0		The sky over the bay is pale, and the first light is touching the hills.
354	0:40:23.7	0:40:25.7		The city is still mostly asleep.
355	0:40:27.6	0:40:35.2		A few miles out to sea, off the coast, not far from the Golden Gate, the rocks along the fault finally give way.
356	0:40:37.7	0:40:41.9		At twelve minutes past five, there is a first gentle tremor.
357	0:40:43.5	0:40:46.9		A shiver in the ground, that lasts for a few seconds.
358	0:40:48.4	0:40:51.7		Some people half wake, and wonder what it was.
359	0:40:53.3	0:40:57.2		In San Francisco, small tremors were not unusual.
360	0:40:58.8	0:41:02.2		Many simply turned over, and closed their eyes again.
361	0:41:04.2	0:41:08.2		About twenty seconds later, the real earthquake arrived.
362	0:41:10.3	0:41:14.7		The ground began to move, strongly, and it kept on moving.
363	0:41:16.3	0:41:22.3		For something like forty five seconds, perhaps a little longer, the whole city swayed and rolled.
364	0:41:24.1	0:41:28.3		It is hard to imagine how long that feels, while it is happening.
365	0:41:29.9	0:41:32.9		People later said it seemed to last for minutes.
366	0:41:34.8	0:41:41.6		And all the while, the break in the rock was racing along the fault, in both directions at once.
367	0:41:43.5	0:41:50.5		Northwards, up the coast, past the cliffs and forests, towards Cape Mendocino.
368	0:41:52.4	0:41:58.5		And southwards, down the long valleys, towards the old mission town of San Juan Bautista.
369	0:42:00.3	0:42:05.8		In less than two minutes, the fault had torn open along almost three hundred miles.
370	0:42:08.1	0:42:17.0		In the countryside north of the city, near a place called Point Reyes, the land on one side of the fault shifted by as much as twenty feet.
371	0:42:19.1	0:42:27.7		A fence that had run in a straight line across a field was suddenly broken in two, with one half moved far along from the other.
372	0:42:29.7	0:42:32.2		A road was cut and shifted sideways.
373	0:42:33.7	0:42:36.9		Rows of trees in an orchard were no longer lined up.
374	0:42:38.9	0:42:43.0		Then, just as suddenly as it began, the shaking stopped.
375	0:42:45.1	0:42:49.3		And for a moment, there was an extraordinary silence.
376	0:42:50.9	0:42:55.1		Many people who lived through it remembered that silence more than anything else.
377	0:42:56.8	0:42:57.8		No birds singing.
378	0:42:59.2	0:43:00.2		No horses.
379	0:43:01.5	0:43:02.4		No voices.
380	0:43:03.7	0:43:08.5		Just a strange, deep quiet, and the soft grey light of the morning.
381	0:43:10.6	0:43:17.3		And then, slowly, the city began to wake up to what had happened.
382	0:43:17.3	0:43:20.9	point-reyes-farm-dawn	San Francisco was not the only place that felt the earthquake that morning.
383	0:43:22.4	0:43:29.1		Let's leave the city for a little while, and travel along the fault, and see what the people in the countryside saw.
384	0:43:31.5	0:43:40.4		North of the Golden Gate, the land is green and rolling, with dairy farms, and cattle, and long views out over the sea.
385	0:43:42.5	0:43:47.3		Here, near Point Reyes, the fault runs right through the fields.
386	0:43:49.5	0:43:54.9		Early that morning, the farmers were already up, milking their cows in the barns.
387	0:43:56.6	0:44:03.9		When the ground began to move, the cows lowed and stamped, and the milk pails rolled across the floor.
388	0:44:05.8	0:44:12.1		One farmer later said that he saw the ground in his field ripple, like a sheet being shaken out.
389	0:44:14.5	0:44:20.5		When it was over, and the farmers walked out into the morning, they found the land had changed.
390	0:44:22.3	0:44:24.7		A long crack ran across the pasture.
391	0:44:26.1	0:44:31.4		A path that had led straight to the barn now jogged sideways, and then carried on.
392	0:44:33.1	0:44:38.0		A small tree that had stood on one side of a fence was now some distance further along it.
393	0:44:40.2	0:44:42.9		Nobody had ever seen anything quite like it.
394	0:44:44.4	0:44:53.7		Later, the scientists would come, with their measuring tapes and notebooks, and those broken fences would help them understand the whole earthquake.
395	0:44:56.3	0:45:00.7	lighthouse-coast-morning	Further north, along the rocky coast, stood the lighthouses.
396	0:45:02.4	0:45:10.3		Tall white towers, on lonely headlands above the sea, with keepers who lived beside them with their families.
397	0:45:12.3	0:45:20.3		Every night, the keepers climbed the winding stairs, and lit the great lamps, and kept them burning until dawn.
398	0:45:22.8	0:45:28.2		At the lighthouse on Point Arena, the tower was badly cracked by the shaking.
399	0:45:29.9	0:45:31.4		The keepers were not hurt.
400	0:45:32.8	0:45:41.8		But the great glass lens, which had turned faithfully every night for many years, was damaged, and the tower would have to be rebuilt.
401	0:45:43.9	0:45:51.0		For a while, a temporary light was set up, so that the ships at sea would still be guided safely past the rocks.
402	0:45:52.9	0:45:57.2		A few years later, a new, stronger tower rose in its place.
403	0:45:59.3	0:46:06.6		Along the coast, and in the little towns inland, people came out of their houses, just as they had in the city.
404	0:46:08.5	0:46:16.6		In the town of Santa Rosa, among the orchards and farms, many buildings were damaged, and it was a hard day for the people there.
405	0:46:18.6	0:46:23.7		But neighbours helped each other, just as they did everywhere, and the town was rebuilt.
406	0:46:25.9	0:46:31.2	stanford-quad-arches	To the south of San Francisco, the shaking reached a young university called Stanford.
407	0:46:33.0	0:46:42.7		Its buildings were made of warm sandstone, with long rows of rounded arches, and red tiled roofs, set among palm trees and fields.
408	0:46:45.3	0:46:49.9		It was early in the morning, and most of the students were asleep in their rooms.
409	0:46:51.6	0:46:55.7		Several of the stone buildings were damaged, and a tall chimney fell.
410	0:46:57.3	0:47:02.1		But the students were mostly safe, and they soon came out to see what had happened.
411	0:47:04.3	0:47:17.2		On the front of one building, high above the ground, there had been a marble statue of a famous scientist, a man named Louis Agassiz, who had studied fish, and glaciers, and fossils.
412	0:47:19.7	0:47:22.5		The earthquake had shaken the statue off its ledge.
413	0:47:24.0	0:47:29.6		And it had fallen, head first, straight down into the concrete walkway below.
414	0:47:31.3	0:47:37.9		There it stood, upside down, with its head buried in the pavement, and its feet in the air.
415	0:47:40.3	0:47:44.6		Students and professors came to look at it, and some of them could not help smiling.
416	0:47:46.2	0:47:53.1		The president of the university is said to have remarked that Agassiz had always been better in the abstract than in the concrete.
417	0:47:55.0	0:47:59.0		The statue was soon lifted out, and put back in its place.
418	0:48:00.6	0:48:04.0		And it is still there today, standing the right way up.
419	0:48:06.0	0:48:13.0	mission-san-juan-bautista	Further south still, where the broken part of the fault came to an end, lay the little town of San Juan Bautista.
420	0:48:14.9	0:48:22.7		It is a quiet place, with an old Spanish mission church, a grassy plaza, and a long view over the valley.
421	0:48:24.7	0:48:29.0		The mission church was shaken, and some of its walls were damaged.
422	0:48:30.7	0:48:37.7		But in time, it was repaired, and it still stands today, beside the plaza, with its bells.
423	0:48:40.1	0:48:44.1		Curiously, the mission stands right at the edge of the fault.
424	0:48:45.7	0:48:53.2		If you walk behind it, and look down the slope, you can see the flat valley below, where the land drops away.
425	0:48:55.2	0:48:58.6		That little step in the ground is the San Andreas Fault itself.
426	0:49:00.2	0:49:08.2		And there, today, a quiet path runs along it, where visitors can stand with one foot on each side.
427	0:49:10.7	0:49:19.2		So on that spring morning, along almost three hundred miles of California, people woke up to the same strange shaking.
428	0:49:21.2	0:49:27.1		Farmers, and lighthouse keepers, and students, and priests.
429	0:49:28.9	0:49:36.0		All of them stepping outside, into the early light, and looking around at a world that had shifted, just a little.
430	0:49:38.4	0:49:41.4		But the biggest story that day was still unfolding in the city.
431	0:49:42.9	0:49:50.1		So let's go back to San Francisco, and to its streets, in those first hours of the morning.
432	0:49:50.1	0:49:53.9	milk-wagon-dawn	Some of the first people to see what happened were already out in the streets.
433	0:49:55.5	0:49:60.0		The milkmen, on their early rounds, with their horses and wagons.
434	0:50:02.1	0:50:06.2		One milkman later said that his horse knew something was wrong before he did.
435	0:50:07.8	0:50:13.7		It stopped in the middle of the street, and stood very still, with its ears pointed forward.
436	0:50:15.5	0:50:18.0		And then the ground began to move beneath its hooves.
437	0:50:20.0	0:50:26.5		A police sergeant named Jesse Cook was standing near the produce market that morning, not far from the waterfront.
438	0:50:28.3	0:50:33.9		It was a busy place, even at that hour, with wagons unloading fruit and vegetables for the day.
439	0:50:35.7	0:50:43.3		He said he heard a deep rumbling, and then, looking up Washington Street, he saw something he never forgot.
440	0:50:45.2	0:50:51.8		The street itself seemed to be moving towards him, rising and falling, like waves on the sea.
441	0:50:54.2	0:51:00.5		Up in the hills, in the wooden houses, people woke to find their beds sliding across the floor.
442	0:51:02.3	0:51:04.0		Pictures swung on their hooks.
443	0:51:05.4	0:51:09.2		Plates and cups rattled on the shelves, and then fell.
444	0:51:10.8	0:51:15.1		Church bells rang by themselves, as the towers rocked back and forth.
445	0:51:17.2	0:51:21.1		When the shaking stopped, people did what felt most natural.
446	0:51:22.7	0:51:24.1		They went outside.
447	0:51:25.9	0:51:33.2	people-nightclothes-street	Soon, the streets were full of people, standing in the early morning light, in whatever they had been wearing when they woke.
448	0:51:35.2	0:51:37.4		Men in nightshirts and bare feet.
449	0:51:38.8	0:51:43.5		Women wrapped in blankets and shawls, their hair still in long braids.
450	0:51:45.2	0:51:50.4		Children holding their parents' hands, or clutching a favourite doll, or a cat.
451	0:51:52.6	0:51:55.6		Some people had grabbed the strangest things as they hurried out.
452	0:51:57.1	0:52:00.1		One man was seen carrying an empty bird cage.
453	0:52:01.6	0:52:03.6		Another carried a single boot.
454	0:52:05.0	0:52:10.1		A woman came out holding a clock, which had stopped at twelve minutes past five.
455	0:52:12.3	0:52:14.2		Many people were very quiet.
456	0:52:15.6	0:52:21.3		Neighbours who had barely spoken before stood together on the pavement, asking each other if they were alright.
457	0:52:23.1	0:52:24.9		Someone brought out a pot of coffee.
458	0:52:26.3	0:52:27.9		Someone else brought blankets.
459	0:52:29.8	0:52:34.6		Chimneys had fallen all over the city, and there were bricks lying in the streets.
460	0:52:36.3	0:52:41.3		Some houses leaned at odd angles, like tired people resting against each other.
461	0:52:43.0	0:52:50.8		In the parts of the city built on filled land, down near the old shoreline where the gold rush ships had been buried, the damage was worst.
462	0:52:52.8	0:52:59.5		The soft, wet ground there had shaken like jelly, and some buildings had sunk, or slumped.
463	0:53:01.8	0:53:05.2		It was a hard morning, and there was real sorrow in it.
464	0:53:06.8	0:53:12.5		Some people had been hurt, and some had lost their lives, when walls and chimneys fell.
465	0:53:14.2	0:53:27.4		Neighbours, and policemen, and firemen, and soldiers began at once to help them, searching carefully through the rubble, and carrying the injured to hospitals.
466	0:53:30.0	0:53:31.9		We will not dwell on those moments.
467	0:53:33.2	0:53:38.3		But we can remember those people, gently, as the story goes on.
468	0:53:40.6	0:53:49.2	palace-hotel-morning	At the Palace Hotel, the great building had rocked, but it was still standing, strong and solid, just as its builders had hoped.
469	0:53:51.7	0:53:54.4		Enrico Caruso had been woken by the shaking.
470	0:53:55.9	0:54:01.6		There are many stories about what he did next, and not all of them can be quite true.
471	0:54:03.4	0:54:11.9		It is said that he stood at his window, looking out over the city, and that he was more worried about his precious voice than about anything else.
472	0:54:13.9	0:54:22.0		Some say he was so upset that he began to sing, right there in his room, just to make sure his voice still worked.
473	0:54:24.5	0:54:32.7		Later that morning, he was seen sitting on his luggage in the street, with a towel around his neck, looking rather lost.
474	0:54:34.7	0:54:42.2		He had with him a signed photograph of the President, Theodore Roosevelt, which the President had given him as a gift.
475	0:54:44.2	0:54:51.9		And according to the story, when a soldier stopped him, he held up the photograph, as if it were a kind of passport.
476	0:54:54.4	0:54:58.7		He would leave San Francisco as soon as he could, by ferry and by train.
477	0:55:00.3	0:55:02.9		And it is said that he vowed never to come back.
478	0:55:04.3	0:55:07.5		As far as we know, he never did.
479	0:55:09.6	0:55:16.1	ferry-building-standing	Down on the waterfront, the Ferry Building clock tower had swayed, but it too was still standing.
480	0:55:17.9	0:55:19.8		Its great clock had stopped.
481	0:55:21.2	0:55:29.6		But the building itself would survive everything that was to come, and the ferries would keep running from its piers, day after day.
482	0:55:32.2	0:55:39.2		Across the city, people began to go back inside, carefully, to see what had happened to their homes.
483	0:55:41.1	0:55:45.1		They swept up broken glass, and picked up fallen pictures.
484	0:55:46.7	0:55:51.5		They looked at the cracks in their walls, and wondered how much it would cost to repair them.
485	0:55:53.1	0:55:54.7		Many thought the worst was over.
486	0:55:56.1	0:55:58.8		A strong earthquake, yes.
487	0:56:00.3	0:56:01.5		A frightening morning.
488	0:56:02.8	0:56:07.8		But the sun was coming up, and it looked as though it would be a fine, clear day.
489	0:56:10.0	0:56:13.1		In the kitchens, people began to think about breakfast.
490	0:56:14.6	0:56:18.7		In the offices, clerks wondered whether they should still go to work.
491	0:56:20.3	0:56:24.9		Here and there, a shopkeeper was already sweeping the pavement in front of his store.
492	0:56:27.1	0:56:31.1		But beneath the streets, something had gone quietly wrong.
493	0:56:32.7	0:56:41.6		And above the rooftops, in several places across the city, thin lines of smoke were beginning to rise into the morning air.
494	0:56:41.6	0:56:44.4	smoke-rising-rooftops	The earthquake itself had lasted less than a minute.
495	0:56:45.9	0:56:48.4		But it had done something that nobody could see.
496	0:56:50.3	0:56:57.2		Under the streets of San Francisco ran a network of iron pipes, carrying water from reservoirs outside the city.
497	0:56:59.1	0:57:07.0		Some of the most important pipes crossed the soft, marshy ground, and along the line of the fault itself, far to the south.
498	0:57:09.0	0:57:13.2		And when the earth moved, those pipes had cracked, and broken apart.
499	0:57:15.3	0:57:20.4		In many parts of the city, when people turned on their taps, only a trickle came out.
500	0:57:22.2	0:57:23.1		Or nothing at all.
501	0:57:24.8	0:57:31.1		At the same time, in kitchens and shops and factories, small fires had started.
502	0:57:33.0	0:57:34.8		A stove had tipped over here.
503	0:57:36.2	0:57:37.7		A lamp had fallen there.
504	0:57:39.0	0:57:41.9		Electric wires had come down, and sparked.
505	0:57:43.9	0:57:50.3		On any other day, the firemen of San Francisco would have put out fires like these very quickly.
506	0:57:52.1	0:57:55.8		They were skilled, and brave, and well trained.
507	0:57:57.4	0:58:01.2		But on this morning, they had two great problems.
508	0:58:02.8	0:58:06.9		There were many fires, all at once, in different parts of the city.
509	0:58:08.5	0:58:13.1		And when they connected their hoses to the hydrants, there was very little water.
510	0:58:15.2	0:58:27.1		To make matters worse, the fire chief, Dennis Sullivan, had been badly hurt that morning, when part of the building next to his firehouse fell during the earthquake.
511	0:58:29.4	0:58:34.4		The man who knew the most about fighting fire in San Francisco could not lead his men.
512	0:58:36.1	0:58:37.3		He would not recover.
513	0:58:38.7	0:58:41.8		His firemen would have to face the days ahead without him.
514	0:58:43.9	0:58:47.4	hayes-valley-kitchen	One of the fires that morning began in the most ordinary way.
515	0:58:48.9	0:58:54.2		In a neighbourhood called Hayes Valley, a woman decided to make breakfast for her family.
516	0:58:56.0	0:59:01.6		After such a frightening morning, it must have seemed the most natural thing in the world.
517	0:59:03.3	0:59:06.7		She lit her kitchen stove, and began to cook.
518	0:59:08.8	0:59:12.3		But she did not know that her chimney had been damaged in the earthquake.
519	0:59:13.9	0:59:18.4		Sparks escaped through the cracks, and caught the wooden walls of the house.
520	0:59:20.1	0:59:23.1		And before long, the whole neighbourhood was in danger.
521	0:59:25.1	0:59:27.6		People came to call it the ham and eggs fire.
522	0:59:29.0	0:59:33.8		It is a strangely gentle name, for something that caused so much trouble.
523	0:59:35.5	0:59:38.5		But it reminds us that none of this was anyone's fault.
524	0:59:40.0	0:59:42.5		People were simply trying to carry on with their day.
525	0:59:44.4	0:59:49.3	soldiers-marching-morning	Across the city, the leaders of San Francisco were trying to understand what was happening.
526	0:59:51.0	1:00:00.3		The mayor, a former orchestra musician named Eugene Schmitz, set up his headquarters in the Hall of Justice, and began giving orders.
527	1:00:02.5	1:00:04.8		He asked for help from anyone who could give it.
528	1:00:06.7	1:00:13.6		At the army base on the Presidio, near the Golden Gate, an officer named Frederick Funston made a quick decision.
529	1:00:15.5	1:00:23.4		He was a small, energetic man, who had led soldiers in far away places, and he did not like to wait.
530	1:00:25.4	1:00:27.9		He did not ask for permission from Washington.
531	1:00:29.3	1:00:35.9		He simply sent word to the soldiers at the Presidio and at Fort Mason, and told them to march into the city.
532	1:00:38.3	1:00:44.9		Within a few hours, soldiers were arriving in the streets, their boots ringing on the stones.
533	1:00:46.7	1:00:48.5		They helped the police keep order.
534	1:00:49.9	1:00:55.5		They guarded banks, and shops, and the homes that people had left behind.
535	1:00:57.3	1:01:00.4		And they helped the firemen, in every way they could.
536	1:01:02.4	1:01:05.7	fireboat-waterfront	Sailors came too, from the navy ships in the bay.
537	1:01:07.2	1:01:15.2		And a fireboat, and a few navy tugs, began pumping water straight from the bay onto the buildings along the waterfront.
538	1:01:17.2	1:01:21.7		There, at least, there was all the water anyone could want.
539	1:01:23.4	1:01:31.1		The sailors worked for three days, almost without sleep, and they saved the docks, and the ferries, and the piers.
540	1:01:33.0	1:01:37.0		Because of them, the city would never be cut off from the rest of the world.
541	1:01:39.1	1:01:44.4		By the afternoon of that first day, the separate fires had begun to join together.
542	1:01:46.2	1:01:52.1		The smoke rose in great columns, high over the city, and drifted out over the bay.
543	1:01:53.9	1:02:02.5		People in Oakland and Berkeley, across the water, stood on their hills and watched it, and wondered what was happening to their friends and families.
544	1:02:05.0	1:02:09.1	orange-glow-bay-night	That night, the sky over San Francisco glowed orange.
545	1:02:10.7	1:02:17.1		The light was so bright, people said, that you could read a newspaper in the street at midnight.
546	1:02:19.0	1:02:23.9		And it would be three long days and nights before that glow faded.
547	1:02:23.9	1:02:28.2	firemen-horses-hoses	Over the next three days, many thousands of people worked to save their city.
548	1:02:29.8	1:02:37.3		Firemen, soldiers, sailors, policemen, and ordinary citizens, side by side.
549	1:02:39.7	1:02:42.6		The firemen worked until they could barely stand.
550	1:02:44.1	1:02:50.4		Their horses pulled the heavy steam engines from one street to the next, through smoke and falling ash.
551	1:02:52.3	1:02:55.7		When one hydrant was dry, they searched for another.
552	1:02:57.2	1:03:08.2		They pumped water from old underground tanks, called cisterns, which had been built beneath the streets many years before, in the gold rush days, and then almost forgotten.
553	1:03:10.5	1:03:12.3		They pumped water from the sewers.
554	1:03:13.7	1:03:18.5		They even pumped water from the bay, stretching their hoses as far as they could reach.
555	1:03:20.7	1:03:26.5	golden-hydrant	At one hydrant, high up near the edge of the Mission district, the water was still flowing.
556	1:03:28.2	1:03:34.3		It was a small, ordinary looking fire hydrant, at the corner of Twentieth and Church Streets.
557	1:03:36.1	1:03:40.9		Firemen used it for hours, and with its water they saved a whole neighbourhood.
558	1:03:42.6	1:03:45.5		Today, that little hydrant is painted gold.
559	1:03:47.0	1:03:55.3		And every year, on the morning of the eighteenth of April, people come and give it a fresh coat of gold paint, to say thank you.
560	1:03:57.8	1:04:02.1	us-mint-building	One of the most remarkable stories of those days took place at the United States Mint.
561	1:04:03.8	1:04:10.8		The Mint was a solid, grey stone building, with tall columns at the front, a little south of Market Street.
562	1:04:12.7	1:04:14.4		It was where coins were made.
563	1:04:15.7	1:04:20.2		And in its vaults, at that moment, lay a great deal of the nation's gold.
564	1:04:21.9	1:04:24.0		Millions and millions of dollars' worth.
565	1:04:25.9	1:04:29.0		The man in charge of the Mint was named Frank Leach.
566	1:04:30.5	1:04:38.0		When he saw the fire coming, he gathered his workers, about fifty of them, and a small group of soldiers.
567	1:04:40.0	1:04:42.1		And he decided they would not leave.
568	1:04:44.0	1:04:47.8		The Mint had its own well, in the courtyard, and its own pump.
569	1:04:49.4	1:04:53.4		So the workers ran hoses through the building, and up onto the roof.
570	1:04:55.1	1:04:57.7		They closed the heavy iron shutters on the windows.
571	1:04:59.1	1:05:09.0		And as the fire swept past on every side, they sprayed water on the walls, and the roof, and on anything that began to smoulder.
572	1:05:11.7	1:05:16.3		It was hot, and hard, and it went on for hours.
573	1:05:18.0	1:05:21.0		But by the evening, the fire had passed by.
574	1:05:22.5	1:05:24.9		All around, the neighbourhood was gone.
575	1:05:26.3	1:05:30.3		But the old Mint was still standing, with its gold safe inside.
576	1:05:32.4	1:05:40.2		In the weeks that followed, the Mint became a kind of bank for the whole city, because the other banks had lost their buildings.
577	1:05:42.2	1:05:46.0		It is still there today, and people call it the Granite Lady.
578	1:05:48.1	1:05:50.6	telegraph-hill-italians	And now, remember the wine.
579	1:05:52.5	1:06:01.3		On Telegraph Hill, above North Beach, lived many Italian families, in small wooden houses clinging to the steep slopes.
580	1:06:03.4	1:06:09.5		As the fire crept up the hill towards them, they found that there was no water left in the pipes.
581	1:06:11.3	1:06:13.8		So they looked around for what they did have.
582	1:06:15.8	1:06:21.9		In their cellars, many of them kept barrels of red wine, made from grapes they had pressed themselves.
583	1:06:23.7	1:06:29.6		And so, the story goes, they rolled the barrels out into the street.
584	1:06:31.4	1:06:37.3		They soaked blankets and sacks in the wine, and hung them over the walls and roofs of their houses.
585	1:06:39.1	1:06:41.4		They beat out the sparks with wet cloths.
586	1:06:42.8	1:06:47.3		And on the very top of the hill, a number of their little houses were saved.
587	1:06:49.4	1:06:51.8		It is a wonderful picture to hold in your mind.
588	1:06:53.3	1:07:02.2		A whole neighbourhood, working together on a steep hillside, with red wine running down the gutters, and the smell of it mixing with the smoke.
589	1:07:04.3	1:07:10.2		Some of those houses still stand today, among the gardens and the winding stairways of Telegraph Hill.
590	1:07:12.5	1:07:15.0		And do you remember the sourdough bakery?
591	1:07:16.4	1:07:23.3		By then, it was run by Louise Boudin, the widow of the baker who had started it.
592	1:07:25.2	1:07:30.4		As the fire came near, she knew she could not save the ovens, or the building.
593	1:07:32.1	1:07:35.3		But she could save the one thing that could never be replaced.
594	1:07:37.3	1:07:45.6		So she scooped the living sourdough into a wooden bucket, and carried it with her, out of the bakery, and away from the fire.
595	1:07:47.7	1:07:55.7		The story goes that she took it all the way to Golden Gate Park, and kept it safe, and fed it every day, while the city burned.
596	1:07:57.7	1:08:02.5		When the bakery was rebuilt, the bread was made from that same dough once again.
597	1:08:04.1	1:08:13.2		And it is said that the bread baked there today still carries a little of that very same dough, kept alive, day after day, since the gold rush.
598	1:08:15.9	1:08:21.4	rescuers-carrying-belongings	All over the city, there were smaller acts of kindness, that no one wrote down.
599	1:08:23.1	1:08:25.7		People helped their elderly neighbours down the stairs.
600	1:08:27.2	1:08:31.5		Strangers shared carts and wheelbarrows, to carry what they could.
601	1:08:33.1	1:08:35.2		Children led horses through the smoke.
602	1:08:36.6	1:08:43.3		Doctors and nurses set up hospitals in parks, and in tents, and cared for anyone who came to them.
603	1:08:45.7	1:08:49.0		People carried the strangest collection of belongings through the streets.
604	1:08:50.5	1:08:51.6		Sewing machines.
605	1:08:52.9	1:08:53.8		Birdcages.
606	1:08:55.1	1:08:58.4		Family photographs, and bundles of letters.
607	1:08:59.9	1:09:09.5		Some people pushed pianos, or dragged heavy trunks along the pavement, until the scraping sound of trunks on stone became one of the sounds of those days.
608	1:09:12.2	1:09:19.6		Many people walked slowly west, away from the fire, towards the open spaces of the parks and the Presidio.
609	1:09:21.5	1:09:23.9		They did not know where they would sleep that night.
610	1:09:25.4	1:09:29.1		But they went together, and they looked after one another on the way.
611	1:09:31.1	1:09:34.4		It is often said that disasters bring out the best in people.
612	1:09:36.0	1:09:43.7		In San Francisco, in April of nineteen hundred and six, that was very often true.
613	1:09:43.7	1:09:47.8	nob-hill-mansions-evening	By the second day, the fire had spread across much of the city.
614	1:09:49.4	1:09:55.4		It had crossed Market Street, and climbed into Chinatown, and swept over Nob Hill.
615	1:09:57.7	1:10:00.5		The great mansions on the hilltop were empty now.
616	1:10:02.0	1:10:05.6		Their owners had gone, taking only what they could carry.
617	1:10:07.2	1:10:12.7		One by one, the fine houses with their towers and stained glass windows were lost.
618	1:10:14.9	1:10:20.2		The new Fairmont Hotel, on the very top of the hill, was badly burned inside.
619	1:10:21.9	1:10:24.4		But its strong stone walls stayed standing.
620	1:10:25.9	1:10:35.9		A year later, a young architect named Julia Morgan, one of the very first women to work as an architect in California, would restore it, room by room.
621	1:10:38.1	1:10:42.4		And it would open its doors again, exactly one year after the earthquake.
622	1:10:44.5	1:10:48.4		Across the city, people began to talk about one place.
623	1:10:50.0	1:10:51.3		Van Ness Avenue.
624	1:10:53.1	1:10:56.5	van-ness-avenue-wide	Van Ness Avenue was one of the widest streets in San Francisco.
625	1:10:58.1	1:11:06.3		It ran from north to south, from the bay down towards the Mission district, like a long, broad river of stone.
626	1:11:08.3	1:11:10.9		It was lined with fine houses and churches.
627	1:11:12.4	1:11:17.9		And it was so wide, that people hoped the fire might not be able to jump across it.
628	1:11:20.1	1:11:24.3		So the soldiers and firemen decided that this was where they would make their stand.
629	1:11:25.9	1:11:31.5		They would try to stop the fire here, at the wide avenue, and save the western half of the city.
630	1:11:33.8	1:11:37.1		To do this, they had to make a firebreak.
631	1:11:38.6	1:11:46.9		That meant clearing away the buildings along one side of the avenue, so that the fire would reach an empty space, with nothing left to burn.
632	1:11:48.9	1:11:50.6		It was a very hard decision.
633	1:11:51.9	1:11:53.2		These were people's homes.
634	1:11:54.5	1:11:57.9		But it was the best chance to save many thousands of other homes.
635	1:11:60.0	1:12:04.5		The work went on through the night of the second day, and into the third.
636	1:12:06.1	1:12:10.3		Firemen, soldiers and sailors worked side by side.
637	1:12:11.9	1:12:14.2		They stretched hoses all the way from the bay.
638	1:12:15.7	1:12:21.1		And when the fire finally reached Van Ness Avenue, they fought it with everything they had.
639	1:12:23.3	1:12:27.1		In some places, the fire jumped across the avenue.
640	1:12:28.7	1:12:31.9		Each time, the men raced to put it out.
641	1:12:33.4	1:12:37.8		Beating out sparks, spraying water, pulling down burning fences.
642	1:12:40.0	1:12:45.5		And then, slowly, the fire began to lose its strength.
643	1:12:47.2	1:12:56.1		On the morning of Saturday, the twenty first of April, three days after the earthquake, the last of the fires was finally put out.
644	1:12:58.7	1:12:59.9		The line had held.
645	1:13:01.2	1:13:04.8		West of Van Ness Avenue, the houses were still standing.
646	1:13:06.4	1:13:12.3		And far to the south, in the Mission district, a whole neighbourhood had been saved as well.
647	1:13:14.1	1:13:25.4		Including, at the very heart of it, the little adobe church of Mission Dolores, with its thick clay walls, just as it had stood for more than a hundred years.
648	1:13:28.2	1:13:32.4	ferries-to-oakland	During those three days, many people had left the city altogether.
649	1:13:34.0	1:13:35.6		The ferries never stopped running.
650	1:13:37.0	1:13:46.6		They crossed the bay again and again, day and night, carrying people over to Oakland, and Berkeley, and Alameda, and Sausalito.
651	1:13:49.2	1:13:58.3		The railroad company offered free tickets to anyone who wanted to leave, to go and stay with friends or family elsewhere in California, or anywhere in the country.
652	1:14:00.5	1:14:03.4		Many tens of thousands of people took the trains.
653	1:14:05.3	1:14:08.5	oakland-shelter-soup	In Oakland, the people opened their doors.
654	1:14:10.1	1:14:15.1		Churches, schools, and halls were turned into shelters.
655	1:14:16.8	1:14:18.9		Families took strangers into their homes.
656	1:14:20.3	1:14:29.0		Women's clubs and church groups cooked enormous pots of soup and stew, and handed out bread, and coffee, and warm blankets.
657	1:14:31.5	1:14:36.5		At the ferry landing in Oakland, volunteers met every boat as it came in.
658	1:14:38.2	1:14:43.2		They helped mothers carry their babies, and old people carry their bags.
659	1:14:44.9	1:14:50.2		They wrote down names, so that families who had been separated could find each other again.
660	1:14:52.0	1:14:55.9		And slowly, one by one, many of them did.
661	1:14:58.0	1:15:03.1		When the smoke finally cleared, the people of San Francisco could see what had been lost.
662	1:15:04.8	1:15:07.4		More than twenty eight thousand buildings were gone.
663	1:15:08.8	1:15:12.2		About five hundred city blocks, right in the heart of the city.
664	1:15:13.8	1:15:18.7		Around half of all the people who lived in San Francisco no longer had a home to go back to.
665	1:15:20.9	1:15:22.7		And many lives had been lost.
666	1:15:24.0	1:15:27.8		At the time, the official number was only a few hundred.
667	1:15:29.4	1:15:33.6		But historians now believe that it was probably around three thousand people.
668	1:15:35.2	1:15:40.9		Many of them were never counted, especially the poorer people, and the people of Chinatown.
669	1:15:42.7	1:15:45.2		Today, we remember them all.
670	1:15:47.2	1:15:51.1		Let's pause here for a moment, quietly, in their memory.
671	1:15:53.2	1:16:00.0		And now, let's go on, and see what the people of San Francisco did next.
672	1:16:00.0	1:16:04.7	tent-camp-golden-gate-park	In the days after the fire, San Francisco became a city of tents.
673	1:16:06.9	1:16:16.6		In Golden Gate Park, in the Presidio, in squares and open spaces all over the western part of the city, long rows of white army tents appeared.
674	1:16:18.8	1:16:25.8		The army brought them in by the thousand, and set them up in neat lines, with little streets running between them.
675	1:16:27.7	1:16:31.2		Each tent had a number, and each family had a place.
676	1:16:33.2	1:16:43.4		The same park that had once been sand dunes, and then had been planted, tree by tree, now became a home for tens of thousands of people.
677	1:16:45.6	1:16:52.8		John McLaren, the patient gardener, must have watched with mixed feelings, as his lawns filled with tents.
678	1:16:54.7	1:17:00.2		But he helped wherever he could, and when it was all over, he planted the lawns again.
679	1:17:02.5	1:17:04.2		Life in the camps was simple.
680	1:17:05.6	1:17:07.4		Water was carried in buckets.
681	1:17:08.7	1:17:12.9		People queued for bread, and for soup, and for coffee.
682	1:17:14.6	1:17:21.6		Children played games between the rows of tents, and ran through the trees, and climbed the rocks by the lake.
683	1:17:23.5	1:17:26.6		For some of them, it was almost an adventure.
684	1:17:28.6	1:17:31.9	street-kitchens	For a while, the city had one unusual rule.
685	1:17:33.4	1:17:35.4		No one was allowed to cook indoors.
686	1:17:36.8	1:17:41.8		Too many chimneys had been damaged, and no one wanted another ham and eggs fire.
687	1:17:43.5	1:17:45.1		So people cooked in the street.
688	1:17:47.0	1:17:50.7		All along the pavements, little outdoor kitchens appeared.
689	1:17:52.2	1:17:56.8		Old stoves were carried out of damaged houses, and set up on the kerb.
690	1:17:58.5	1:18:04.7		People built small shelters around them, out of boards, and old doors, and scraps of canvas.
691	1:18:06.5	1:18:14.0		And every evening, the streets filled with the smell of frying onions, and baking bread, and fresh coffee.
692	1:18:16.5	1:18:20.8		People being people, they soon began to decorate their street kitchens.
693	1:18:22.4	1:18:25.2		They gave them names, and painted signs.
694	1:18:26.7	1:18:29.2		One was called the Hotel de Fresh Air.
695	1:18:30.6	1:18:32.8		Another was called the Camp Contented.
696	1:18:34.2	1:18:41.4		And one family put up a sign that said, eat, drink and be merry, for tomorrow we may have to go to Oakland.
697	1:18:43.9	1:18:50.3		Neighbours ate together, and talked late into the evening, sitting on boxes and doorsteps under the stars.
698	1:18:52.1	1:18:58.4		Many people later said that, in spite of everything, they had never felt closer to the people around them.
699	1:19:00.7	1:19:06.0	relief-trains-supplies	Help began to arrive from all over the country, and from all over the world.
700	1:19:07.8	1:19:14.1		Trains rolled in, loaded with flour, and blankets, and tents, and medicine.
701	1:19:15.9	1:19:19.4		Ships sailed through the Golden Gate with food and supplies.
702	1:19:20.9	1:19:24.4		Cities across America collected money, and sent it west.
703	1:19:26.0	1:19:29.1		Help came from countries far across the ocean, too.
704	1:19:31.1	1:19:33.5		The post office did something rather lovely.
705	1:19:34.9	1:19:38.5		For a while, people were allowed to send letters without stamps.
706	1:19:40.1	1:19:42.2		And they wrote on whatever they could find.
707	1:19:43.6	1:19:50.0		Scraps of paper, pieces of cardboard, the backs of old envelopes, and even strips of cloth.
708	1:19:51.9	1:19:56.6		Just a few words, to tell their families far away that they were safe.
709	1:19:58.2	1:19:59.3		We are all well.
710	1:20:00.6	1:20:01.2		Don't worry.
711	1:20:02.5	1:20:03.5		Letters to follow.
712	1:20:04.8	1:20:08.3		And the post office delivered them, every one it could.
713	1:20:10.3	1:20:20.7	lottas-fountain-notes	Near Market Street, there was a tall cast iron fountain, which had been given to the city years before by a famous actress and singer named Lotta Crabtree.
714	1:20:23.0	1:20:27.0		It had come through the fire, and it became a meeting place.
715	1:20:28.6	1:20:36.4		People left notes there, pinned to boards, and tucked into the ironwork, for friends and relatives they had lost track of.
716	1:20:38.4	1:20:40.6		Looking for Mary, from Folsom Street.
717	1:20:42.0	1:20:43.6		Papa is at the Presidio.
718	1:20:44.9	1:20:46.0		All safe in Berkeley.
719	1:20:47.9	1:20:52.1	photographer-ruins-evening	Some people wrote about what they saw, and some people took photographs.
720	1:20:53.7	1:21:00.9		The author Jack London was living across the bay, and he came into the city to report on the fire for a magazine.
721	1:21:02.8	1:21:14.5		He wrote about the courage and calm of the people, and how, in all those long hours, he never saw anyone lose their temper, or turn against a neighbour.
722	1:21:17.4	1:21:21.9		A photographer named Arnold Genthe had lost his cameras when his studio burned.
723	1:21:23.5	1:21:31.0		So he went to a camera shop, which had been damaged, and the owner simply told him to take whatever he needed.
724	1:21:33.0	1:21:38.2		With his borrowed camera, Genthe walked through the city, taking pictures.
725	1:21:39.9	1:21:41.8		One of them became very famous.
726	1:21:43.2	1:21:52.2		It looks down a steep street, towards the smoke rising from the city below, with a few people standing quietly on the pavement, watching.
727	1:21:54.3	1:21:56.4		It is a strangely peaceful image.
728	1:21:57.8	1:22:01.7		Like a moment of stillness, in the middle of everything.
729	1:22:03.8	1:22:09.6		When people looked back on those days, many years later, they did not only remember the fire.
730	1:22:11.4	1:22:14.9		They remembered the street kitchens, and the tents in the park.
731	1:22:16.4	1:22:22.5		They remembered sharing a stove with the family next door, and hearing someone play a guitar in the evening.
732	1:22:24.3	1:22:30.2		They remembered that, for a little while, it did not matter who was rich and who was poor.
733	1:22:32.0	1:22:34.0		Everyone stood in the same bread line.
734	1:22:35.4	1:22:37.1		Everyone cooked in the same street.
735	1:22:39.0	1:22:46.4		And slowly, as the spring turned into summer, they began to talk about the future.
736	1:22:46.4	1:22:51.6	giannini-plank-wharf	Even before the fire was out, some people were already thinking about how to rebuild.
737	1:22:53.8	1:22:57.1		One of them was a young banker named Amadeo Giannini.
738	1:22:58.6	1:23:07.3		He was the son of Italian immigrants, and he had grown up in the city, working on the waterfront, selling fruit and vegetables with his stepfather.
739	1:23:09.4	1:23:15.8		Only two years before the earthquake, he had opened a small bank in North Beach, called the Bank of Italy.
740	1:23:17.6	1:23:19.9		It was a bank for ordinary working people.
741	1:23:21.4	1:23:30.5		Fishermen, and bakers, and shopkeepers, and labourers, people the big banks often did not want as customers.
742	1:23:33.1	1:23:37.1		On the morning of the earthquake, Giannini hurried to his bank.
743	1:23:38.7	1:23:45.7		As the fire came closer, he borrowed two wagons from his stepfather's produce business, with their horses.
744	1:23:47.6	1:23:59.7		He loaded the bank's gold and papers into the wagons, and then, it is said, he covered them with crates of oranges and vegetables, so that no one would guess what was underneath.
745	1:24:02.1	1:24:07.2		And he drove them out of the city, to his home, many miles to the south.
746	1:24:09.4	1:24:11.2		The other big banks were closed.
747	1:24:12.6	1:24:16.5		Their vaults were too hot to open, and would be for weeks.
748	1:24:18.1	1:24:22.4		But just a few days after the fire, Giannini was back on the waterfront.
749	1:24:24.0	1:24:28.3		He set up a plank of wood across two barrels, and made it his desk.
750	1:24:29.9	1:24:35.4		And there, in the open air, he began to lend money to people who wanted to rebuild.
751	1:24:37.7	1:24:39.8		He did not ask for much paperwork.
752	1:24:41.2	1:24:45.9		He looked people in the eye, and listened to their plans, and shook their hands.
753	1:24:47.6	1:24:49.6		A fisherman who needed a new boat.
754	1:24:51.0	1:24:52.8		A baker who needed a new oven.
755	1:24:54.1	1:24:56.6		A family who needed timber for a new house.
756	1:24:58.6	1:25:01.1		It is said that nearly everyone paid him back.
757	1:25:02.5	1:25:09.5		His little bank grew, and grew, and many years later, it would become one of the largest banks in the world.
758	1:25:11.4	1:25:18.0		But it began on a plank, beside the water, in a city that had just lost almost everything.
759	1:25:20.4	1:25:25.2	earthquake-cottages-green	As the months passed, the people living in tents needed something more solid.
760	1:25:26.9	1:25:31.7		Winter was coming, and the tents were cold and damp when the rain came.
761	1:25:33.9	1:25:38.2		So the city and the relief committees began to build small wooden cottages.
762	1:25:39.8	1:25:40.7		Thousands of them.
763	1:25:42.0	1:25:50.3		They were very simple, just one, two or three little rooms, with a door, a few windows, and a small stove inside.
764	1:25:52.3	1:26:00.3		And they were all painted the same dark green colour, the colour of park benches, so that they would blend in with the trees.
765	1:26:02.8	1:26:07.2		Rows and rows of these little green cottages appeared in the parks and squares.
766	1:26:08.9	1:26:14.7		Families moved in, and planted flowers by the doors, and hung curtains in the windows.
767	1:26:16.4	1:26:20.1		They paid a small rent, just a couple of dollars a month.
768	1:26:21.7	1:26:26.2		And when the camps finally closed, they were allowed to keep their cottage.
769	1:26:28.4	1:26:38.4		So people hired horses and wagons, and carried their little houses away, through the streets, to a piece of land somewhere in the city.
770	1:26:40.6	1:26:44.9		Some joined two or three cottages together, to make a bigger home.
771	1:26:46.6	1:26:51.2		Some added a porch, or a second storey, or a garden fence.
772	1:26:53.4	1:26:58.9		And some of these earthquake cottages are still standing today, more than a hundred years later.
773	1:27:00.6	1:27:08.3		If you know what to look for, you can find them, tucked away on quiet streets, hidden inside larger houses.
774	1:27:10.3	1:27:14.4		Small, humble, and still keeping people warm.
775	1:27:16.5	1:27:20.4	rebuilding-scaffolding-city	All across the burned part of the city, the rebuilding began.
776	1:27:22.0	1:27:25.2		First, the rubble had to be cleared away.
777	1:27:26.7	1:27:31.5		Mountains of broken bricks, and twisted iron, and ashes.
778	1:27:33.2	1:27:37.9		Horses and wagons carried it off, load after load, day after day.
779	1:27:39.5	1:27:46.0		Much of it was dumped along the edge of the bay, and some of the new land made from it can still be walked on today.
780	1:27:48.4	1:27:49.7		Then came the builders.
781	1:27:51.0	1:27:58.8		Carpenters, and bricklayers, and stonemasons arrived from all over the country, looking for work.
782	1:28:00.8	1:28:05.1		The sound of hammers and saws rang out across the city from morning till night.
783	1:28:06.7	1:28:14.6		New buildings rose on the old foundations, some of them stronger and grander than before, with steel frames inside them.
784	1:28:17.1	1:28:19.0		The work went astonishingly fast.
785	1:28:20.4	1:28:24.6		Within three years, much of the burned area had been rebuilt.
786	1:28:26.2	1:28:28.7		Visitors who came back could hardly believe it.
787	1:28:30.2	1:28:37.0		Streets that had been nothing but ashes were now lined with new shops, and offices, and hotels.
788	1:28:39.4	1:28:47.1		The Palace Hotel, which had survived the earthquake but not the fire, was rebuilt on the same spot.
789	1:28:49.0	1:28:57.6		Its great open court, where the carriages used to drive in, became a beautiful dining room, under a glass ceiling filled with soft light.
790	1:28:59.7	1:29:05.4		It is still there, and people still sit beneath that glass roof, and drink their tea.
791	1:29:07.7	1:29:11.6		San Francisco had burned before, in the days of the gold rush.
792	1:29:13.2	1:29:15.9		And each time, it had built itself up again.
793	1:29:17.3	1:29:24.7		The old phoenix on the city's seal, rising from the flames, had never seemed more fitting.
794	1:29:24.7	1:29:26.8	chinatown-rebuilding-pagoda	Not every part of the rebuilding was easy.
795	1:29:28.7	1:29:34.3		Before the fire, some powerful people in the city had long wanted Chinatown moved.
796	1:29:36.1	1:29:41.1		It stood on valuable land, close to the centre of the city, and they had their eye on it.
797	1:29:42.8	1:29:45.5		After the fire, they saw their chance.
798	1:29:47.0	1:29:53.3		There were plans to send the Chinese community away, to the far edge of the city, or even across the bay.
799	1:29:55.6	1:29:58.0		But the people of Chinatown had other ideas.
800	1:29:59.4	1:30:02.9		Many of them owned their land, or had long leases on it.
801	1:30:04.5	1:30:09.5		The government of China itself protested, and sent officials to speak for them.
802	1:30:11.2	1:30:21.0		And the merchants of Chinatown quietly made it clear that if they were forced to leave, their trade, and the money it brought to San Francisco, might leave with them.
803	1:30:23.7	1:30:26.8		In the end, the plans were given up.
804	1:30:28.3	1:30:35.8		And the people of Chinatown came home, and began to rebuild, on the same streets where they had lived before.
805	1:30:38.2	1:30:41.6	chinatown-new-rooftops	A businessman named Look Tin Eli had an idea.
806	1:30:43.2	1:30:46.3		What if the new Chinatown looked even more beautiful than the old one?
807	1:30:47.8	1:30:57.0		What if it looked like the China that visitors imagined, with curving roofs, and painted balconies, and little towers like pagodas?
808	1:30:59.6	1:31:07.3		So the new buildings were given upturned eaves, and roofs of green tiles, and railings painted in red and gold.
809	1:31:09.3	1:31:11.2		Lanterns were hung along the streets.
810	1:31:12.6	1:31:19.8		And visitors came to walk through it, and to eat in its restaurants, and to buy tea and silk in its shops.
811	1:31:22.2	1:31:32.0		The Chinatown that people visit today, with its colourful rooftops and busy markets, is largely the Chinatown that was built after nineteen hundred and six.
812	1:31:34.2	1:31:36.9		It was a way of saying, we are staying.
813	1:31:38.3	1:31:39.3		This is our home.
814	1:31:41.1	1:31:44.0	paper-sons-ship	The fire also changed many lives in a quieter way.
815	1:31:45.5	1:31:52.6		In those years, the laws of the United States made it very difficult for people from China to come and live in America.
816	1:31:54.5	1:31:56.4		But there was one important exception.
817	1:31:57.8	1:32:00.8		Anyone born in the United States was an American citizen.
818	1:32:02.3	1:32:07.7		And the children of American citizens could come to join them, even if they had been born in China.
819	1:32:10.0	1:32:15.5		The city's Hall of Records, with its birth certificates and papers, had been lost in the fire.
820	1:32:17.2	1:32:25.5		So when many Chinese men in San Francisco said that they had been born in the city, there was no way to prove that they had not.
821	1:32:27.5	1:32:29.0		They became citizens.
822	1:32:30.4	1:32:35.7		And then, in the years that followed, they could send for their children from China.
823	1:32:37.9	1:32:40.3		Sometimes those were real sons and daughters.
824	1:32:41.8	1:32:49.6		And sometimes they were young people from the same village, or the children of friends, who took on a new family name for the journey.
825	1:32:51.5	1:32:58.4		People came to call them paper sons, and paper daughters, because their family ties existed only on paper.
826	1:33:00.8	1:33:06.2		Before they sailed, they studied thick books of questions and answers about their new families.
827	1:33:08.0	1:33:10.0		How many windows were in the family home?
828	1:33:11.4	1:33:13.4		Where did the family keep the rice?
829	1:33:14.8	1:33:16.4		Which way did the front door face?
830	1:33:17.7	1:33:22.4		They memorised every detail, on the long voyage across the Pacific.
831	1:33:24.6	1:33:30.5	angel-island-hills	When they arrived, many of them waited on an island in the bay, called Angel Island.
832	1:33:32.3	1:33:38.8		It is a green, hilly island, with views of the Golden Gate, and the city in the distance.
833	1:33:40.6	1:33:46.7		There, they were questioned by officials, sometimes for weeks, or even months.
834	1:33:49.1	1:33:54.4		While they waited, some of them wrote poems on the wooden walls of the buildings where they stayed.
835	1:33:56.1	1:34:01.3		Poems about the long journey, and about homesickness, and about the sea.
836	1:34:03.0	1:34:08.7		Many of those poems are still there, carved into the wood, and people still come to read them.
837	1:34:11.0	1:34:16.2		In the end, many thousands of families began their lives in America in this way.
838	1:34:17.9	1:34:32.9		Their children, and grandchildren, and great-grandchildren became doctors, and teachers, and builders, and cooks, and shopkeepers, all over the country.
839	1:34:35.6	1:34:43.0		And many of them can trace their story back to a single morning in April, and to a fire that burned a building full of papers.
840	1:34:44.9	1:34:50.6		Out of something so sad, something new and hopeful had grown.
841	1:34:50.6	1:34:56.0	new-city-hall-dome	Nine years after the earthquake, San Francisco was ready to show the world what it had done.
842	1:34:58.2	1:35:07.9		In the middle of the city, a new City Hall had risen, with a great dome of grey and gold, even taller than the dome of the Capitol in Washington.
843	1:35:10.1	1:35:17.2		Its marble staircase swept up beneath the dome, wide and graceful, lit by tall windows.
844	1:35:19.1	1:35:21.7		The old City Hall had been lost in the earthquake.
845	1:35:23.2	1:35:28.4		This new one was meant to say that San Francisco was back, and prouder than ever.
846	1:35:30.6	1:35:32.7		And there was even more to celebrate.
847	1:35:34.1	1:35:41.8		Far away in Central America, a great canal had just been opened, across the narrow strip of land at Panama.
848	1:35:43.8	1:35:51.1		Ships could now sail from the Atlantic to the Pacific without making the long, stormy journey around South America.
849	1:35:53.0	1:35:55.6		So San Francisco decided to hold a world's fair.
850	1:35:57.6	1:36:01.1	exposition-1915-palaces	They called it the Panama-Pacific International Exposition.
851	1:36:02.6	1:36:09.5		It was built on the shore of the bay, on land that had once been marshes and tidal flats, near the Presidio.
852	1:36:11.4	1:36:15.4		In just a few years, an entire dream city was built there.
853	1:36:17.5	1:36:21.7		There were great exhibition palaces, painted in soft colours.
854	1:36:23.3	1:36:30.1		Warm ivory, and pale pink, and sea green, and the gentle orange of a sunset.
855	1:36:32.0	1:36:39.6		There were courtyards with fountains, and gardens full of flowers, and long avenues lined with palm trees.
856	1:36:42.1	1:36:44.3		People came from all over the world to see it.
857	1:36:45.7	1:36:52.8		Countries built their own pavilions, and filled them with their art, and their inventions, and their foods.
858	1:36:54.7	1:37:00.7		There was a working model of the Panama Canal, which visitors could watch from a moving platform.
859	1:37:02.5	1:37:08.8		And there was a car factory, where visitors could watch new motor cars being put together, one after another.
860	1:37:11.1	1:37:13.8	tower-of-jewels-night	At the centre of it all stood the Tower of Jewels.
861	1:37:15.3	1:37:19.3		It was a tall tower, rising in tiers like a wedding cake.
862	1:37:20.9	1:37:29.7		And it was covered in more than a hundred thousand pieces of coloured cut glass, hanging from little wires, so that they could move in the breeze.
863	1:37:32.3	1:37:35.6		By day, the glass sparkled in the sunshine.
864	1:37:37.1	1:37:42.7		And at night, the tower was lit by powerful searchlights, in many different colours.
865	1:37:44.5	1:37:49.9		The glass jewels shimmered and trembled, casting little points of light all around.
866	1:37:51.6	1:37:54.9		People said it was like standing beneath a tower of stars.
867	1:37:56.9	1:38:04.7		On foggy nights, the searchlights shone up into the mist, and painted the sky in great soft beams of colour.
868	1:38:06.7	1:38:09.2		Many visitors had never seen anything like it.
869	1:38:10.7	1:38:17.3		Electric light was still something new and magical, and here it was, turning a whole city into a dream.
870	1:38:19.6	1:38:21.8	palace-of-fine-arts-lagoon	Almost all of the exposition was temporary.
871	1:38:23.2	1:38:31.2		The buildings were made of wood and plaster, and when the fair closed, at the end of the year, they were taken down, one by one.
872	1:38:33.2	1:38:37.3		But one of them was so loved that the people of the city could not bear to lose it.
873	1:38:39.4	1:38:42.0		It was called the Palace of Fine Arts.
874	1:38:43.5	1:38:52.5		It was designed by an architect named Bernard Maybeck, who wanted it to feel like an old Roman ruin, gently fading beside a quiet lake.
875	1:38:54.6	1:39:00.7		There is a great open rotunda, like a dome without walls, held up by tall columns.
876	1:39:02.5	1:39:12.2		And around it, a curving row of columns, with sad, graceful figures on top, looking down into flower boxes.
877	1:39:14.9	1:39:23.9		The rotunda stands beside a still lagoon, where swans and ducks glide slowly across the water, and willow trees trail their branches.
878	1:39:26.0	1:39:29.2		Over the years, the plaster began to crumble.
879	1:39:30.7	1:39:41.2		So, many years later, the people of San Francisco raised the money to rebuild it, this time in stronger materials, so that it could last.
880	1:39:44.0	1:39:45.2		It is still there today.
881	1:39:46.5	1:39:53.2		People come to sit by the water, and feed the ducks, and take wedding photographs beneath the dome.
882	1:39:55.0	1:39:57.7		It is one of the most peaceful places in the whole city.
883	1:39:59.2	1:40:06.0		And it is a quiet reminder of the year when San Francisco invited the whole world to come and see how it had risen again.
884	1:40:08.4	1:40:17.9		When the exposition opened, a little less than nine years after the fire, it would have been hard for a visitor to believe that most of the city had once been ashes.
885	1:40:20.0	1:40:21.1		The streets were busy.
886	1:40:22.5	1:40:26.6		The cable cars were running again, climbing the hills with their bells ringing.
887	1:40:28.2	1:40:35.4		And in the evenings, the fog still came rolling in through the Golden Gate, just as it always had.
888	1:40:35.4	1:40:41.9	geologists-fence-offset	While the city was being rebuilt, a group of scientists set out to understand what had happened beneath it.
889	1:40:44.2	1:40:53.4		Just a few days after the earthquake, the governor of California asked Andrew Lawson, the geologist from Berkeley, to lead a special commission.
890	1:40:55.5	1:40:59.4		Its task was simple to describe, and very hard to do.
891	1:41:01.0	1:41:05.4		To find out exactly what had happened on that April morning, and why.
892	1:41:07.6	1:41:10.9		So Lawson and his colleagues set out into the countryside.
893	1:41:12.4	1:41:20.6		They travelled on horseback, and on foot, and by wagon, following the line of the fault for hundreds of miles.
894	1:41:22.6	1:41:28.5		They measured broken fences, and shifted roads, and twisted railway lines.
895	1:41:30.3	1:41:38.9		They talked to farmers, and lighthouse keepers, and ranchers, asking them what they had felt, and heard, and seen.
896	1:41:41.5	1:41:50.1		They found that the fault had torn open along almost three hundred miles, from south of San Francisco all the way to the northern coast.
897	1:41:52.1	1:41:59.8		In places, they could see a long narrow crack running across the fields, like a seam in the earth.
898	1:42:01.8	1:42:08.9		And they found that the land on the western side had moved to the northwest, sometimes by more than fifteen feet.
899	1:42:11.3	1:42:14.5	scientist-study-maps	They collected thousands of reports from all over California.
900	1:42:16.0	1:42:17.9		Where had the shaking been strongest?
901	1:42:19.3	1:42:22.9		Which buildings had stood firm, and which had fallen?
902	1:42:24.5	1:42:28.4		On the map, they coloured in the places where the damage had been worst.
903	1:42:30.0	1:42:32.0		And they noticed something important.
904	1:42:33.9	1:42:36.7		The worst damage was often on soft ground.
905	1:42:38.1	1:42:45.3		On land made by filling in marshes and shallow bays, like the old gold rush waterfront in San Francisco.
906	1:42:47.2	1:42:53.2		Buildings standing on solid rock, on the hills, had often come through much better.
907	1:42:55.1	1:43:00.2		The ground beneath your feet, it turned out, mattered just as much as the building itself.
908	1:43:02.4	1:43:07.1		After two years of work, the commission published its report.
909	1:43:08.7	1:43:14.4		It was a huge book, filled with maps, and photographs, and careful measurements.
910	1:43:16.2	1:43:20.6		And it is still considered one of the most important studies of an earthquake ever made.
911	1:43:22.7	1:43:27.4		One of the scientists who worked on it was a quiet professor named Harry Fielding Reid.
912	1:43:29.1	1:43:32.6		He looked at all those measurements, and he had an idea.
913	1:43:34.2	1:43:43.1		He imagined the rock along the fault slowly bending, year after year, as the land on each side was dragged in different directions.
914	1:43:45.2	1:43:49.8		Storing up energy, like a stretched spring, or a bent stick.
915	1:43:51.4	1:43:54.8		Until at last it broke, and snapped back.
916	1:43:56.9	1:43:59.5		He called this the theory of elastic rebound.
917	1:44:00.9	1:44:07.7		It is the same idea we met earlier in our story, and it is still how scientists understand earthquakes today.
918	1:44:09.6	1:44:16.5		It all began with fences, and roads, and careful notebooks, on the green hills of California.
919	1:44:18.9	1:44:23.7	seismograph-observatory	In the years that followed, scientists built instruments to listen to the ground.
920	1:44:25.4	1:44:27.0		They were called seismographs.
921	1:44:28.3	1:44:36.5		The earliest ones had a heavy weight hanging from a frame, and a fine needle that traced a line on a turning drum of paper.
922	1:44:38.5	1:44:44.5		When the ground moved, the frame moved with it, but the heavy weight stayed almost still.
923	1:44:46.3	1:44:50.1		And the needle drew a wavy line, a picture of the shaking.
924	1:44:52.2	1:44:59.2		Today, there are many thousands of these instruments all over the world, far more sensitive than the old ones.
925	1:45:01.1	1:45:04.8		In California, they listen to the ground day and night.
926	1:45:06.4	1:45:09.5		They hear tiny tremors that no person could ever feel.
927	1:45:11.0	1:45:17.8		And they help engineers design buildings, and bridges, and pipes that can bend and sway, instead of breaking.
928	1:45:20.2	1:45:22.4		San Francisco learned its lessons too.
929	1:45:23.8	1:45:29.2		Soon after the fire, the city built a special water system just for fighting fires.
930	1:45:30.9	1:45:35.9		It had its own reservoirs, high on the hills, and its own strong pipes.
931	1:45:37.6	1:45:41.0		It had pumping stations that could take water straight from the bay.
932	1:45:42.6	1:45:52.7		And beneath many of the city's crossroads, new underground cisterns were built, great round tanks full of water, waiting quietly, just in case.
933	1:45:54.9	1:46:02.8		If you look down at the street in San Francisco, you can sometimes see a circle of bricks in the pavement, marking where one of them lies.
934	1:46:05.3	1:46:09.9	lottas-fountain-dawn	And every year, on the eighteenth of April, the city remembers.
935	1:46:12.0	1:46:18.5		Very early in the morning, before sunrise, people gather at Lotta's Fountain, on Market Street.
936	1:46:20.4	1:46:25.8		The same tall iron fountain, where people once left notes for their lost friends and families.
937	1:46:28.0	1:46:33.0		For many years, some of the people who came were survivors of the earthquake themselves.
938	1:46:34.7	1:46:36.8		At first, there were many of them.
939	1:46:38.2	1:46:43.2		Then, as the years passed, there were fewer and fewer.
940	1:46:44.9	1:46:54.0		Grandmothers and grandfathers, some in wheelchairs, who had been small children on that April morning, wrapped in blankets on the pavement.
941	1:46:56.2	1:46:60.0		They told their stories, and they were given a place of honour.
942	1:47:02.0	1:47:05.0		Now, the last of them have gone.
943	1:47:06.5	1:47:07.8		But the people still come.
944	1:47:09.2	1:47:15.1		Some wear old-fashioned clothes, long skirts and bowler hats, just like in the photographs.
945	1:47:16.9	1:47:19.9		There are speeches, and a few quiet words.
946	1:47:21.4	1:47:28.9		And at twelve minutes past five, as the sky begins to grow light over the bay, sirens sound across the city.
947	1:47:30.8	1:47:32.8		And then there is a moment of silence.
948	1:47:34.7	1:47:41.0		Afterwards, some people walk to the little hydrant on Church Street, and paint it gold again.
949	1:47:42.8	1:47:46.4		And then they go and have breakfast, together.
950	1:47:46.4	1:47:51.3	golden-gate-bridge-fog-evening	Let's end our story with a quiet walk through San Francisco, as it is today.
951	1:47:53.5	1:47:56.2		It is evening, and the fog is coming in.
952	1:47:57.7	1:48:06.9		Out by the Golden Gate, it rolls in low over the water, and wraps itself around the tall red towers of the bridge that now crosses the strait.
953	1:48:09.0	1:48:13.7		Only the tops of the towers show above it, glowing softly in the last of the light.
954	1:48:15.8	1:48:19.2		Far below, the foghorns begin to call.
955	1:48:20.8	1:48:22.1		One low note.
956	1:48:23.4	1:48:26.2		Then another, a little further away.
957	1:48:27.7	1:48:36.2		The same sound that people heard in eighteen forty nine, and in nineteen hundred and six, and every foggy evening since.
958	1:48:38.7	1:48:45.1	cable-car-evening-hill	Up on the hills, a cable car is climbing slowly, its bell ringing clear through the mist.
959	1:48:47.0	1:48:48.5		It is almost empty now.
960	1:48:49.8	1:48:56.2		Just a few people riding home, holding on to the brass poles, watching the lights of the city slide past.
961	1:48:58.1	1:49:03.9		Beneath the street, the cable is still humming, just as it did more than a hundred years ago.
962	1:49:06.1	1:49:10.8		Let's walk down Market Street, past the tall buildings with their windows glowing.
963	1:49:12.4	1:49:16.1		Past Lotta's Fountain, standing quietly on its corner.
964	1:49:17.7	1:49:23.8		Past the Palace Hotel, where Enrico Caruso once looked out of his window on a spring morning.
965	1:49:25.6	1:49:29.8		Down to the Ferry Building, its clock tower lit up against the evening sky.
966	1:49:31.9	1:49:33.8		The ferries are still crossing the bay.
967	1:49:35.2	1:49:42.3		Their lights move slowly over the dark water, towards Oakland, and Sausalito, and the other shores.
968	1:49:44.2	1:49:46.5		Gulls rest on the posts of the piers.
969	1:49:47.9	1:49:52.2		A sea lion barks somewhere out in the harbour, and then is quiet.
970	1:49:54.4	1:50:02.2	victorian-houses-night-fog	In the neighbourhoods on the hills, the old wooden houses are painted in soft colours, blue and yellow and pale green.
971	1:50:04.1	1:50:06.0		Some of them were built after the fire.
972	1:50:07.4	1:50:15.4		Some of them are much older, and came through that week in April, standing on the far side of Van Ness Avenue, or at the top of Telegraph Hill.
973	1:50:17.4	1:50:27.8		And somewhere, tucked behind a newer house, there is a small green cottage, that once stood in a row with thousands of others in Golden Gate Park.
974	1:50:30.6	1:50:36.5		In the Mission district, the old adobe church of Mission Dolores rests in the dark.
975	1:50:38.3	1:50:44.2		Its thick clay walls have stood through more than two hundred years, and through two great earthquakes.
976	1:50:46.0	1:50:50.1		In the little garden beside it, the roses are closed for the night.
977	1:50:52.2	1:50:56.1		Out in Golden Gate Park, the trees are dripping softly with fog.
978	1:50:57.7	1:51:00.8		The old Dutch windmill stands still against the grey sky.
979	1:51:02.3	1:51:04.3		The buffalo are resting in their paddock.
980	1:51:05.7	1:51:14.0		And on the lawns where the tents once stood, there is nothing but grass, and the quiet sound of the ocean, just beyond the trees.
981	1:51:16.5	1:51:21.8	palace-fine-arts-night-swans	At the Palace of Fine Arts, the great dome is lit with a soft golden light.
982	1:51:23.5	1:51:29.1		It is reflected in the still water of the lagoon, trembling a little when a swan glides past.
983	1:51:30.9	1:51:32.5		It is very peaceful here.
984	1:51:33.9	1:51:37.1		A place built to celebrate a city that had risen again.
985	1:51:39.1	1:51:47.5		Deep beneath all of it, the two great plates of the Earth are still moving, slowly, patiently, side by side.
986	1:51:49.5	1:51:51.8		About as fast as your fingernails grow.
987	1:51:53.2	1:51:55.1		The people of San Francisco know this.
988	1:51:56.5	1:52:04.3		They have learned to build for it, and to prepare for it, and then, mostly, to get on with their lives.
989	1:52:06.3	1:52:08.5		Just as the people of this city always have.
990	1:52:10.4	1:52:11.5	city-lights-bay-night	It is late now.
991	1:52:12.8	1:52:16.7		The lights of the city are going out, one window at a time.
992	1:52:18.3	1:52:24.5		The fog has settled over everything, soft and grey, like a blanket pulled up over the hills.
993	1:52:26.4	1:52:32.0		The foghorns call, slow and steady, out across the water.
994	1:52:34.2	1:52:35.7		Let the sound carry you.
995	1:52:37.1	1:52:38.2		Let the city rest.
996	1:52:39.5	1:52:43.5		It has been through so much, and it has always come back.
997	1:52:45.1	1:52:46.9		It will still be here in the morning.
998	1:52:48.8	1:52:58.4		And for now, there is nothing more to do, except to listen to the foghorns, and to let your eyes close, and to drift away.
999	1:53:01.1	1:53:01.5		Goodnight.
